region_id,n_stations,centre_lat,centre_lon,laea_proj4,res_m,x_min,y_min,x_max,y_max,width_px,height_px,width_km,height_km,n_cells,dem_gb,lat_min,lat_max,lon_min,lon_max,n_glo30_tiles,glo30_tiles,antimeridian,crosses_lat_band,buffer_km,linkage_km
0,146,39.837636,-111.602418,+proj=laea +lat_0=39.837636 +lon_0=-111.602418 +x_0=0 +y_0=0 +datum=WGS84 +units=m +no_defs,30.0,-218070.0,-304770.0,202080.0,256860.0,14005,18721,420.15,561.63,262187605,1.049,37.065456,42.150777,-114.239419,-109.158689,36,N37W115;N37W114;N37W113;N37W112;N37W111;N37W110;N38W115;N38W114;N38W113;N38W112;N38W111;N38W110;N39W115;N39W114;N39W113;N39W112;N39W111;N39W110;N40W115;N40W114;N40W113;N40W112;N40W111;N40W110;N41W115;N41W114;N41W113;N41W112;N41W111;N41W110;N42W115;N42W114;N42W113;N42W112;N42W111;N42W110,False,False,10.0,50.0
1,40,40.03603,-106.328804,+proj=laea +lat_0=40.036030 +lon_0=-106.328804 +x_0=0 +y_0=0 +datum=WGS84 +units=m +no_defs,30.0,-88800.0,-182910.0,77730.0,163110.0,5551,11534,166.53,346.02,64025234,0.256,38.383944,41.504896,-107.392246,-105.397925,12,N38W108;N38W107;N38W106;N39W108;N39W107;N39W106;N40W108;N40W107;N40W106;N41W108;N41W107;N41W106,False,False,10.0,50.0
2,40,30.332779,-98.763345,+proj=laea +lat_0=30.332779 +lon_0=-98.763345 +x_0=0 +y_0=0 +datum=WGS84 +units=m +no_defs,30.0,-29100.0,-29640.0,25830.0,25380.0,1831,1834,54.93,55.02,3358054,0.013,30.065058,30.561717,-99.066663,-98.494111,2,N30W100;N30W099,False,False,10.0,50.0
3,33,38.877486,-119.898625,+proj=laea +lat_0=38.877486 +lon_0=-119.898625 +x_0=0 +y_0=0 +datum=WGS84 +units=m +no_defs,30.0,-51600.0,-100230.0,78720.0,79200.0,4344,5981,130.32,179.43,25981464,0.104,37.971099,39.590881,-120.499288,-118.98228,9,N37W121;N37W120;N37W119;N38W121;N38W120;N38W119;N39W121;N39W120;N39W119,False,False,10.0,50.0
4,19,36.150429,-105.934708,+proj=laea +lat_0=36.150429 +lon_0=-105.934708 +x_0=0 +y_0=0 +datum=WGS84 +units=m +no_defs,30.0,-92220.0,-60300.0,76380.0,128880.0,5620,6306,168.6,189.18,35439720,0.142,35.602653,37.311829,-106.974908,-105.073168,6,N35W107;N35W106;N36W107;N36W106;N37W107;N37W106,False,False,10.0,50.0
5,18,41.32725,-5.398411,+proj=laea +lat_0=41.327250 +lon_0=-5.398411 +x_0=0 +y_0=0 +datum=WGS84 +units=m +no_defs,30.0,-27360.0,-25710.0,25680.0,25410.0,1768,1704,53.04,51.12,3012672,0.012,41.09529,41.556041,-5.72637,-5.09059,1,N41W006,False,False,10.0,50.0
6,17,36.608816,-97.524043,+proj=laea +lat_0=36.608816 +lon_0=-97.524043 +x_0=0 +y_0=0 +datum=WGS84 +units=m +no_defs,30.0,-79290.0,-93960.0,52200.0,78390.0,4383,5745,131.49,172.35,25180335,0.101,35.758812,37.315188,-98.418482,-96.935188,9,N35W099;N35W098;N35W097;N36W099;N36W098;N36W097;N37W099;N37W098;N37W097,False,False,10.0,50.0
7,16,52.480125,13.458725,+proj=laea +lat_0=52.480125 +lon_0=13.458725 +x_0=0 +y_0=0 +datum=WGS84 +units=m +no_defs,30.0,-34080.0,-45780.0,56670.0,28380.0,3025,2472,90.75,74.16,7477800,0.03,52.065802,52.735161,12.954201,14.297651,3,N52E012;N52E013;N52E014,False,False,10.0,50.0
8,14,41.681326,-115.695863,+proj=laea +lat_0=41.681326 +lon_0=-115.695863 +x_0=0 +y_0=0 +datum=WGS84 +units=m +no_defs,30.0,-65130.0,-61350.0,68550.0,48150.0,4456,3650,133.68,109.5,16264400,0.065,41.126026,42.114834,-116.483362,-114.867014,6,N41W117;N41W116;N41W115;N42W117;N42W116;N42W115,False,False,10.0,50.0
9,14,42.230699,1.248109,+proj=laea +lat_0=42.230699 +lon_0=1.248109 +x_0=0 +y_0=0 +datum=WGS84 +units=m +no_defs,30.0,-45060.0,-58560.0,96660.0,50820.0,4724,3646,141.72,109.38,17223704,0.069,41.697587,42.688201,0.698291,2.427495,6,N41E000;N41E001;N41E002;N42E000;N42E001;N42E002,False,False,10.0,50.0
10,13,67.33943,26.67254,+proj=laea +lat_0=67.339430 +lon_0=26.672540 +x_0=0 +y_0=0 +datum=WGS84 +units=m +no_defs,30.0,-13170.0,-31950.0,14430.0,16140.0,920,1603,27.6,48.09,1474760,0.006,67.052601,67.484148,26.364479,27.010073,2,N67E026;N67E027,False,False,10.0,50.0
11,10,38.033953,-109.300444,+proj=laea +lat_0=38.033953 +lon_0=-109.300444 +x_0=0 +y_0=0 +datum=WGS84 +units=m +no_defs,30.0,-27570.0,-76320.0,26340.0,60900.0,1797,4574,53.91,137.22,8219478,0.033,37.345915,38.582595,-109.616849,-108.998155,4,N37W110;N37W109;N38W110;N38W109,False,False,10.0,50.0
12,10,37.618183,-107.518937,+proj=laea +lat_0=37.618183 +lon_0=-107.518937 +x_0=0 +y_0=0 +datum=WGS84 +units=m +no_defs,30.0,-98490.0,-50940.0,97110.0,52530.0,6520,3449,195.6,103.47,22487480,0.09,37.153997,38.091456,-108.64161,-106.411993,6,N37W109;N37W108;N37W107;N38W109;N38W108;N38W107,False,False,10.0,50.0
13,10,43.853883,-114.543278,+proj=laea +lat_0=43.853883 +lon_0=-114.543278 +x_0=0 +y_0=0 +datum=WGS84 +units=m +no_defs,30.0,-83250.0,-48450.0,96990.0,61320.0,6008,3659,180.24,109.77,21983272,0.088,43.411524,44.40575,-115.588305,-113.325795,6,N43W116;N43W115;N43W114;N44W116;N44W115;N44W114,False,False,10.0,50.0
14,10,34.721871,-86.497878,+proj=laea +lat_0=34.721871 +lon_0=-86.497878 +x_0=0 +y_0=0 +datum=WGS84 +units=m +no_defs,30.0,-47250.0,-69540.0,60480.0,57450.0,3591,4233,107.73,126.99,15200703,0.061,34.093227,35.239722,-87.016975,-85.833437,6,N34W088;N34W087;N34W086;N35W088;N35W087;N35W086,False,False,10.0,50.0
15,9,36.359972,-115.672106,+proj=laea +lat_0=36.359972 +lon_0=-115.672106 +x_0=0 +y_0=0 +datum=WGS84 +units=m +no_defs,30.0,-42480.0,-32700.0,53010.0,40500.0,3183,2440,95.49,73.2,7766520,0.031,36.063834,36.72494,-116.147631,-115.07871,2,N36W117;N36W116,False,False,10.0,50.0
16,9,50.731495,6.239853,+proj=laea +lat_0=50.731495 +lon_0=6.239853 +x_0=0 +y_0=0 +datum=WGS84 +units=m +no_defs,30.0,-53820.0,-58560.0,25890.0,39810.0,2657,3279,79.71,98.37,8712303,0.035,50.202604,51.089351,5.471719,6.609372,4,N50E005;N50E006;N51E005;N51E006,False,False,10.0,50.0
17,8,31.73827,-110.293973,+proj=laea +lat_0=31.738270 +lon_0=-110.293973 +x_0=0 +y_0=0 +datum=WGS84 +units=m +no_defs,30.0,-65310.0,-27480.0,44490.0,20490.0,3660,1599,109.8,47.97,5852340,0.023,31.488589,31.923058,-110.984549,-109.823542,2,N31W111;N31W110,False,False,10.0,50.0
18,8,40.683439,-115.309952,+proj=laea +lat_0=40.683439 +lon_0=-115.309952 +x_0=0 +y_0=0 +datum=WGS84 +units=m +no_defs,30.0,-30720.0,-56400.0,29190.0,39840.0,1997,3208,59.91,96.24,6406376,0.026,40.174964,41.042194,-115.675306,-114.962794,4,N40W116;N40W115;N41W116;N41W115,False,False,10.0,50.0
19,8,38.102976,-121.641691,+proj=laea +lat_0=38.102976 +lon_0=-121.641691 +x_0=0 +y_0=0 +datum=WGS84 +units=m +no_defs,30.0,-44370.0,-22410.0,23610.0,26070.0,2266,1616,67.98,48.48,3661856,0.015,37.899998,38.33784,-122.149187,-121.371643,4,N37W123;N37W122;N38W123;N38W122,False,False,10.0,50.0
20,8,52.251836,6.663937,+proj=laea +lat_0=52.251836 +lon_0=6.663937 +x_0=0 +y_0=0 +datum=WGS84 +units=m +no_defs,30.0,-27990.0,-31650.0,31440.0,29730.0,1981,2046,59.43,61.38,4053126,0.016,51.966503,52.519014,6.251605,7.127091,4,N51E006;N51E007;N52E006;N52E007,False,False,10.0,50.0
21,7,34.435689,-106.55505,+proj=laea +lat_0=34.435689 +lon_0=-106.555050 +x_0=0 +y_0=0 +datum=WGS84 +units=m +no_defs,30.0,-41580.0,-22290.0,74880.0,48420.0,3882,2357,116.46,70.71,9149874,0.037,34.232057,34.872167,-107.009815,-105.736088,3,N34W108;N34W107;N34W106,False,False,10.0,50.0
22,7,39.236791,-114.569334,+proj=laea +lat_0=39.236791 +lon_0=-114.569334 +x_0=0 +y_0=0 +datum=WGS84 +units=m +no_defs,30.0,-44550.0,-36300.0,42330.0,46800.0,2896,2770,86.88,83.1,8021920,0.032,38.908683,39.658324,-115.088444,-114.076092,4,N38W116;N38W115;N39W116;N39W115,False,False,10.0,50.0
23,7,43.021528,-116.746031,+proj=laea +lat_0=43.021528 +lon_0=-116.746031 +x_0=0 +y_0=0 +datum=WGS84 +units=m +no_defs,30.0,-23760.0,-57900.0,26460.0,40800.0,1674,3290,50.22,98.7,5507460,0.022,42.499867,43.388777,-117.039269,-116.41947,4,N42W118;N42W117;N43W118;N43W117,False,False,10.0,50.0
24,7,51.618669,-1.214186,+proj=laea +lat_0=51.618669 +lon_0=-1.214186 +x_0=0 +y_0=0 +datum=WGS84 +units=m +no_defs,30.0,-71610.0,-66510.0,68790.0,65610.0,4680,4404,140.4,132.12,20610720,0.082,51.016378,52.208344,-2.261656,-0.207961,6,N51W003;N51W002;N51W001;N52W003;N52W002;N52W001,False,False,10.0,50.0
25,7,43.386198,3.241312,+proj=laea +lat_0=43.386198 +lon_0=3.241312 +x_0=0 +y_0=0 +datum=WGS84 +units=m +no_defs,30.0,-69180.0,-58230.0,79500.0,56910.0,4956,3838,148.68,115.14,19021128,0.076,42.857905,43.898419,2.380296,4.230761,6,N42E002;N42E003;N42E004;N43E002;N43E003;N43E004,False,False,10.0,50.0
26,6,34.7384,-111.472112,+proj=laea +lat_0=34.738400 +lon_0=-111.472112 +x_0=0 +y_0=0 +datum=WGS84 +units=m +no_defs,30.0,-23280.0,-42510.0,19350.0,36750.0,1421,2642,42.63,79.26,3754282,0.015,34.354932,35.069665,-111.727342,-111.259968,2,N34W112;N35W112,False,False,10.0,50.0
27,6,33.637396,-102.800977,+proj=laea +lat_0=33.637396 +lon_0=-102.800977 +x_0=0 +y_0=0 +datum=WGS84 +units=m +no_defs,30.0,-88230.0,-22380.0,81870.0,46440.0,5670,2294,170.1,68.82,13006980,0.052,33.431992,34.05608,-103.7566,-101.914237,6,N33W104;N33W103;N33W102;N34W104;N34W103;N34W102,False,False,10.0,50.0
28,6,43.521922,1.3454,+proj=laea +lat_0=43.521922 +lon_0=1.345400 +x_0=0 +y_0=0 +datum=WGS84 +units=m +no_defs,30.0,-48120.0,-47730.0,54420.0,44820.0,3418,3085,102.54,92.55,10544530,0.042,43.090348,43.92532,0.746215,2.023029,3,N43E000;N43E001;N43E002,False,False,10.0,50.0
29,5,32.585608,-106.704409,+proj=laea +lat_0=32.585608 +lon_0=-106.704409 +x_0=0 +y_0=0 +datum=WGS84 +units=m +no_defs,30.0,-24090.0,-14340.0,20640.0,14250.0,1491,953,44.73,28.59,1420923,0.006,32.456038,32.714104,-106.961358,-106.484258,1,N32W107,False,False,10.0,50.0
30,5,65.261907,-146.153711,+proj=laea +lat_0=65.261907 +lon_0=-146.153711 +x_0=0 +y_0=0 +datum=WGS84 +units=m +no_defs,30.0,-38370.0,-31680.0,45480.0,36300.0,2795,2266,83.85,67.98,6333470,0.025,64.974659,65.587472,-146.985311,-145.168037,4,N64W147;N64W146;N65W147;N65W146,False,False,10.0,50.0
31,5,55.979523,9.091666,+proj=laea +lat_0=55.979523 +lon_0=9.091666 +x_0=0 +y_0=0 +datum=WGS84 +units=m +no_defs,30.0,-24180.0,-18690.0,19200.0,18150.0,1446,1228,43.38,36.84,1775688,0.007,55.811055,56.142533,8.702694,9.400528,4,N55E008;N55E009;N56E008;N56E009,False,False,10.0,50.0
32,5,52.408805,0.751461,+proj=laea +lat_0=52.408805 +lon_0=0.751461 +x_0=0 +y_0=0 +datum=WGS84 +units=m +no_defs,30.0,-33600.0,-46050.0,30330.0,34410.0,2131,2682,63.93,80.46,5715342,0.023,51.993934,52.718032,0.254239,1.200294,4,N51E000;N51E001;N52E000;N52E001,False,False,10.0,50.0
33,5,44.477932,-0.7729,+proj=laea +lat_0=44.477932 +lon_0=-0.772900 +x_0=0 +y_0=0 +datum=WGS84 +units=m +no_defs,30.0,-25710.0,-47850.0,26670.0,45810.0,1746,3122,52.38,93.66,5451012,0.022,44.046821,44.890171,-1.098348,-0.4353,2,N44W002;N44W001,False,False,10.0,50.0
34,5,44.498808,4.232991,+proj=laea +lat_0=44.498808 +lon_0=4.232991 +x_0=0 +y_0=0 +datum=WGS84 +units=m +no_defs,30.0,-28920.0,-41880.0,37620.0,37260.0,2218,2638,66.54,79.14,5851084,0.023,44.120945,44.834107,3.867264,4.708738,2,N44E003;N44E004,False,False,10.0,50.0
35,4,42.487729,-110.867685,+proj=laea +lat_0=42.487729 +lon_0=-110.867685 +x_0=0 +y_0=0 +datum=WGS84 +units=m +no_defs,30.0,-35700.0,-35820.0,33750.0,41850.0,2315,2589,69.45,77.67,5993535,0.024,42.164444,42.864465,-111.304534,-110.454697,2,N42W112;N42W111,False,False,10.0,50.0
36,4,44.122758,-110.710585,+proj=laea +lat_0=44.122758 +lon_0=-110.710585 +x_0=0 +y_0=0 +datum=WGS84 +units=m +no_defs,30.0,-28620.0,-49260.0,21780.0,38520.0,1680,2926,50.4,87.78,4915680,0.02,43.678863,44.469418,-111.070257,-110.436872,4,N43W112;N43W111;N44W112;N44W111,False,False,10.0,50.0
37,4,39.2698,-123.129126,+proj=laea +lat_0=39.269800 +lon_0=-123.129126 +x_0=0 +y_0=0 +datum=WGS84 +units=m +no_defs,30.0,-14100.0,-21150.0,15360.0,21300.0,982,1415,29.46,42.45,1389530,0.006,39.079157,39.461653,-123.292963,-122.950648,2,N39W124;N39W123,False,False,10.0,50.0
38,4,38.422275,-120.958382,+proj=laea +lat_0=38.422275 +lon_0=-120.958382 +x_0=0 +y_0=0 +datum=WGS84 +units=m +no_defs,30.0,-11790.0,-12120.0,11790.0,12180.0,786,810,23.58,24.3,636660,0.003,38.313012,38.531999,-121.093597,-120.823167,2,N38W122;N38W121,False,False,10.0,50.0
39,4,33.262116,-79.272336,+proj=laea +lat_0=33.262116 +lon_0=-79.272336 +x_0=0 +y_0=0 +datum=WGS84 +units=m +no_defs,30.0,-19650.0,-23220.0,18270.0,20670.0,1264,1463,37.92,43.89,1849232,0.007,33.052575,33.448482,-79.483676,-79.075838,1,N33W080,False,False,10.0,50.0
40,4,38.984109,-92.098798,+proj=laea +lat_0=38.984109 +lon_0=-92.098798 +x_0=0 +y_0=0 +datum=WGS84 +units=m +no_defs,30.0,-15510.0,-62040.0,20190.0,38670.0,1190,3357,35.7,100.71,3994830,0.016,38.425011,39.332431,-92.278685,-91.864632,4,N38W093;N38W092;N39W093;N39W092,False,False,10.0,50.0
41,4,37.327135,-91.351815,+proj=laea +lat_0=37.327135 +lon_0=-91.351815 +x_0=0 +y_0=0 +datum=WGS84 +units=m +no_defs,30.0,-43860.0,-48510.0,31920.0,45300.0,2526,3127,75.78,93.81,7898802,0.032,36.889007,37.735291,-91.849381,-90.9897,4,N36W092;N36W091;N37W092;N37W091,False,False,10.0,50.0
42,4,32.925194,-90.75845,+proj=laea +lat_0=32.925194 +lon_0=-90.758450 +x_0=0 +y_0=0 +datum=WGS84 +units=m +no_defs,30.0,-39300.0,-30150.0,34200.0,29160.0,2450,1977,73.5,59.31,4843650,0.019,32.65263,33.188121,-91.179873,-90.391715,4,N32W092;N32W091;N33W092;N33W091,False,False,10.0,50.0
43,4,45.576673,7.36729,+proj=laea +lat_0=45.576673 +lon_0=7.367290 +x_0=0 +y_0=0 +datum=WGS84 +units=m +no_defs,30.0,-27240.0,-62010.0,27510.0,40920.0,1825,3431,54.75,102.93,6261575,0.025,45.018181,45.944837,7.015995,7.722067,1,N45E007,False,False,10.0,50.0
44,3,42.667709,-80.488544,+proj=laea +lat_0=42.667709 +lon_0=-80.488544 +x_0=0 +y_0=0 +datum=WGS84 +units=m +no_defs,30.0,-16950.0,-14730.0,22620.0,15480.0,1319,1007,39.57,30.21,1328233,0.005,42.534778,42.807059,-80.695767,-80.212003,1,N42W081,False,False,10.0,50.0
45,3,45.292724,-121.713491,+proj=laea +lat_0=45.292724 +lon_0=-121.713491 +x_0=0 +y_0=0 +datum=WGS84 +units=m +no_defs,30.0,-22290.0,-32940.0,25500.0,26250.0,1593,1973,47.79,59.19,3142989,0.013,44.995869,45.528914,-121.998825,-121.387066,2,N44W122;N45W122,False,False,10.0,50.0
46,3,49.112342,-122.958452,+proj=laea +lat_0=49.112342 +lon_0=-122.958452 +x_0=0 +y_0=0 +datum=WGS84 +units=m +no_defs,30.0,-13800.0,-13770.0,15750.0,13020.0,985,893,29.55,26.79,879605,0.004,48.988323,49.229415,-123.14792,-122.742211,4,N48W124;N48W123;N49W124;N49W123,False,False,10.0,50.0
47,3,40.832731,-104.732202,+proj=laea +lat_0=40.832731 +lon_0=-104.732202 +x_0=0 +y_0=0 +datum=WGS84 +units=m +no_defs,30.0,-12270.0,-13050.0,12960.0,14160.0,841,907,25.23,27.21,762787,0.003,40.715114,40.960239,-104.877951,-104.578257,1,N40W105,False,False,10.0,50.0
48,3,42.646106,-109.252933,+proj=laea +lat_0=42.646106 +lon_0=-109.252933 +x_0=0 +y_0=0 +datum=WGS84 +units=m +no_defs,30.0,-24090.0,-18450.0,24660.0,18480.0,1625,1231,48.75,36.93,2000375,0.008,42.479624,42.812462,-109.547471,-108.951426,2,N42W110;N42W109,False,False,10.0,50.0
49,3,41.822646,-113.506054,+proj=laea +lat_0=41.822646 +lon_0=-113.506054 +x_0=0 +y_0=0 +datum=WGS84 +units=m +no_defs,30.0,-37290.0,-16620.0,29430.0,21480.0,2224,1270,66.72,38.1,2824480,0.011,41.672138,42.016035,-113.956248,-113.150751,2,N41W114;N42W114,False,False,10.0,50.0
50,3,41.645477,-117.576886,+proj=laea +lat_0=41.645477 +lon_0=-117.576886 +x_0=0 +y_0=0 +datum=WGS84 +units=m +no_defs,30.0,-15720.0,-25590.0,14880.0,22830.0,1020,1614,30.6,48.42,1646280,0.007,41.414916,41.851027,-117.766183,-117.397705,1,N41W118,False,False,10.0,50.0
51,3,40.785853,-120.673316,+proj=laea +lat_0=40.785853 +lon_0=-120.673316 +x_0=0 +y_0=0 +datum=WGS84 +units=m +no_defs,30.0,-15480.0,-29820.0,16650.0,40710.0,1071,2351,32.13,70.53,2517921,0.01,40.517152,41.152436,-120.857729,-120.474965,2,N40W121;N41W121,False,False,10.0,50.0
52,3,46.542205,-115.60904,+proj=laea +lat_0=46.542205 +lon_0=-115.609040 +x_0=0 +y_0=0 +datum=WGS84 +units=m +no_defs,30.0,-25470.0,-16260.0,35670.0,13800.0,2038,1002,61.14,30.06,2042076,0.008,46.394991,46.666347,-115.941856,-115.142943,1,N46W116,False,False,10.0,50.0
53,3,46.968874,-116.487156,+proj=laea +lat_0=46.968874 +lon_0=-116.487156 +x_0=0 +y_0=0 +datum=WGS84 +units=m +no_defs,30.0,-39090.0,-29280.0,27870.0,31350.0,2232,2021,66.96,60.63,4510872,0.018,46.704347,47.250868,-117.00353,-116.118994,4,N46W118;N46W117;N47W118;N47W117,False,False,10.0,50.0
54,3,25.430629,-80.508497,+proj=laea +lat_0=25.430629 +lon_0=-80.508497 +x_0=0 +y_0=0 +datum=WGS84 +units=m +no_defs,30.0,-19800.0,-19620.0,23970.0,18810.0,1459,1281,43.77,38.43,1868979,0.007,25.253327,25.600424,-80.705601,-80.269881,1,N25W081,False,False,10.0,50.0
55,3,44.6879,-93.062567,+proj=laea +lat_0=44.687900 +lon_0=-93.062567 +x_0=0 +y_0=0 +datum=WGS84 +units=m +no_defs,30.0,-11910.0,-12210.0,11520.0,11880.0,781,803,23.43,24.09,627143,0.003,44.577925,44.794805,-93.213083,-92.91698,2,N44W094;N44W093,False,False,10.0,50.0
56,3,33.751002,-90.859905,+proj=laea +lat_0=33.751002 +lon_0=-90.859905 +x_0=0 +y_0=0 +datum=WGS84 +units=m +no_defs,30.0,-33600.0,-25680.0,37740.0,35850.0,2378,2051,71.34,61.53,4877278,0.02,33.518809,34.074207,-91.223913,-90.451046,4,N33W092;N33W091;N34W092;N34W091,False,False,10.0,50.0
57,3,41.06,-96.471116,+proj=laea +lat_0=41.060000 +lon_0=-96.471116 +x_0=0 +y_0=0 +datum=WGS84 +units=m +no_defs,30.0,-11610.0,-34470.0,11520.0,22800.0,771,1909,23.13,57.27,1471839,0.006,40.749524,41.2653,-96.609664,-96.333642,2,N40W097;N41W097,False,False,10.0,50.0
58,3,68.60954,-149.306134,+proj=laea +lat_0=68.609540 +lon_0=-149.306134 +x_0=0 +y_0=0 +datum=WGS84 +units=m +no_defs,30.0,-11340.0,-11550.0,11250.0,11910.0,753,782,22.59,23.46,588846,0.002,68.505764,68.716313,-149.585956,-149.028532,1,N68W150,False,False,10.0,50.0
59,3,31.292441,91.920694,+proj=laea +lat_0=31.292441 +lon_0=91.920694 +x_0=0 +y_0=0 +datum=WGS84 +units=m +no_defs,30.0,-24240.0,-18480.0,29190.0,20700.0,1781,1306,53.43,39.18,2325986,0.009,31.125401,31.479136,91.6656,92.22788,2,N31E091;N31E092,False,False,10.0,50.0
60,3,33.447365,79.670793,+proj=laea +lat_0=33.447365 +lon_0=79.670793 +x_0=0 +y_0=0 +datum=WGS84 +units=m +no_defs,30.0,-14880.0,-12750.0,18270.0,12000.0,1105,825,33.15,24.75,911625,0.004,33.332254,33.555558,79.510558,79.867534,1,N33E079,False,False,10.0,50.0
61,3,32.685585,79.905693,+proj=laea +lat_0=32.685585 +lon_0=79.905693 +x_0=0 +y_0=0 +datum=WGS84 +units=m +no_defs,30.0,-21330.0,-17820.0,20130.0,17970.0,1382,1193,41.46,35.79,1648726,0.007,32.524692,32.847623,79.677842,80.120725,2,N32E079;N32E080,False,False,10.0,50.0
62,3,68.333083,27.545605,+proj=laea +lat_0=68.333083 +lon_0=27.545605 +x_0=0 +y_0=0 +datum=WGS84 +units=m +no_defs,30.0,-11550.0,-11460.0,11340.0,11760.0,763,774,22.89,23.22,590562,0.002,68.230105,68.438515,27.264098,27.821994,1,N68E027,False,False,10.0,50.0
63,3,39.939204,-5.776405,+proj=laea +lat_0=39.939204 +lon_0=-5.776405 +x_0=0 +y_0=0 +datum=WGS84 +units=m +no_defs,30.0,-11340.0,-11640.0,11280.0,11520.0,754,772,22.62,23.16,582088,0.002,39.834294,40.042956,-5.909284,-5.644229,2,N39W006;N40W006,False,False,10.0,50.0
64,3,41.189018,25.367309,+proj=laea +lat_0=41.189018 +lon_0=25.367309 +x_0=0 +y_0=0 +datum=WGS84 +units=m +no_defs,30.0,-18450.0,-18480.0,16890.0,19470.0,1178,1265,35.34,37.95,1490170,0.006,41.022407,41.36433,25.146802,25.569172,1,N41E025,False,False,10.0,50.0
65,3,50.876609,13.585507,+proj=laea +lat_0=50.876609 +lon_0=13.585507 +x_0=0 +y_0=0 +datum=WGS84 +units=m +no_defs,30.0,-16260.0,-21120.0,20700.0,19290.0,1232,1347,36.96,40.41,1659504,0.007,50.686389,51.050006,13.353628,13.880703,2,N50E013;N51E013,False,False,10.0,50.0
66,3,55.848984,-3.824658,+proj=laea +lat_0=55.848984 +lon_0=-3.824658 +x_0=0 +y_0=0 +datum=WGS84 +units=m +no_defs,30.0,-47310.0,-17280.0,47580.0,21570.0,3163,1295,94.89,38.85,4096085,0.016,55.691452,56.042714,-4.583724,-3.06126,4,N55W005;N55W004;N56W005;N56W004,False,False,10.0,50.0
67,3,52.690911,-0.999854,+proj=laea +lat_0=52.690911 +lon_0=-0.999854 +x_0=0 +y_0=0 +datum=WGS84 +units=m +no_defs,30.0,-19680.0,-21060.0,22890.0,30030.0,1419,1703,42.57,51.09,2416557,0.01,52.501177,52.960765,-1.292716,-0.659224,2,N52W002;N52W001,False,False,10.0,50.0
68,3,47.26815,8.43772,+proj=laea +lat_0=47.268150 +lon_0=8.437720 +x_0=0 +y_0=0 +datum=WGS84 +units=m +no_defs,30.0,-16650.0,-28050.0,18720.0,34500.0,1179,2085,35.37,62.55,2458215,0.01,47.015578,47.578461,8.216405,8.68655,1,N47E008,False,False,10.0,50.0
69,3,43.878246,0.170412,+proj=laea +lat_0=43.878246 +lon_0=0.170412 +x_0=0 +y_0=0 +datum=WGS84 +units=m +no_defs,30.0,-28560.0,-34680.0,24420.0,23970.0,1766,1955,52.98,58.65,3452530,0.014,43.565568,44.093975,-0.18623,0.475356,4,N43W001;N43E000;N44W001;N44E000,False,False,10.0,50.0
70,2,18.066682,-67.085713,+proj=laea +lat_0=18.066682 +lon_0=-67.085713 +x_0=0 +y_0=0 +datum=WGS84 +units=m +no_defs,30.0,-19710.0,-20370.0,19710.0,20370.0,1314,1358,39.42,40.74,1784412,0.007,17.882549,18.250723,-67.272088,-66.899338,4,N17W068;N17W067;N18W068;N18W067,False,False,10.0,50.0
71,2,45.2066,-68.7436,+proj=laea +lat_0=45.206600 +lon_0=-68.743600 +x_0=0 +y_0=0 +datum=WGS84 +units=m +no_defs,30.0,-11400.0,-11400.0,11400.0,11400.0,760,760,22.8,22.8,577600,0.002,45.10393,45.309176,-68.888968,-68.598232,1,N45W069,False,False,10.0,50.0
72,2,44.006375,-71.507084,+proj=laea +lat_0=44.006375 +lon_0=-71.507084 +x_0=0 +y_0=0 +datum=WGS84 +units=m +no_defs,30.0,-28740.0,-17550.0,28740.0,17550.0,1916,1170,57.48,35.1,2241720,0.009,43.847867,44.164321,-71.8664,-71.147768,2,N43W072;N44W072,False,False,10.0,50.0
73,2,45.56115,-84.70565,+proj=laea +lat_0=45.561150 +lon_0=-84.705650 +x_0=0 +y_0=0 +datum=WGS84 +units=m +no_defs,30.0,-11760.0,-11280.0,11760.0,11280.0,784,752,23.52,22.56,589568,0.002,45.459559,45.66264,-84.856549,-84.554751,1,N45W085,False,False,10.0,50.0
74,2,46.132355,-89.572064,+proj=laea +lat_0=46.132355 +lon_0=-89.572064 +x_0=0 +y_0=0 +datum=WGS84 +units=m +no_defs,30.0,-13830.0,-22410.0,13830.0,22410.0,922,1494,27.66,44.82,1377468,0.006,45.9306,46.333964,-89.751683,-89.392445,2,N45W090;N46W090,False,False,10.0,50.0
75,2,33.833517,-83.411452,+proj=laea +lat_0=33.833517 +lon_0=-83.411452 +x_0=0 +y_0=0 +datum=WGS84 +units=m +no_defs,30.0,-13170.0,-16650.0,13170.0,16650.0,878,1110,26.34,33.3,974580,0.004,33.683325,33.983624,-83.55398,-83.268924,1,N33W084,False,False,10.0,50.0
76,2,46.768185,-100.916035,+proj=laea +lat_0=46.768185 +lon_0=-100.916035 +x_0=0 +y_0=0 +datum=WGS84 +units=m +no_defs,30.0,-11190.0,-11310.0,11190.0,11310.0,746,754,22.38,22.62,562484,0.002,46.666351,46.869924,-101.062807,-100.769263,2,N46W102;N46W101,False,False,10.0,50.0
77,2,32.327944,-110.947816,+proj=laea +lat_0=32.327944 +lon_0=-110.947816 +x_0=0 +y_0=0 +datum=WGS84 +units=m +no_defs,30.0,-32040.0,-20910.0,32040.0,20910.0,2136,1394,64.08,41.82,2977584,0.012,32.138925,32.516502,-111.288811,-110.606821,2,N32W112;N32W111,False,False,10.0,50.0
78,2,33.974899,-109.634446,+proj=laea +lat_0=33.974899 +lon_0=-109.634446 +x_0=0 +y_0=0 +datum=WGS84 +units=m +no_defs,30.0,-23220.0,-11550.0,23220.0,11550.0,1548,770,46.44,23.1,1191960,0.005,33.870516,34.079026,-109.886018,-109.382874,2,N33W110;N34W110,False,False,10.0,50.0
79,2,44.387953,-121.583377,+proj=laea +lat_0=44.387953 +lon_0=-121.583377 +x_0=0 +y_0=0 +datum=WGS84 +units=m +no_defs,30.0,-13080.0,-18330.0,13080.0,18330.0,872,1222,26.16,36.66,1065584,0.004,44.222877,44.552908,-121.747992,-121.418762,1,N44W122,False,False,10.0,50.0
80,2,42.357872,-105.71899,+proj=laea +lat_0=42.357872 +lon_0=-105.718990 +x_0=0 +y_0=0 +datum=WGS84 +units=m +no_defs,30.0,-22770.0,-19800.0,22770.0,19800.0,1518,1320,45.54,39.6,2003760,0.008,42.179289,42.536119,-105.996158,-105.441822,1,N42W106,False,False,10.0,50.0
81,2,39.378734,-117.36756,+proj=laea +lat_0=39.378734 +lon_0=-117.367560 +x_0=0 +y_0=0 +datum=WGS84 +units=m +no_defs,30.0,-32910.0,-20790.0,32910.0,20790.0,2194,1386,65.82,41.58,3040884,0.012,39.19085,39.56599,-117.750533,-116.984587,2,N39W118;N39W117,False,False,10.0,50.0
82,2,39.709681,-107.469866,+proj=laea +lat_0=39.709681 +lon_0=-107.469866 +x_0=0 +y_0=0 +datum=WGS84 +units=m +no_defs,30.0,-22170.0,-29490.0,22170.0,29490.0,1478,1966,44.34,58.98,2905748,0.012,39.443784,39.975282,-107.72939,-107.210342,1,N39W108,False,False,10.0,50.0
83,2,42.172575,-114.239679,+proj=laea +lat_0=42.172575 +lon_0=-114.239679 +x_0=0 +y_0=0 +datum=WGS84 +units=m +no_defs,30.0,-15030.0,-12030.0,15030.0,12030.0,1002,802,30.06,24.06,803604,0.003,42.064127,42.280878,-114.421892,-114.057466,1,N42W115,False,False,10.0,50.0
84,2,43.237034,-110.318423,+proj=laea +lat_0=43.237034 +lon_0=-110.318423 +x_0=0 +y_0=0 +datum=WGS84 +units=m +no_defs,30.0,-20580.0,-22920.0,20580.0,22920.0,1372,1528,41.16,45.84,2096416,0.008,43.030447,43.443336,-110.572645,-110.064201,1,N43W111,False,False,10.0,50.0
85,2,42.762565,-112.29217,+proj=laea +lat_0=42.762565 +lon_0=-112.292170 +x_0=0 +y_0=0 +datum=WGS84 +units=m +no_defs,30.0,-26340.0,-11700.0,26340.0,11700.0,1756,780,52.68,23.4,1369680,0.005,42.656793,42.867886,-112.614506,-111.969834,2,N42W113;N42W112,False,False,10.0,50.0
86,2,43.081643,-111.52328,+proj=laea +lat_0=43.081643 +lon_0=-111.523280 +x_0=0 +y_0=0 +datum=WGS84 +units=m +no_defs,30.0,-24510.0,-25440.0,24510.0,25440.0,1634,1696,49.02,50.88,2771264,0.011,42.852252,43.310634,-111.825388,-111.221172,2,N42W112;N43W112,False,False,10.0,50.0
87,2,44.429054,-111.689437,+proj=laea +lat_0=44.429054 +lon_0=-111.689437 +x_0=0 +y_0=0 +datum=WGS84 +units=m +no_defs,30.0,-35370.0,-12060.0,35370.0,12060.0,2358,804,70.74,24.12,1895832,0.008,44.319664,44.537584,-112.134458,-111.244416,2,N44W113;N44W112,False,False,10.0,50.0
88,2,39.865535,-113.991419,+proj=laea +lat_0=39.865535 +lon_0=-113.991419 +x_0=0 +y_0=0 +datum=WGS84 +units=m +no_defs,30.0,-11880.0,-24960.0,11880.0,24960.0,792,1664,23.76,49.92,1317888,0.005,39.640649,40.090331,-114.130722,-113.852116,4,N39W115;N39W114;N40W115;N40W114,False,False,10.0,50.0
89,2,43.543236,-116.046456,+proj=laea +lat_0=43.543236 +lon_0=-116.046456 +x_0=0 +y_0=0 +datum=WGS84 +units=m +no_defs,30.0,-15180.0,-35640.0,15180.0,35640.0,1012,2376,30.36,71.28,2404512,0.01,43.222292,43.864011,-116.235285,-115.857627,2,N43W117;N43W116,False,False,10.0,50.0
90,2,42.152673,-120.770391,+proj=laea +lat_0=42.152673 +lon_0=-120.770391 +x_0=0 +y_0=0 +datum=WGS84 +units=m +no_defs,30.0,-15660.0,-29640.0,15660.0,29640.0,1044,1976,31.32,59.28,2062944,0.008,41.885668,42.419511,-120.960659,-120.580123,2,N41W121;N42W121,False,False,10.0,50.0
91,2,36.501989,-120.630361,+proj=laea +lat_0=36.501989 +lon_0=-120.630361 +x_0=0 +y_0=0 +datum=WGS84 +units=m +no_defs,30.0,-17910.0,-15810.0,17910.0,15810.0,1194,1054,35.82,31.62,1258476,0.005,36.359348,36.644461,-120.830641,-120.430081,1,N36W121,False,False,10.0,50.0
92,2,39.629372,-121.930197,+proj=laea +lat_0=39.629372 +lon_0=-121.930197 +x_0=0 +y_0=0 +datum=WGS84 +units=m +no_defs,30.0,-17340.0,-16800.0,17340.0,16800.0,1156,1120,34.68,33.6,1294720,0.005,39.477882,39.780684,-122.132609,-121.727785,2,N39W123;N39W122,False,False,10.0,50.0
93,2,39.353511,-121.249245,+proj=laea +lat_0=39.353511 +lon_0=-121.249245 +x_0=0 +y_0=0 +datum=WGS84 +units=m +no_defs,30.0,-24690.0,-24180.0,24690.0,24180.0,1646,1612,49.38,48.36,2653352,0.011,39.135363,39.571302,-121.536585,-120.961905,2,N39W122;N39W121,False,False,10.0,50.0
94,2,37.706124,-118.623861,+proj=laea +lat_0=37.706124 +lon_0=-118.623861 +x_0=0 +y_0=0 +datum=WGS84 +units=m +no_defs,30.0,-29010.0,-19110.0,29010.0,19110.0,1934,1274,58.02,38.22,2463916,0.01,37.53349,37.878298,-118.953602,-118.29412,1,N37W119,False,False,10.0,50.0
95,2,47.611387,-123.635065,+proj=laea +lat_0=47.611387 +lon_0=-123.635065 +x_0=0 +y_0=0 +datum=WGS84 +units=m +no_defs,30.0,-24450.0,-21960.0,24450.0,21960.0,1630,1464,48.9,43.92,2386320,0.01,47.413414,47.808897,-123.961494,-123.308636,1,N47W124,False,False,10.0,50.0
96,2,44.743157,-118.3072,+proj=laea +lat_0=44.743157 +lon_0=-118.307200 +x_0=0 +y_0=0 +datum=WGS84 +units=m +no_defs,30.0,-20580.0,-20850.0,20580.0,20850.0,1372,1390,41.16,41.7,1907080,0.008,44.555237,44.930778,-118.567897,-118.046503,1,N44W119,False,False,10.0,50.0
97,2,46.178132,-117.622671,+proj=laea +lat_0=46.178132 +lon_0=-117.622671 +x_0=0 +y_0=0 +datum=WGS84 +units=m +no_defs,30.0,-28740.0,-17730.0,28740.0,17730.0,1916,1182,57.48,35.46,2264712,0.009,46.018021,46.337637,-117.995959,-117.249383,1,N46W118,False,False,10.0,50.0
98,2,47.867553,-117.063019,+proj=laea +lat_0=47.867553 +lon_0=-117.063019 +x_0=0 +y_0=0 +datum=WGS84 +units=m +no_defs,30.0,-13110.0,-12450.0,13110.0,12450.0,874,830,26.22,24.9,725420,0.003,47.755446,47.979525,-117.238626,-116.887412,2,N47W118;N47W117,False,False,10.0,50.0
99,2,47.506486,-115.764339,+proj=laea +lat_0=47.506486 +lon_0=-115.764339 +x_0=0 +y_0=0 +datum=WGS84 +units=m +no_defs,30.0,-15630.0,-16590.0,15630.0,16590.0,1042,1106,31.26,33.18,1152452,0.005,47.357081,47.655701,-115.972403,-115.556275,1,N47W116,False,False,10.0,50.0
100,2,40.735141,-77.969455,+proj=laea +lat_0=40.735141 +lon_0=-77.969455 +x_0=0 +y_0=0 +datum=WGS84 +units=m +no_defs,30.0,-14190.0,-13200.0,14190.0,13200.0,946,880,28.38,26.4,832480,0.003,40.616152,40.854007,-78.137741,-77.801169,2,N40W079;N40W078,False,False,10.0,50.0
101,2,38.953475,-76.704871,+proj=laea +lat_0=38.953475 +lon_0=-76.704871 +x_0=0 +y_0=0 +datum=WGS84 +units=m +no_defs,30.0,-23700.0,-18150.0,23700.0,18150.0,1580,1210,47.4,36.3,1911800,0.008,38.789663,39.116965,-76.97891,-76.430832,2,N38W077;N39W077,False,False,10.0,50.0
102,2,38.115544,-78.291417,+proj=laea +lat_0=38.115544 +lon_0=-78.291417 +x_0=0 +y_0=0 +datum=WGS84 +units=m +no_defs,30.0,-26430.0,-24210.0,26430.0,24210.0,1762,1614,52.86,48.42,2843868,0.011,37.897046,38.333651,-78.593703,-77.989131,4,N37W079;N37W078;N38W079;N38W078,False,False,10.0,50.0
103,2,45.61805,-96.1268,+proj=laea +lat_0=45.618050 +lon_0=-96.126800 +x_0=0 +y_0=0 +datum=WGS84 +units=m +no_defs,30.0,-11160.0,-12120.0,11160.0,12120.0,744,808,22.32,24.24,601152,0.002,45.508912,45.727097,-96.270165,-95.983435,2,N45W097;N45W096,False,False,10.0,50.0
104,2,31.25375,-84.469599,+proj=laea +lat_0=31.253750 +lon_0=-84.469599 +x_0=0 +y_0=0 +datum=WGS84 +units=m +no_defs,30.0,-11220.0,-17670.0,11220.0,17670.0,748,1178,22.44,35.34,881144,0.004,31.094324,31.413119,-84.587592,-84.351606,1,N31W085,False,False,10.0,50.0
105,2,35.715025,-98.094673,+proj=laea +lat_0=35.715025 +lon_0=-98.094673 +x_0=0 +y_0=0 +datum=WGS84 +units=m +no_defs,30.0,-18210.0,-29430.0,18210.0,29430.0,1214,1962,36.42,58.86,2381868,0.01,35.449607,35.980266,-98.296587,-97.892759,2,N35W099;N35W098,False,False,10.0,50.0
106,2,37.218439,-86.136674,+proj=laea +lat_0=37.218439 +lon_0=-86.136674 +x_0=0 +y_0=0 +datum=WGS84 +units=m +no_defs,30.0,-19650.0,-14700.0,19650.0,14700.0,1310,980,39.3,29.4,1283800,0.005,37.085778,37.350892,-86.358454,-85.914894,2,N37W087;N37W086,False,False,10.0,50.0
107,2,39.096403,-96.586595,+proj=laea +lat_0=39.096403 +lon_0=-96.586595 +x_0=0 +y_0=0 +datum=WGS84 +units=m +no_defs,30.0,-13410.0,-12690.0,13410.0,12690.0,894,846,26.82,25.38,756324,0.003,38.981993,39.210708,-96.741859,-96.431331,2,N38W097;N39W097,False,False,10.0,50.0
108,2,39.04825,-95.1914,+proj=laea +lat_0=39.048250 +lon_0=-95.191400 +x_0=0 +y_0=0 +datum=WGS84 +units=m +no_defs,30.0,-11190.0,-12000.0,11190.0,12000.0,746,800,22.38,24.0,596800,0.002,38.940086,39.156341,-95.32086,-95.06194,2,N38W096;N39W096,False,False,10.0,50.0
109,2,36.58375,-101.602351,+proj=laea +lat_0=36.583750 +lon_0=-101.602351 +x_0=0 +y_0=0 +datum=WGS84 +units=m +no_defs,30.0,-11790.0,-12870.0,11790.0,12870.0,786,858,23.58,25.74,674388,0.003,36.467699,36.699726,-101.734288,-101.470414,1,N36W102,False,False,10.0,50.0
110,2,64.69455,-148.3254,+proj=laea +lat_0=64.694550 +lon_0=-148.325400 +x_0=0 +y_0=0 +datum=WGS84 +units=m +no_defs,30.0,-11340.0,-11250.0,11340.0,11250.0,756,750,22.68,22.5,567000,0.002,64.593452,64.795457,-148.563955,-148.086845,1,N64W149,False,False,10.0,50.0
111,2,63.912566,-145.575861,+proj=laea +lat_0=63.912566 +lon_0=-145.575861 +x_0=0 +y_0=0 +datum=WGS84 +units=m +no_defs,30.0,-19770.0,-14640.0,19770.0,14640.0,1318,976,39.54,29.28,1286368,0.005,63.78068,64.043894,-145.980522,-145.1712,2,N63W146;N64W146,False,False,10.0,50.0
112,2,60.403358,-149.577341,+proj=laea +lat_0=60.403358 +lon_0=-149.577341 +x_0=0 +y_0=0 +datum=WGS84 +units=m +no_defs,30.0,-13650.0,-34950.0,13650.0,34950.0,910,2330,27.3,69.9,2120300,0.008,60.089443,60.717032,-149.827392,-149.32729,1,N60W150,False,False,10.0,50.0
113,2,59.779765,-151.012549,+proj=laea +lat_0=59.779765 +lon_0=-151.012549 +x_0=0 +y_0=0 +datum=WGS84 +units=m +no_defs,30.0,-28080.0,-20190.0,28080.0,20190.0,1872,1346,56.16,40.38,2519712,0.01,59.597595,59.960988,-151.515172,-150.509926,2,N59W152;N59W151,False,False,10.0,50.0
114,2,42.565465,74.490297,+proj=laea +lat_0=42.565465 +lon_0=74.490297 +x_0=0 +y_0=0 +datum=WGS84 +units=m +no_defs,30.0,-11640.0,-20460.0,11640.0,20460.0,776,1364,23.28,40.92,1058464,0.004,42.381191,42.749647,74.348123,74.632471,1,N42E074,False,False,10.0,50.0
115,2,13.540251,2.677999,+proj=laea +lat_0=13.540251 +lon_0=2.677999 +x_0=0 +y_0=0 +datum=WGS84 +units=m +no_defs,30.0,-13050.0,-12000.0,13050.0,12000.0,870,800,26.1,24.0,696000,0.003,13.431757,13.648715,2.557385,2.798613,1,N13E002,False,False,10.0,50.0
116,2,61.840039,24.243798,+proj=laea +lat_0=61.840039 +lon_0=24.243798 +x_0=0 +y_0=0 +datum=WGS84 +units=m +no_defs,30.0,-13830.0,-11970.0,13830.0,11970.0,922,798,27.66,23.94,735756,0.003,61.73238,61.947447,23.980314,24.507282,2,N61E023;N61E024,False,False,10.0,50.0
117,2,64.219111,19.665374,+proj=laea +lat_0=64.219111 +lon_0=19.665374 +x_0=0 +y_0=0 +datum=WGS84 +units=m +no_defs,30.0,-16440.0,-15270.0,16440.0,15270.0,1096,1018,32.88,30.54,1115728,0.004,64.081746,64.356084,19.325062,20.005686,2,N64E019;N64E020,False,False,10.0,50.0
118,2,46.037445,27.526278,+proj=laea +lat_0=46.037445 +lon_0=27.526278 +x_0=0 +y_0=0 +datum=WGS84 +units=m +no_defs,30.0,-20250.0,-32880.0,20250.0,32880.0,1350,2192,40.5,65.76,2959200,0.012,45.74133,46.333249,27.263284,27.789272,2,N45E027;N46E027,False,False,10.0,50.0
119,2,44.042613,25.165994,+proj=laea +lat_0=44.042613 +lon_0=25.165994 +x_0=0 +y_0=0 +datum=WGS84 +units=m +no_defs,30.0,-26130.0,-18330.0,26130.0,18330.0,1742,1222,52.26,36.66,2128724,0.009,43.877182,44.207578,24.83907,25.492918,4,N43E024;N43E025;N44E024;N44E025,False,False,10.0,50.0
120,2,49.035976,17.9699,+proj=laea +lat_0=49.035976 +lon_0=17.969900 +x_0=0 +y_0=0 +datum=WGS84 +units=m +no_defs,30.0,-11130.0,-11130.0,11130.0,11130.0,742,742,22.26,22.26,550564,0.002,48.935795,49.136056,17.817377,18.122423,4,N48E017;N48E018;N49E017;N49E018,False,False,10.0,50.0
121,2,53.989904,-1.139712,+proj=laea +lat_0=53.989904 +lon_0=-1.139712 +x_0=0 +y_0=0 +datum=WGS84 +units=m +no_defs,30.0,-22920.0,-24600.0,22920.0,24600.0,1528,1640,45.84,49.2,2505920,0.01,53.768382,54.210915,-1.491005,-0.788419,4,N53W002;N53W001;N54W002;N54W001,False,False,10.0,50.0
122,2,44.682775,8.626695,+proj=laea +lat_0=44.682775 +lon_0=8.626695 +x_0=0 +y_0=0 +datum=WGS84 +units=m +no_defs,30.0,-11130.0,-11130.0,11130.0,11130.0,742,742,22.26,22.26,550564,0.002,44.582531,44.782931,8.486066,8.767324,1,N44E008,False,False,10.0,50.0
123,1,18.02502,-66.5279,+proj=laea +lat_0=18.025020 +lon_0=-66.527900 +x_0=0 +y_0=0 +datum=WGS84 +units=m +no_defs,30.0,-11130.0,-11130.0,11130.0,11130.0,742,742,22.26,22.26,550564,0.002,17.924432,18.125579,-66.633069,-66.422731,2,N17W067;N18W067,False,False,10.0,50.0
124,1,43.05753,-73.03834,+proj=laea +lat_0=43.057530 +lon_0=-73.038340 +x_0=0 +y_0=0 +datum=WGS84 +units=m +no_defs,30.0,-11130.0,-11130.0,11130.0,11130.0,742,742,22.26,22.26,550564,0.002,42.957263,43.157715,-73.175186,-72.901494,4,N42W074;N42W073;N43W074;N43W073,False,False,10.0,50.0
125,1,42.5369,-72.1727,+proj=laea +lat_0=42.536900 +lon_0=-72.172700 +x_0=0 +y_0=0 +datum=WGS84 +units=m +no_defs,30.0,-11130.0,-11130.0,11130.0,11130.0,742,742,22.26,22.26,550564,0.002,42.436625,42.637094,-72.3084,-72.037,1,N42W073,False,False,10.0,50.0
126,1,43.1716,-70.9277,+proj=laea +lat_0=43.171600 +lon_0=-70.927700 +x_0=0 +y_0=0 +datum=WGS84 +units=m +no_defs,30.0,-11130.0,-11130.0,11130.0,11130.0,742,742,22.26,22.26,550564,0.002,43.071334,43.271783,-71.064801,-70.790599,2,N43W072;N43W071,False,False,10.0,50.0
127,1,41.79618,-81.07653,+proj=laea +lat_0=41.796180 +lon_0=-81.076530 +x_0=0 +y_0=0 +datum=WGS84 +units=m +no_defs,30.0,-11130.0,-11130.0,11130.0,11130.0,742,742,22.26,22.26,550564,0.002,41.695894,41.896387,-81.21065,-80.94241,2,N41W082;N41W081,False,False,10.0,50.0
128,1,44.3184,-79.9341,+proj=laea +lat_0=44.318400 +lon_0=-79.934100 +x_0=0 +y_0=0 +datum=WGS84 +units=m +no_defs,30.0,-11130.0,-11130.0,11130.0,11130.0,742,742,22.26,22.26,550564,0.002,44.218151,44.418563,-80.073853,-79.794347,2,N44W081;N44W080,False,False,10.0,50.0
129,1,42.70785,-90.3899,+proj=laea +lat_0=42.707850 +lon_0=-90.389900 +x_0=0 +y_0=0 +datum=WGS84 +units=m +no_defs,30.0,-11130.0,-11130.0,11130.0,11130.0,742,742,22.26,22.26,550564,0.002,42.607577,42.808041,-90.525973,-90.253827,1,N42W091,False,False,10.0,50.0
130,1,43.3448,-89.7117,+proj=laea +lat_0=43.344800 +lon_0=-89.711700 +x_0=0 +y_0=0 +datum=WGS84 +units=m +no_defs,30.0,-11130.0,-11130.0,11130.0,11130.0,742,742,22.26,22.26,550564,0.002,43.244537,43.44498,-89.849192,-89.574208,1,N43W090,False,False,10.0,50.0
131,1,45.46667,-88.58333,+proj=laea +lat_0=45.466670 +lon_0=-88.583330 +x_0=0 +y_0=0 +datum=WGS84 +units=m +no_defs,30.0,-11130.0,-11130.0,11130.0,11130.0,742,742,22.26,22.26,550564,0.002,45.366438,45.566812,-88.725902,-88.440758,1,N45W089,False,False,10.0,50.0
132,1,46.3345,-86.92,+proj=laea +lat_0=46.334500 +lon_0=-86.920000 +x_0=0 +y_0=0 +datum=WGS84 +units=m +no_defs,30.0,-11130.0,-11130.0,11130.0,11130.0,742,742,22.26,22.26,550564,0.002,46.23428,46.434627,-87.064819,-86.775181,2,N46W088;N46W087,False,False,10.0,50.0
133,1,34.0074,-117.0916,+proj=laea +lat_0=34.007400 +lon_0=-117.091600 +x_0=0 +y_0=0 +datum=WGS84 +units=m +no_defs,30.0,-11130.0,-11130.0,11130.0,11130.0,742,742,22.26,22.26,550564,0.002,33.907,34.10774,-117.212227,-116.970973,4,N33W118;N33W117;N34W118;N34W117,False,False,10.0,50.0
134,1,33.4392,-117.1904,+proj=laea +lat_0=33.439200 +lon_0=-117.190400 +x_0=0 +y_0=0 +datum=WGS84 +units=m +no_defs,30.0,-11130.0,-11130.0,11130.0,11130.0,742,742,22.26,22.26,550564,0.002,33.338792,33.539549,-117.310231,-117.070569,1,N33W118,False,False,10.0,50.0
135,1,35.4185,-82.5567,+proj=laea +lat_0=35.418500 +lon_0=-82.556700 +x_0=0 +y_0=0 +datum=WGS84 +units=m +no_defs,30.0,-11130.0,-11130.0,11130.0,11130.0,742,742,22.26,22.26,550564,0.002,35.31812,35.518816,-82.679401,-82.433999,1,N35W083,False,False,10.0,50.0
136,1,47.1282,-99.2414,+proj=laea +lat_0=47.128200 +lon_0=-99.241400 +x_0=0 +y_0=0 +datum=WGS84 +units=m +no_defs,30.0,-11130.0,-11130.0,11130.0,11130.0,742,742,22.26,22.26,550564,0.002,47.027992,47.228313,-99.388366,-99.094434,1,N47W100,False,False,10.0,50.0
137,1,47.522,-107.12731,+proj=laea +lat_0=47.522000 +lon_0=-107.127310 +x_0=0 +y_0=0 +datum=WGS84 +units=m +no_defs,30.0,-11130.0,-11130.0,11130.0,11130.0,742,742,22.26,22.26,550564,0.002,47.421797,47.622106,-107.275376,-106.979244,2,N47W108;N47W107,False,False,10.0,50.0
138,1,47.77102,-104.247,+proj=laea +lat_0=47.771020 +lon_0=-104.247000 +x_0=0 +y_0=0 +datum=WGS84 +units=m +no_defs,30.0,-11130.0,-11130.0,11130.0,11130.0,742,742,22.26,22.26,550564,0.002,47.670821,47.871122,-104.395774,-104.098226,1,N47W105,False,False,10.0,50.0
139,1,35.26238,-112.06221,+proj=laea +lat_0=35.262380 +lon_0=-112.062210 +x_0=0 +y_0=0 +datum=WGS84 +units=m +no_defs,30.0,-11130.0,-11130.0,11130.0,11130.0,742,742,22.26,22.26,550564,0.002,35.161998,35.362699,-112.184674,-111.939746,2,N35W113;N35W112,False,False,10.0,50.0
140,1,34.97018,-119.47831,+proj=laea +lat_0=34.970180 +lon_0=-119.478310 +x_0=0 +y_0=0 +datum=WGS84 +units=m +no_defs,30.0,-11130.0,-11130.0,11130.0,11130.0,742,742,22.26,22.26,550564,0.002,34.869794,35.070504,-119.600336,-119.356284,2,N34W120;N35W120,False,False,10.0,50.0
141,1,34.4141,-119.8796,+proj=laea +lat_0=34.414100 +lon_0=-119.879600 +x_0=0 +y_0=0 +datum=WGS84 +units=m +no_defs,30.0,-11130.0,-11130.0,11130.0,11130.0,742,742,22.26,22.26,550564,0.002,34.313706,34.514433,-120.00081,-119.75839,2,N34W121;N34W120,False,False,10.0,50.0
142,1,32.25296,-105.41975,+proj=laea +lat_0=32.252960 +lon_0=-105.419750 +x_0=0 +y_0=0 +datum=WGS84 +units=m +no_defs,30.0,-11130.0,-11130.0,11130.0,11130.0,742,742,22.26,22.26,550564,0.002,32.152536,32.353328,-105.537992,-105.301508,1,N32W106,False,False,10.0,50.0
143,1,43.66917,-122.56877,+proj=laea +lat_0=43.669170 +lon_0=-122.568770 +x_0=0 +y_0=0 +datum=WGS84 +units=m +no_defs,30.0,-11130.0,-11130.0,11130.0,11130.0,742,742,22.26,22.26,550564,0.002,43.568912,43.769344,-122.707003,-122.430537,1,N43W123,False,False,10.0,50.0
144,1,44.4185,-123.3257,+proj=laea +lat_0=44.418500 +lon_0=-123.325700 +x_0=0 +y_0=0 +datum=WGS84 +units=m +no_defs,30.0,-11130.0,-11130.0,11130.0,11130.0,742,742,22.26,22.26,550564,0.002,44.318253,44.518661,-123.465692,-123.185708,1,N44W124,False,False,10.0,50.0
145,1,48.92753,-121.19717,+proj=laea +lat_0=48.927530 +lon_0=-121.197170 +x_0=0 +y_0=0 +datum=WGS84 +units=m +no_defs,30.0,-11130.0,-11130.0,11130.0,11130.0,742,742,22.26,22.26,550564,0.002,48.827347,49.027612,-121.349361,-121.044979,2,N48W122;N49W122,False,False,10.0,50.0
146,1,48.51865,-120.7358,+proj=laea +lat_0=48.518650 +lon_0=-120.735800 +x_0=0 +y_0=0 +datum=WGS84 +units=m +no_defs,30.0,-11130.0,-11130.0,11130.0,11130.0,742,742,22.26,22.26,550564,0.002,48.418462,48.618739,-120.886758,-120.584842,1,N48W121,False,False,10.0,50.0
147,1,48.9516,-118.9864,+proj=laea +lat_0=48.951600 +lon_0=-118.986400 +x_0=0 +y_0=0 +datum=WGS84 +units=m +no_defs,30.0,-11130.0,-11130.0,11130.0,11130.0,742,742,22.26,22.26,550564,0.002,48.851418,49.051681,-119.138665,-118.834135,4,N48W120;N48W119;N49W120;N49W119,False,False,10.0,50.0
148,1,48.36166,-119.08158,+proj=laea +lat_0=48.361660 +lon_0=-119.081580 +x_0=0 +y_0=0 +datum=WGS84 +units=m +no_defs,30.0,-11130.0,-11130.0,11130.0,11130.0,742,742,22.26,22.26,550564,0.002,48.261469,48.461752,-119.232072,-118.931088,2,N48W120;N48W119,False,False,10.0,50.0
149,1,36.602,-117.1449,+proj=laea +lat_0=36.602000 +lon_0=-117.144900 +x_0=0 +y_0=0 +datum=WGS84 +units=m +no_defs,30.0,-11130.0,-11130.0,11130.0,11130.0,742,742,22.26,22.26,550564,0.002,36.501638,36.702296,-117.269456,-117.020344,1,N36W118,False,False,10.0,50.0
150,1,41.22824,-105.38571,+proj=laea +lat_0=41.228240 +lon_0=-105.385710 +x_0=0 +y_0=0 +datum=WGS84 +units=m +no_defs,30.0,-11130.0,-11130.0,11130.0,11130.0,742,742,22.26,22.26,550564,0.002,41.127946,41.328457,-105.518659,-105.252761,1,N41W106,False,False,10.0,50.0
151,1,39.04433,-107.87951,+proj=laea +lat_0=39.044330 +lon_0=-107.879510 +x_0=0 +y_0=0 +datum=WGS84 +units=m +no_defs,30.0,-11130.0,-11130.0,11130.0,11130.0,742,742,22.26,22.26,550564,0.002,38.944003,39.144585,-108.008255,-107.750765,4,N38W109;N38W108;N39W109;N39W108,False,False,10.0,50.0
152,1,36.71632,-106.2637,+proj=laea +lat_0=36.716320 +lon_0=-106.263700 +x_0=0 +y_0=0 +datum=WGS84 +units=m +no_defs,30.0,-11130.0,-11130.0,11130.0,11130.0,742,742,22.26,22.26,550564,0.002,36.615959,36.816615,-106.388441,-106.138959,1,N36W107,False,False,10.0,50.0
153,1,39.01825,-110.16264,+proj=laea +lat_0=39.018250 +lon_0=-110.162640 +x_0=0 +y_0=0 +datum=WGS84 +units=m +no_defs,30.0,-11130.0,-11130.0,11130.0,11130.0,742,742,22.26,22.26,550564,0.002,38.917923,39.118505,-110.291337,-110.033943,2,N38W111;N39W111,False,False,10.0,50.0
154,1,39.31213,-109.53179,+proj=laea +lat_0=39.312130 +lon_0=-109.531790 +x_0=0 +y_0=0 +datum=WGS84 +units=m +no_defs,30.0,-11130.0,-11130.0,11130.0,11130.0,742,742,22.26,22.26,550564,0.002,39.211807,39.41238,-109.661026,-109.402554,1,N39W110,False,False,10.0,50.0
155,1,39.93667,-112.41478,+proj=laea +lat_0=39.936670 +lon_0=-112.414780 +x_0=0 +y_0=0 +datum=WGS84 +units=m +no_defs,30.0,-11130.0,-11130.0,11130.0,11130.0,742,742,22.26,22.26,550564,0.002,39.836356,40.036909,-112.545187,-112.284373,2,N39W113;N40W113,False,False,10.0,50.0
156,1,38.59445,-113.75102,+proj=laea +lat_0=38.594450 +lon_0=-113.751020 +x_0=0 +y_0=0 +datum=WGS84 +units=m +no_defs,30.0,-11130.0,-11130.0,11130.0,11130.0,742,742,22.26,22.26,550564,0.002,38.494117,38.694713,-113.878954,-113.623086,1,N38W114,False,False,10.0,50.0
157,1,39.23724,-113.45866,+proj=laea +lat_0=39.237240 +lon_0=-113.458660 +x_0=0 +y_0=0 +datum=WGS84 +units=m +no_defs,30.0,-11130.0,-11130.0,11130.0,11130.0,742,742,22.26,22.26,550564,0.002,39.136916,39.337491,-113.587758,-113.329562,1,N39W114,False,False,10.0,50.0
158,1,44.78835,-116.08878,+proj=laea +lat_0=44.788350 +lon_0=-116.088780 +x_0=0 +y_0=0 +datum=WGS84 +units=m +no_defs,30.0,-11130.0,-11130.0,11130.0,11130.0,742,742,22.26,22.26,550564,0.002,44.688108,44.888504,-116.229666,-115.947894,2,N44W117;N44W116,False,False,10.0,50.0
159,1,39.4495,-115.9834,+proj=laea +lat_0=39.449500 +lon_0=-115.983400 +x_0=0 +y_0=0 +datum=WGS84 +units=m +no_defs,30.0,-11130.0,-11130.0,11130.0,11130.0,742,742,22.26,22.26,550564,0.002,39.349179,39.549748,-116.11289,-115.85391,2,N39W117;N39W116,False,False,10.0,50.0
160,1,40.09247,-118.49345,+proj=laea +lat_0=40.092470 +lon_0=-118.493450 +x_0=0 +y_0=0 +datum=WGS84 +units=m +no_defs,30.0,-11130.0,-11130.0,11130.0,11130.0,742,742,22.26,22.26,550564,0.002,39.992159,40.192707,-118.624155,-118.362745,2,N39W119;N40W119,False,False,10.0,50.0
161,1,41.90435,-119.44464,+proj=laea +lat_0=41.904350 +lon_0=-119.444640 +x_0=0 +y_0=0 +datum=WGS84 +units=m +no_defs,30.0,-11130.0,-11130.0,11130.0,11130.0,742,742,22.26,22.26,550564,0.002,41.804066,42.004555,-119.578987,-119.310293,2,N41W120;N42W120,False,False,10.0,50.0
162,1,41.48953,-118.99663,+proj=laea +lat_0=41.489530 +lon_0=-118.996630 +x_0=0 +y_0=0 +datum=WGS84 +units=m +no_defs,30.0,-11130.0,-11130.0,11130.0,11130.0,742,742,22.26,22.26,550564,0.002,41.389239,41.589742,-119.130114,-118.863146,2,N41W120;N41W119,False,False,10.0,50.0
163,1,41.96737,-118.18934,+proj=laea +lat_0=41.967370 +lon_0=-118.189340 +x_0=0 +y_0=0 +datum=WGS84 +units=m +no_defs,30.0,-11130.0,-11130.0,11130.0,11130.0,742,742,22.26,22.26,550564,0.002,41.867086,42.067574,-118.32382,-118.05486,2,N41W119;N42W119,False,False,10.0,50.0
164,1,40.88358,-117.58812,+proj=laea +lat_0=40.883580 +lon_0=-117.588120 +x_0=0 +y_0=0 +datum=WGS84 +units=m +no_defs,30.0,-11130.0,-11130.0,11130.0,11130.0,742,742,22.26,22.26,550564,0.002,40.78328,40.983803,-117.720374,-117.455866,1,N40W118,False,False,10.0,50.0
165,1,40.3572,-116.8647,+proj=laea +lat_0=40.357200 +lon_0=-116.864700 +x_0=0 +y_0=0 +datum=WGS84 +units=m +no_defs,30.0,-11130.0,-11130.0,11130.0,11130.0,742,742,22.26,22.26,550564,0.002,40.256893,40.457432,-116.995917,-116.733483,1,N40W117,False,False,10.0,50.0
166,1,42.75333,-118.68785,+proj=laea +lat_0=42.753330 +lon_0=-118.687850 +x_0=0 +y_0=0 +datum=WGS84 +units=m +no_defs,30.0,-11130.0,-11130.0,11130.0,11130.0,742,742,22.26,22.26,550564,0.002,42.653058,42.85352,-118.824022,-118.551678,1,N42W119,False,False,10.0,50.0
167,1,40.87959,-119.9534,+proj=laea +lat_0=40.879590 +lon_0=-119.953400 +x_0=0 +y_0=0 +datum=WGS84 +units=m +no_defs,30.0,-11130.0,-11130.0,11130.0,11130.0,742,742,22.26,22.26,550564,0.002,40.77929,40.979813,-120.085646,-119.821154,2,N40W121;N40W120,False,False,10.0,50.0
168,1,39.94597,-120.96972,+proj=laea +lat_0=39.945970 +lon_0=-120.969720 +x_0=0 +y_0=0 +datum=WGS84 +units=m +no_defs,30.0,-11130.0,-11130.0,11130.0,11130.0,742,742,22.26,22.26,550564,0.002,39.845657,40.046209,-121.100145,-120.839295,4,N39W122;N39W121;N40W122;N40W121,False,False,10.0,50.0
169,1,37.37222,-117.97383,+proj=laea +lat_0=37.372220 +lon_0=-117.973830 +x_0=0 +y_0=0 +datum=WGS84 +units=m +no_defs,30.0,-11130.0,-11130.0,11130.0,11130.0,742,742,22.26,22.26,550564,0.002,37.271869,37.472503,-118.099652,-117.848008,2,N37W119;N37W118,False,False,10.0,50.0
170,1,37.7592,-119.8208,+proj=laea +lat_0=37.759200 +lon_0=-119.820800 +x_0=0 +y_0=0 +datum=WGS84 +units=m +no_defs,30.0,-11130.0,-11130.0,11130.0,11130.0,742,742,22.26,22.26,550564,0.002,37.658854,37.859477,-119.947277,-119.694323,1,N37W120,False,False,10.0,50.0
171,1,37.1088,-119.7323,+proj=laea +lat_0=37.108800 +lon_0=-119.732300 +x_0=0 +y_0=0 +datum=WGS84 +units=m +no_defs,30.0,-11130.0,-11130.0,11130.0,11130.0,742,742,22.26,22.26,550564,0.002,37.008445,37.209088,-119.857684,-119.606916,1,N37W120,False,False,10.0,50.0
172,1,42.06667,-104.13333,+proj=laea +lat_0=42.066670 +lon_0=-104.133330 +x_0=0 +y_0=0 +datum=WGS84 +units=m +no_defs,30.0,-11130.0,-11130.0,11130.0,11130.0,742,742,22.26,22.26,550564,0.002,41.966388,42.166872,-104.26802,-103.99864,4,N41W105;N41W104;N42W105;N42W104,False,False,10.0,50.0
173,1,36.17716,-108.94556,+proj=laea +lat_0=36.177160 +lon_0=-108.945560 +x_0=0 +y_0=0 +datum=WGS84 +units=m +no_defs,30.0,-11130.0,-11130.0,11130.0,11130.0,742,742,22.26,22.26,550564,0.002,36.076791,36.277464,-109.069437,-108.821683,2,N36W110;N36W109,False,False,10.0,50.0
174,1,40.79361,-122.55083,+proj=laea +lat_0=40.793610 +lon_0=-122.550830 +x_0=0 +y_0=0 +datum=WGS84 +units=m +no_defs,30.0,-11130.0,-11130.0,11130.0,11130.0,742,742,22.26,22.26,550564,0.002,40.693309,40.893834,-122.682905,-122.418755,1,N40W123,False,False,10.0,50.0
175,1,44.00883,-118.83842,+proj=laea +lat_0=44.008830 +lon_0=-118.838420 +x_0=0 +y_0=0 +datum=WGS84 +units=m +no_defs,30.0,-11130.0,-11130.0,11130.0,11130.0,742,742,22.26,22.26,550564,0.002,43.908577,44.108998,-118.977442,-118.699398,2,N43W119;N44W119,False,False,10.0,50.0
176,1,44.556,-119.6459,+proj=laea +lat_0=44.556000 +lon_0=-119.645900 +x_0=0 +y_0=0 +datum=WGS84 +units=m +no_defs,30.0,-11130.0,-11130.0,11130.0,11130.0,742,742,22.26,22.26,550564,0.002,44.455755,44.656158,-119.786223,-119.505577,1,N44W120,False,False,10.0,50.0
177,1,45.69682,-118.10657,+proj=laea +lat_0=45.696820 +lon_0=-118.106570 +x_0=0 +y_0=0 +datum=WGS84 +units=m +no_defs,30.0,-11130.0,-11130.0,11130.0,11130.0,742,742,22.26,22.26,550564,0.002,45.596591,45.796958,-118.249728,-117.963412,2,N45W119;N45W118,False,False,10.0,50.0
178,1,47.4174,-117.5264,+proj=laea +lat_0=47.417400 +lon_0=-117.526400 +x_0=0 +y_0=0 +datum=WGS84 +units=m +no_defs,30.0,-11130.0,-11130.0,11130.0,11130.0,742,742,22.26,22.26,550564,0.002,47.317196,47.517508,-117.674172,-117.378628,1,N47W118,False,False,10.0,50.0
179,1,46.46633,-114.63333,+proj=laea +lat_0=46.466330 +lon_0=-114.633330 +x_0=0 +y_0=0 +datum=WGS84 +units=m +no_defs,30.0,-11130.0,-11130.0,11130.0,11130.0,742,742,22.26,22.26,550564,0.002,46.366112,46.566455,-114.778499,-114.488161,1,N46W115,False,False,10.0,50.0
180,1,48.05726,-116.23055,+proj=laea +lat_0=48.057260 +lon_0=-116.230550 +x_0=0 +y_0=0 +datum=WGS84 +units=m +no_defs,30.0,-11130.0,-11130.0,11130.0,11130.0,742,742,22.26,22.26,550564,0.002,47.957065,48.157357,-116.38015,-116.08095,2,N47W117;N48W117,False,False,10.0,50.0
181,1,48.72263,-116.46312,+proj=laea +lat_0=48.722630 +lon_0=-116.463120 +x_0=0 +y_0=0 +datum=WGS84 +units=m +no_defs,30.0,-11130.0,-11130.0,11130.0,11130.0,742,742,22.26,22.26,550564,0.002,48.622444,48.822715,-116.61469,-116.31155,1,N48W117,False,False,10.0,50.0
182,1,47.0,-118.56667,+proj=laea +lat_0=47.000000 +lon_0=-118.566670 +x_0=0 +y_0=0 +datum=WGS84 +units=m +no_defs,30.0,-11130.0,-11130.0,11130.0,11130.0,742,742,22.26,22.26,550564,0.002,46.89979,47.100115,-118.713283,-118.420057,2,N46W119;N47W119,False,False,10.0,50.0
183,1,47.0444,-121.94032,+proj=laea +lat_0=47.044400 +lon_0=-121.940320 +x_0=0 +y_0=0 +datum=WGS84 +units=m +no_defs,30.0,-11130.0,-11130.0,11130.0,11130.0,742,742,22.26,22.26,550564,0.002,46.944191,47.144515,-122.087055,-121.793585,4,N46W123;N46W122;N47W123;N47W122,False,False,10.0,50.0
184,1,47.23328,-120.29412,+proj=laea +lat_0=47.233280 +lon_0=-120.294120 +x_0=0 +y_0=0 +datum=WGS84 +units=m +no_defs,30.0,-11130.0,-11130.0,11130.0,11130.0,742,742,22.26,22.26,550564,0.002,47.133073,47.333391,-120.441378,-120.146862,1,N47W121,False,False,10.0,50.0
185,1,45.80272,-111.58655,+proj=laea +lat_0=45.802720 +lon_0=-111.586550 +x_0=0 +y_0=0 +datum=WGS84 +units=m +no_defs,30.0,-11130.0,-11130.0,11130.0,11130.0,742,742,22.26,22.26,550564,0.002,45.702493,45.902856,-111.72998,-111.44312,1,N45W112,False,False,10.0,50.0
186,1,48.30453,-111.92363,+proj=laea +lat_0=48.304530 +lon_0=-111.923630 +x_0=0 +y_0=0 +datum=WGS84 +units=m +no_defs,30.0,-11130.0,-11130.0,11130.0,11130.0,742,742,22.26,22.26,550564,0.002,48.204339,48.404623,-112.073954,-111.773306,2,N48W113;N48W112,False,False,10.0,50.0
187,1,48.43578,-111.18423,+proj=laea +lat_0=48.435780 +lon_0=-111.184230 +x_0=0 +y_0=0 +datum=WGS84 +units=m +no_defs,30.0,-11130.0,-11130.0,11130.0,11130.0,742,742,22.26,22.26,550564,0.002,48.33559,48.53587,-111.334942,-111.033518,1,N48W112,False,False,10.0,50.0
188,1,48.48333,-109.8,+proj=laea +lat_0=48.483330 +lon_0=-109.800000 +x_0=0 +y_0=0 +datum=WGS84 +units=m +no_defs,30.0,-11130.0,-11130.0,11130.0,11130.0,742,742,22.26,22.26,550564,0.002,48.383141,48.583419,-109.950853,-109.649147,1,N48W110,False,False,10.0,50.0
189,1,47.05818,-109.95082,+proj=laea +lat_0=47.058180 +lon_0=-109.950820 +x_0=0 +y_0=0 +datum=WGS84 +units=m +no_defs,30.0,-11130.0,-11130.0,11130.0,11130.0,742,742,22.26,22.26,550564,0.002,46.957971,47.158294,-110.097593,-109.804047,4,N46W111;N46W110;N47W111;N47W110,False,False,10.0,50.0
190,1,25.8996,-81.3183,+proj=laea +lat_0=25.899600 +lon_0=-81.318300 +x_0=0 +y_0=0 +datum=WGS84 +units=m +no_defs,30.0,-11130.0,-11130.0,11130.0,11130.0,742,742,22.26,22.26,550564,0.002,25.799094,26.000063,-81.429469,-81.207131,2,N25W082;N26W082,False,False,10.0,50.0
191,1,27.3836,-81.9509,+proj=laea +lat_0=27.383600 +lon_0=-81.950900 +x_0=0 +y_0=0 +datum=WGS84 +units=m +no_defs,30.0,-11130.0,-11130.0,11130.0,11130.0,742,742,22.26,22.26,550564,0.002,27.283112,27.484042,-82.063522,-81.838278,2,N27W083;N27W082,False,False,10.0,50.0
192,1,29.1,-81.63333,+proj=laea +lat_0=29.100000 +lon_0=-81.633330 +x_0=0 +y_0=0 +datum=WGS84 +units=m +no_defs,30.0,-11130.0,-11130.0,11130.0,11130.0,742,742,22.26,22.26,550564,0.002,28.999534,29.200417,-81.747777,-81.518883,2,N28W082;N29W082,False,False,10.0,50.0
193,1,30.8078,-81.4596,+proj=laea +lat_0=30.807800 +lon_0=-81.459600 +x_0=0 +y_0=0 +datum=WGS84 +units=m +no_defs,30.0,-11130.0,-11130.0,11130.0,11130.0,742,742,22.26,22.26,550564,0.002,30.707356,30.908191,-81.576028,-81.343172,1,N30W082,False,False,10.0,50.0
194,1,34.3,-79.73333,+proj=laea +lat_0=34.300000 +lon_0=-79.733330 +x_0=0 +y_0=0 +datum=WGS84 +units=m +no_defs,30.0,-11130.0,-11130.0,11130.0,11130.0,742,742,22.26,22.26,550564,0.002,34.199604,34.400335,-79.854375,-79.612285,1,N34W080,False,False,10.0,50.0
195,1,32.66667,-81.2,+proj=laea +lat_0=32.666670 +lon_0=-81.200000 +x_0=0 +y_0=0 +datum=WGS84 +units=m +no_defs,30.0,-11130.0,-11130.0,11130.0,11130.0,742,742,22.26,22.26,550564,0.002,32.566252,32.767031,-81.318786,-81.081214,1,N32W082,False,False,10.0,50.0
196,1,36.68333,-76.76667,+proj=laea +lat_0=36.683330 +lon_0=-76.766670 +x_0=0 +y_0=0 +datum=WGS84 +units=m +no_defs,30.0,-11130.0,-11130.0,11130.0,11130.0,742,742,22.26,22.26,550564,0.002,36.582969,36.783625,-76.891357,-76.641983,1,N36W077,False,False,10.0,50.0
197,1,35.799,-76.656,+proj=laea +lat_0=35.799000 +lon_0=-76.656000 +x_0=0 +y_0=0 +datum=WGS84 +units=m +no_defs,30.0,-11130.0,-11130.0,11130.0,11130.0,742,742,22.26,22.26,550564,0.002,35.698626,35.89931,-76.779285,-76.532715,1,N35W077,False,False,10.0,50.0
198,1,37.2907,-75.927,+proj=laea +lat_0=37.290700 +lon_0=-75.927000 +x_0=0 +y_0=0 +datum=WGS84 +units=m +no_defs,30.0,-11130.0,-11130.0,11130.0,11130.0,742,742,22.26,22.26,550564,0.002,37.190348,37.390985,-76.052686,-75.801314,2,N37W077;N37W076,False,False,10.0,50.0
199,1,40.66667,-76.66667,+proj=laea +lat_0=40.666670 +lon_0=-76.666670 +x_0=0 +y_0=0 +datum=WGS84 +units=m +no_defs,30.0,-11130.0,-11130.0,11130.0,11130.0,742,742,22.26,22.26,550564,0.002,40.566367,40.766897,-76.798493,-76.534847,1,N40W077,False,False,10.0,50.0
200,1,37.91667,-79.2,+proj=laea +lat_0=37.916670 +lon_0=-79.200000 +x_0=0 +y_0=0 +datum=WGS84 +units=m +no_defs,30.0,-11130.0,-11130.0,11130.0,11130.0,742,742,22.26,22.26,550564,0.002,37.816327,38.016944,-79.326747,-79.073253,2,N37W080;N38W080,False,False,10.0,50.0
201,1,38.8929,-78.1395,+proj=laea +lat_0=38.892900 +lon_0=-78.139500 +x_0=0 +y_0=0 +datum=WGS84 +units=m +no_defs,30.0,-11130.0,-11130.0,11130.0,11130.0,742,742,22.26,22.26,550564,0.002,38.792571,38.993157,-78.26797,-78.01103,1,N38W079,False,False,10.0,50.0
202,1,39.013,-79.4743,+proj=laea +lat_0=39.013000 +lon_0=-79.474300 +x_0=0 +y_0=0 +datum=WGS84 +units=m +no_defs,30.0,-11130.0,-11130.0,11130.0,11130.0,742,742,22.26,22.26,550564,0.002,38.912673,39.113255,-79.602988,-79.345612,2,N38W080;N39W080,False,False,10.0,50.0
203,1,36.63333,-80.13333,+proj=laea +lat_0=36.633330 +lon_0=-80.133330 +x_0=0 +y_0=0 +datum=WGS84 +units=m +no_defs,30.0,-11130.0,-11130.0,11130.0,11130.0,742,742,22.26,22.26,550564,0.002,36.532968,36.733626,-80.257936,-80.008724,1,N36W081,False,False,10.0,50.0
204,1,35.9705,-79.0931,+proj=laea +lat_0=35.970500 +lon_0=-79.093100 +x_0=0 +y_0=0 +datum=WGS84 +units=m +no_defs,30.0,-11130.0,-11130.0,11130.0,11130.0,742,742,22.26,22.26,550564,0.002,35.870128,36.070807,-79.216652,-78.969548,4,N35W080;N35W079;N36W080;N36W079,False,False,10.0,50.0
205,1,45.41667,-93.95,+proj=laea +lat_0=45.416670 +lon_0=-93.950000 +x_0=0 +y_0=0 +datum=WGS84 +units=m +no_defs,30.0,-11130.0,-11130.0,11130.0,11130.0,742,742,22.26,22.26,550564,0.002,45.316437,45.516813,-94.092446,-93.807554,2,N45W095;N45W094,False,False,10.0,50.0
206,1,31.504,-94.75994,+proj=laea +lat_0=31.504000 +lon_0=-94.759940 +x_0=0 +y_0=0 +datum=WGS84 +units=m +no_defs,30.0,-11130.0,-11130.0,11130.0,11130.0,742,742,22.26,22.26,550564,0.002,31.403566,31.60438,-94.877225,-94.642655,1,N31W095,False,False,10.0,50.0
207,1,30.08333,-95.98333,+proj=laea +lat_0=30.083330 +lon_0=-95.983330 +x_0=0 +y_0=0 +datum=WGS84 +units=m +no_defs,30.0,-11130.0,-11130.0,11130.0,11130.0,742,742,22.26,22.26,550564,0.002,29.982876,30.183732,-96.098896,-95.867764,4,N29W097;N29W096;N30W097;N30W096,False,False,10.0,50.0
208,1,38.8882,-86.5707,+proj=laea +lat_0=38.888200 +lon_0=-86.570700 +x_0=0 +y_0=0 +datum=WGS84 +units=m +no_defs,30.0,-11130.0,-11130.0,11130.0,11130.0,742,742,22.26,22.26,550564,0.002,38.787871,38.988457,-86.699162,-86.442238,1,N38W087,False,False,10.0,50.0
209,1,39.3232,-86.4131,+proj=laea +lat_0=39.323200 +lon_0=-86.413100 +x_0=0 +y_0=0 +datum=WGS84 +units=m +no_defs,30.0,-11130.0,-11130.0,11130.0,11130.0,742,742,22.26,22.26,550564,0.002,39.222877,39.42345,-86.542356,-86.283844,1,N39W087,False,False,10.0,50.0
210,1,31.01912,-85.03693,+proj=laea +lat_0=31.019120 +lon_0=-85.036930 +x_0=0 +y_0=0 +datum=WGS84 +units=m +no_defs,30.0,-11130.0,-11130.0,11130.0,11130.0,742,742,22.26,22.26,550564,0.002,30.918679,31.119507,-85.153615,-84.920245,4,N30W086;N30W085;N31W086;N31W085,False,False,10.0,50.0
211,1,31.5,-83.55,+proj=laea +lat_0=31.500000 +lon_0=-83.550000 +x_0=0 +y_0=0 +datum=WGS84 +units=m +no_defs,30.0,-11130.0,-11130.0,11130.0,11130.0,742,742,22.26,22.26,550564,0.002,31.399565,31.60038,-83.66728,-83.43272,1,N31W084,False,False,10.0,50.0
212,1,30.3,-84.41667,+proj=laea +lat_0=30.300000 +lon_0=-84.416670 +x_0=0 +y_0=0 +datum=WGS84 +units=m +no_defs,30.0,-11130.0,-11130.0,11130.0,11130.0,742,742,22.26,22.26,550564,0.002,30.199549,30.400398,-84.532491,-84.300849,1,N30W085,False,False,10.0,50.0
213,1,30.5238,-87.69797,+proj=laea +lat_0=30.523800 +lon_0=-87.697970 +x_0=0 +y_0=0 +datum=WGS84 +units=m +no_defs,30.0,-11130.0,-11130.0,11130.0,11130.0,742,742,22.26,22.26,550564,0.002,30.423352,30.624195,-87.814056,-87.581884,1,N30W088,False,False,10.0,50.0
214,1,31.10923,-87.55277,+proj=laea +lat_0=31.109230 +lon_0=-87.552770 +x_0=0 +y_0=0 +datum=WGS84 +units=m +no_defs,30.0,-11130.0,-11130.0,11130.0,11130.0,742,742,22.26,22.26,550564,0.002,31.00879,31.209616,-87.669565,-87.435975,1,N31W088,False,False,10.0,50.0
215,1,30.4712,-88.74162,+proj=laea +lat_0=30.471200 +lon_0=-88.741620 +x_0=0 +y_0=0 +datum=WGS84 +units=m +no_defs,30.0,-11130.0,-11130.0,11130.0,11130.0,742,742,22.26,22.26,550564,0.002,30.370752,30.571596,-88.857644,-88.625596,1,N30W089,False,False,10.0,50.0
216,1,34.17973,-87.45618,+proj=laea +lat_0=34.179730 +lon_0=-87.456180 +x_0=0 +y_0=0 +datum=WGS84 +units=m +no_defs,30.0,-11130.0,-11130.0,11130.0,11130.0,742,742,22.26,22.26,550564,0.002,34.079333,34.280067,-87.577052,-87.335308,1,N34W088,False,False,10.0,50.0
217,1,34.81982,-87.98685,+proj=laea +lat_0=34.819820 +lon_0=-87.986850 +x_0=0 +y_0=0 +datum=WGS84 +units=m +no_defs,30.0,-11130.0,-11130.0,11130.0,11130.0,742,742,22.26,22.26,550564,0.002,34.719432,34.920146,-88.108653,-87.865047,2,N34W089;N34W088,False,False,10.0,50.0
218,1,36.0138,-85.1345,+proj=laea +lat_0=36.013800 +lon_0=-85.134500 +x_0=0 +y_0=0 +datum=WGS84 +units=m +no_defs,30.0,-11130.0,-11130.0,11130.0,11130.0,742,742,22.26,22.26,550564,0.002,35.913429,36.114106,-85.25812,-85.01088,2,N35W086;N36W086,False,False,10.0,50.0
219,1,36.841,-96.427,+proj=laea +lat_0=36.841000 +lon_0=-96.427000 +x_0=0 +y_0=0 +datum=WGS84 +units=m +no_defs,30.0,-11130.0,-11130.0,11130.0,11130.0,742,742,22.26,22.26,550564,0.002,36.740641,36.941292,-96.551943,-96.302057,1,N36W097,False,False,10.0,50.0
220,1,37.068,-95.788,+proj=laea +lat_0=37.068000 +lon_0=-95.788000 +x_0=0 +y_0=0 +datum=WGS84 +units=m +no_defs,30.0,-11130.0,-11130.0,11130.0,11130.0,742,742,22.26,22.26,550564,0.002,36.967644,37.168289,-95.913316,-95.662684,2,N36W096;N37W096,False,False,10.0,50.0
221,1,37.06667,-93.88333,+proj=laea +lat_0=37.066670 +lon_0=-93.883330 +x_0=0 +y_0=0 +datum=WGS84 +units=m +no_defs,30.0,-11130.0,-11130.0,11130.0,11130.0,742,742,22.26,22.26,550564,0.002,36.966314,37.166959,-94.008644,-93.758016,4,N36W095;N36W094;N37W095;N37W094,False,False,10.0,50.0
222,1,37.4277,-94.5829,+proj=laea +lat_0=37.427700 +lon_0=-94.582900 +x_0=0 +y_0=0 +datum=WGS84 +units=m +no_defs,30.0,-11130.0,-11130.0,11130.0,11130.0,742,742,22.26,22.26,550564,0.002,37.32735,37.527982,-94.708815,-94.456985,1,N37W095,False,False,10.0,50.0
223,1,36.9973,-92.2594,+proj=laea +lat_0=36.997300 +lon_0=-92.259400 +x_0=0 +y_0=0 +datum=WGS84 +units=m +no_defs,30.0,-11130.0,-11130.0,11130.0,11130.0,742,742,22.26,22.26,550564,0.002,36.896943,37.09759,-92.3846,-92.1342,2,N36W093;N37W093,False,False,10.0,50.0
224,1,39.15306,-90.78278,+proj=laea +lat_0=39.153060 +lon_0=-90.782780 +x_0=0 +y_0=0 +datum=WGS84 +units=m +no_defs,30.0,-11130.0,-11130.0,11130.0,11130.0,742,742,22.26,22.26,550564,0.002,39.052735,39.253313,-90.911723,-90.653837,1,N39W091,False,False,10.0,50.0
225,1,36.78333,-89.93333,+proj=laea +lat_0=36.783330 +lon_0=-89.933330 +x_0=0 +y_0=0 +datum=WGS84 +units=m +no_defs,30.0,-11130.0,-11130.0,11130.0,11130.0,742,742,22.26,22.26,550564,0.002,36.68297,36.883623,-90.058179,-89.808481,2,N36W091;N36W090,False,False,10.0,50.0
226,1,35.20842,-92.92462,+proj=laea +lat_0=35.208420 +lon_0=-92.924620 +x_0=0 +y_0=0 +datum=WGS84 +units=m +no_defs,30.0,-11130.0,-11130.0,11130.0,11130.0,742,742,22.26,22.26,550564,0.002,35.108037,35.30874,-93.047003,-92.802237,2,N35W094;N35W093,False,False,10.0,50.0
227,1,35.8201,-91.7812,+proj=laea +lat_0=35.820100 +lon_0=-91.781200 +x_0=0 +y_0=0 +datum=WGS84 +units=m +no_defs,30.0,-11130.0,-11130.0,11130.0,11130.0,742,742,22.26,22.26,550564,0.002,35.719726,35.92041,-91.904518,-91.657882,1,N35W092,False,False,10.0,50.0
228,1,34.27788,-91.35017,+proj=laea +lat_0=34.277880 +lon_0=-91.350170 +x_0=0 +y_0=0 +datum=WGS84 +units=m +no_defs,30.0,-11130.0,-11130.0,11130.0,11130.0,742,742,22.26,22.26,550564,0.002,34.177484,34.378215,-91.471183,-91.229157,1,N34W092,False,False,10.0,50.0
229,1,34.25188,-92.02632,+proj=laea +lat_0=34.251880 +lon_0=-92.026320 +x_0=0 +y_0=0 +datum=WGS84 +units=m +no_defs,30.0,-11130.0,-11130.0,11130.0,11130.0,742,742,22.26,22.26,550564,0.002,34.151484,34.352216,-92.147296,-91.905344,2,N34W093;N34W092,False,False,10.0,50.0
230,1,34.6764,-90.41142,+proj=laea +lat_0=34.676400 +lon_0=-90.411420 +x_0=0 +y_0=0 +datum=WGS84 +units=m +no_defs,30.0,-11130.0,-11130.0,11130.0,11130.0,742,742,22.26,22.26,550564,0.002,34.57601,34.776729,-90.533012,-90.289828,1,N34W091,False,False,10.0,50.0
231,1,35.27732,-90.45031,+proj=laea +lat_0=35.277320 +lon_0=-90.450310 +x_0=0 +y_0=0 +datum=WGS84 +units=m +no_defs,30.0,-11130.0,-11130.0,11130.0,11130.0,742,742,22.26,22.26,550564,0.002,35.176938,35.377639,-90.572797,-90.327823,1,N35W091,False,False,10.0,50.0
232,1,34.23333,-89.9,+proj=laea +lat_0=34.233330 +lon_0=-89.900000 +x_0=0 +y_0=0 +datum=WGS84 +units=m +no_defs,30.0,-11130.0,-11130.0,11130.0,11130.0,742,742,22.26,22.26,550564,0.002,34.132934,34.333666,-90.020949,-89.779051,2,N34W091;N34W090,False,False,10.0,50.0
233,1,32.8833,-92.1165,+proj=laea +lat_0=32.883300 +lon_0=-92.116500 +x_0=0 +y_0=0 +datum=WGS84 +units=m +no_defs,30.0,-11130.0,-11130.0,11130.0,11130.0,742,742,22.26,22.26,550564,0.002,32.782885,32.983658,-92.235575,-91.997425,2,N32W093;N32W092,False,False,10.0,50.0
234,1,32.40392,-86.89137,+proj=laea +lat_0=32.403920 +lon_0=-86.891370 +x_0=0 +y_0=0 +datum=WGS84 +units=m +no_defs,30.0,-11130.0,-11130.0,11130.0,11130.0,742,742,22.26,22.26,550564,0.002,32.303498,32.504285,-87.009809,-86.772931,2,N32W088;N32W087,False,False,10.0,50.0
235,1,32.5417,-87.8039,+proj=laea +lat_0=32.541700 +lon_0=-87.803900 +x_0=0 +y_0=0 +datum=WGS84 +units=m +no_defs,30.0,-11130.0,-11130.0,11130.0,11130.0,742,742,22.26,22.26,550564,0.002,32.44128,32.642063,-87.92252,-87.68528,1,N32W088,False,False,10.0,50.0
236,1,32.41222,-85.91028,+proj=laea +lat_0=32.412220 +lon_0=-85.910280 +x_0=0 +y_0=0 +datum=WGS84 +units=m +no_defs,30.0,-11130.0,-11130.0,11130.0,11130.0,742,742,22.26,22.26,550564,0.002,32.311798,32.512585,-86.02873,-85.79183,2,N32W087;N32W086,False,False,10.0,50.0
237,1,32.3378,-89.0703,+proj=laea +lat_0=32.337800 +lon_0=-89.070300 +x_0=0 +y_0=0 +datum=WGS84 +units=m +no_defs,30.0,-11130.0,-11130.0,11130.0,11130.0,742,742,22.26,22.26,550564,0.002,32.237377,32.438167,-89.188652,-88.951948,2,N32W090;N32W089,False,False,10.0,50.0
238,1,33.47094,-88.78051,+proj=laea +lat_0=33.470940 +lon_0=-88.780510 +x_0=0 +y_0=0 +datum=WGS84 +units=m +no_defs,30.0,-11130.0,-11130.0,11130.0,11130.0,742,742,22.26,22.26,550564,0.002,33.370533,33.571288,-88.900385,-88.660635,1,N33W089,False,False,10.0,50.0
239,1,40.31667,-89.9,+proj=laea +lat_0=40.316670 +lon_0=-89.900000 +x_0=0 +y_0=0 +datum=WGS84 +units=m +no_defs,30.0,-11130.0,-11130.0,11130.0,11130.0,742,742,22.26,22.26,550564,0.002,40.216362,40.416903,-90.031138,-89.768862,2,N40W091;N40W090,False,False,10.0,50.0
240,1,37.1,-87.83333,+proj=laea +lat_0=37.100000 +lon_0=-87.833330 +x_0=0 +y_0=0 +datum=WGS84 +units=m +no_defs,30.0,-11130.0,-11130.0,11130.0,11130.0,742,742,22.26,22.26,550564,0.002,36.999645,37.200288,-87.958699,-87.707961,2,N36W088;N37W088,False,False,10.0,50.0
241,1,38.0945,-84.7465,+proj=laea +lat_0=38.094500 +lon_0=-84.746500 +x_0=0 +y_0=0 +datum=WGS84 +units=m +no_defs,30.0,-11130.0,-11130.0,11130.0,11130.0,742,742,22.26,22.26,550564,0.002,37.994159,38.194771,-84.873555,-84.619445,2,N37W085;N38W085,False,False,10.0,50.0
242,1,39.70045,-96.1629,+proj=laea +lat_0=39.700450 +lon_0=-96.162900 +x_0=0 +y_0=0 +datum=WGS84 +units=m +no_defs,30.0,-11130.0,-11130.0,11130.0,11130.0,742,742,22.26,22.26,550564,0.002,39.600133,39.800693,-96.29286,-96.03294,1,N39W097,False,False,10.0,50.0
243,1,38.7745,-97.5684,+proj=laea +lat_0=38.774500 +lon_0=-97.568400 +x_0=0 +y_0=0 +datum=WGS84 +units=m +no_defs,30.0,-11130.0,-11130.0,11130.0,11130.0,742,742,22.26,22.26,550564,0.002,38.674169,38.874759,-97.696657,-97.440143,1,N38W098,False,False,10.0,50.0
244,1,38.86667,-94.03333,+proj=laea +lat_0=38.866670 +lon_0=-94.033330 +x_0=0 +y_0=0 +datum=WGS84 +units=m +no_defs,30.0,-11130.0,-11130.0,11130.0,11130.0,742,742,22.26,22.26,550564,0.002,38.766341,38.966928,-94.161753,-93.904907,2,N38W095;N38W094,False,False,10.0,50.0
245,1,42.43333,-95.76667,+proj=laea +lat_0=42.433330 +lon_0=-95.766670 +x_0=0 +y_0=0 +datum=WGS84 +units=m +no_defs,30.0,-11130.0,-11130.0,11130.0,11130.0,742,742,22.26,22.26,550564,0.002,42.333053,42.533526,-95.902145,-95.631195,1,N42W096,False,False,10.0,50.0
246,1,40.25,-93.71667,+proj=laea +lat_0=40.250000 +lon_0=-93.716670 +x_0=0 +y_0=0 +datum=WGS84 +units=m +no_defs,30.0,-11130.0,-11130.0,11130.0,11130.0,742,742,22.26,22.26,550564,0.002,40.149691,40.350234,-93.847679,-93.585661,1,N40W094,False,False,10.0,50.0
247,1,43.73835,-96.61455,+proj=laea +lat_0=43.738350 +lon_0=-96.614550 +x_0=0 +y_0=0 +datum=WGS84 +units=m +no_defs,30.0,-11130.0,-11130.0,11130.0,11130.0,742,742,22.26,22.26,550564,0.002,43.638093,43.838523,-96.752942,-96.476158,1,N43W097,False,False,10.0,50.0
248,1,42.01667,-93.73333,+proj=laea +lat_0=42.016670 +lon_0=-93.733330 +x_0=0 +y_0=0 +datum=WGS84 +units=m +no_defs,30.0,-11130.0,-11130.0,11130.0,11130.0,742,742,22.26,22.26,550564,0.002,41.916387,42.116873,-93.867914,-93.598746,2,N41W094;N42W094,False,False,10.0,50.0
249,1,39.78638,-99.32953,+proj=laea +lat_0=39.786380 +lon_0=-99.329530 +x_0=0 +y_0=0 +datum=WGS84 +units=m +no_defs,30.0,-11130.0,-11130.0,11130.0,11130.0,742,742,22.26,22.26,550564,0.002,39.686064,39.886622,-99.459652,-99.199408,1,N39W100,False,False,10.0,50.0
250,1,35.16667,-102.1,+proj=laea +lat_0=35.166670 +lon_0=-102.100000 +x_0=0 +y_0=0 +datum=WGS84 +units=m +no_defs,30.0,-11130.0,-11130.0,11130.0,11130.0,742,742,22.26,22.26,550564,0.002,35.066287,35.26699,-102.22232,-101.97768,2,N35W103;N35W102,False,False,10.0,50.0
251,1,30.6222,-98.0846,+proj=laea +lat_0=30.622200 +lon_0=-98.084600 +x_0=0 +y_0=0 +datum=WGS84 +units=m +no_defs,30.0,-11130.0,-11130.0,11130.0,11130.0,742,742,22.26,22.26,550564,0.002,30.521754,30.722593,-98.200804,-97.968396,2,N30W099;N30W098,False,False,10.0,50.0
252,1,29.21578,-99.75517,+proj=laea +lat_0=29.215780 +lon_0=-99.755170 +x_0=0 +y_0=0 +datum=WGS84 +units=m +no_defs,30.0,-11130.0,-11130.0,11130.0,11130.0,742,742,22.26,22.26,550564,0.002,29.115315,29.316195,-99.869746,-99.640594,1,N29W100,False,False,10.0,50.0
253,1,32.24535,-98.19563,+proj=laea +lat_0=32.245350 +lon_0=-98.195630 +x_0=0 +y_0=0 +datum=WGS84 +units=m +no_defs,30.0,-11130.0,-11130.0,11130.0,11130.0,742,742,22.26,22.26,550564,0.002,32.144926,32.345718,-98.313862,-98.077398,1,N32W099,False,False,10.0,50.0
254,1,33.4012,-97.57,+proj=laea +lat_0=33.401200 +lon_0=-97.570000 +x_0=0 +y_0=0 +datum=WGS84 +units=m +no_defs,30.0,-11130.0,-11130.0,11130.0,11130.0,742,742,22.26,22.26,550564,0.002,33.300792,33.501549,-97.689779,-97.450221,1,N33W098,False,False,10.0,50.0
255,1,31.5496,-100.50748,+proj=laea +lat_0=31.549600 +lon_0=-100.507480 +x_0=0 +y_0=0 +datum=WGS84 +units=m +no_defs,30.0,-11130.0,-11130.0,11130.0,11130.0,742,742,22.26,22.26,550564,0.002,31.449166,31.649979,-100.624822,-100.390138,1,N31W101,False,False,10.0,50.0
256,1,32.0408,-100.2495,+proj=laea +lat_0=32.040800 +lon_0=-100.249500 +x_0=0 +y_0=0 +datum=WGS84 +units=m +no_defs,30.0,-11130.0,-11130.0,11130.0,11130.0,742,742,22.26,22.26,550564,0.002,31.940373,32.141171,-100.367467,-100.131533,2,N31W101;N32W101,False,False,10.0,50.0
257,1,33.44635,-99.86657,+proj=laea +lat_0=33.446350 +lon_0=-99.866570 +x_0=0 +y_0=0 +datum=WGS84 +units=m +no_defs,30.0,-11130.0,-11130.0,11130.0,11130.0,742,742,22.26,22.26,550564,0.002,33.345942,33.546699,-99.986411,-99.746729,1,N33W100,False,False,10.0,50.0
258,1,34.01635,-99.2464,+proj=laea +lat_0=34.016350 +lon_0=-99.246400 +x_0=0 +y_0=0 +datum=WGS84 +units=m +no_defs,30.0,-11130.0,-11130.0,11130.0,11130.0,742,742,22.26,22.26,550564,0.002,33.91595,34.116689,-99.367039,-99.125761,2,N33W100;N34W100,False,False,10.0,50.0
259,1,40.37042,-101.7201,+proj=laea +lat_0=40.370420 +lon_0=-101.720100 +x_0=0 +y_0=0 +datum=WGS84 +units=m +no_defs,30.0,-11130.0,-11130.0,11130.0,11130.0,742,742,22.26,22.26,550564,0.002,40.270113,40.470652,-101.851342,-101.588858,1,N40W102,False,False,10.0,50.0
260,1,31.6219,-102.8071,+proj=laea +lat_0=31.621900 +lon_0=-102.807100 +x_0=0 +y_0=0 +datum=WGS84 +units=m +no_defs,30.0,-11130.0,-11130.0,11130.0,11130.0,742,742,22.26,22.26,550564,0.002,31.521467,31.722278,-102.924533,-102.689667,1,N31W103,False,False,10.0,50.0
261,1,47.71667,-96.26667,+proj=laea +lat_0=47.716670 +lon_0=-96.266670 +x_0=0 +y_0=0 +datum=WGS84 +units=m +no_defs,30.0,-11130.0,-11130.0,11130.0,11130.0,742,742,22.26,22.26,550564,0.002,47.61647,47.816773,-96.415289,-96.118051,1,N47W097,False,False,10.0,50.0
262,1,42.88333,-77.03333,+proj=laea +lat_0=42.883330 +lon_0=-77.033330 +x_0=0 +y_0=0 +datum=WGS84 +units=m +no_defs,30.0,-11130.0,-11130.0,11130.0,11130.0,742,742,22.26,22.26,550564,0.002,42.78306,42.983518,-77.169789,-76.896871,2,N42W078;N42W077,False,False,10.0,50.0
263,1,29.3483,-103.2093,+proj=laea +lat_0=29.348300 +lon_0=-103.209300 +x_0=0 +y_0=0 +datum=WGS84 +units=m +no_defs,30.0,-11130.0,-11130.0,11130.0,11130.0,742,742,22.26,22.26,550564,0.002,29.247837,29.448713,-103.324024,-103.094576,1,N29W104,False,False,10.0,50.0
264,1,32.835,-114.1884,+proj=laea +lat_0=32.835000 +lon_0=-114.188400 +x_0=0 +y_0=0 +datum=WGS84 +units=m +no_defs,30.0,-11130.0,-11130.0,11130.0,11130.0,742,742,22.26,22.26,550564,0.002,32.734584,32.935359,-114.30741,-114.06939,1,N32W115,False,False,10.0,50.0
265,1,30.0918,-91.8731,+proj=laea +lat_0=30.091800 +lon_0=-91.873100 +x_0=0 +y_0=0 +datum=WGS84 +units=m +no_defs,30.0,-11130.0,-11130.0,11130.0,11130.0,742,742,22.26,22.26,550564,0.002,29.991347,30.192202,-91.988676,-91.757524,2,N29W092;N30W092,False,False,10.0,50.0
266,1,45.4094,-75.5186,+proj=laea +lat_0=45.409400 +lon_0=-75.518600 +x_0=0 +y_0=0 +datum=WGS84 +units=m +no_defs,30.0,-11130.0,-11130.0,11130.0,11130.0,742,742,22.26,22.26,550564,0.002,45.309167,45.509543,-75.661027,-75.376173,1,N45W076,False,False,10.0,50.0
267,1,67.25333,-150.183,+proj=laea +lat_0=67.253330 +lon_0=-150.183000 +x_0=0 +y_0=0 +datum=WGS84 +units=m +no_defs,30.0,-11130.0,-11130.0,11130.0,11130.0,742,742,22.26,22.26,550564,0.002,67.153326,67.353127,-150.441917,-149.924083,2,N67W151;N67W150,False,False,10.0,50.0
268,1,66.745,-150.6675,+proj=laea +lat_0=66.745000 +lon_0=-150.667500 +x_0=0 +y_0=0 +datum=WGS84 +units=m +no_defs,30.0,-11130.0,-11130.0,11130.0,11130.0,742,742,22.26,22.26,550564,0.002,66.644994,66.844804,-150.921042,-150.413958,1,N66W151,False,False,10.0,50.0
269,1,62.06947,-142.04919,+proj=laea +lat_0=62.069470 +lon_0=-142.049190 +x_0=0 +y_0=0 +datum=WGS84 +units=m +no_defs,30.0,-11130.0,-11130.0,11130.0,11130.0,742,742,22.26,22.26,550564,0.002,61.969438,62.169338,-142.262787,-141.835593,4,N61W143;N61W142;N62W143;N62W142,False,False,10.0,50.0
270,1,61.34918,-142.69355,+proj=laea +lat_0=61.349180 +lon_0=-142.693550 +x_0=0 +y_0=0 +datum=WGS84 +units=m +no_defs,30.0,-11130.0,-11130.0,11130.0,11130.0,742,742,22.26,22.26,550564,0.002,61.249142,61.449058,-142.902203,-142.484897,1,N61W143,False,False,10.0,50.0
271,1,64.78969,-141.23376,+proj=laea +lat_0=64.789690 +lon_0=-141.233760 +x_0=0 +y_0=0 +datum=WGS84 +units=m +no_defs,30.0,-11130.0,-11130.0,11130.0,11130.0,742,742,22.26,22.26,550564,0.002,64.689676,64.889519,-141.468716,-140.998804,2,N64W142;N64W141,False,False,10.0,50.0
272,1,64.14797,-141.32985,+proj=laea +lat_0=64.147970 +lon_0=-141.329850 +x_0=0 +y_0=0 +datum=WGS84 +units=m +no_defs,30.0,-11130.0,-11130.0,11130.0,11130.0,742,742,22.26,22.26,550564,0.002,64.047952,64.247808,-141.559343,-141.100357,1,N64W142,False,False,10.0,50.0
273,1,63.32529,-143.03834,+proj=laea +lat_0=63.325290 +lon_0=-143.038340 +x_0=0 +y_0=0 +datum=WGS84 +units=m +no_defs,30.0,-11130.0,-11130.0,11130.0,11130.0,742,742,22.26,22.26,550564,0.002,63.225267,63.42514,-143.261231,-142.815449,2,N63W144;N63W143,False,False,10.0,50.0
274,1,63.2026,-145.63442,+proj=laea +lat_0=63.202600 +lon_0=-145.634420 +x_0=0 +y_0=0 +datum=WGS84 +units=m +no_defs,30.0,-11130.0,-11130.0,11130.0,11130.0,742,742,22.26,22.26,550564,0.002,63.102576,63.302451,-145.856362,-145.412478,1,N63W146,False,False,10.0,50.0
275,1,62.40962,-145.37513,+proj=laea +lat_0=62.409620 +lon_0=-145.375130 +x_0=0 +y_0=0 +datum=WGS84 +units=m +no_defs,30.0,-11130.0,-11130.0,11130.0,11130.0,742,742,22.26,22.26,550564,0.002,62.30959,62.509483,-145.591157,-145.159103,1,N62W146,False,False,10.0,50.0
276,1,61.19112,-145.64807,+proj=laea +lat_0=61.191120 +lon_0=-145.648070 +x_0=0 +y_0=0 +datum=WGS84 +units=m +no_defs,30.0,-11130.0,-11130.0,11130.0,11130.0,742,742,22.26,22.26,550564,0.002,61.091081,61.291001,-145.855672,-145.440468,1,N61W146,False,False,10.0,50.0
277,1,62.13245,-150.04391,+proj=laea +lat_0=62.132450 +lon_0=-150.043910 +x_0=0 +y_0=0 +datum=WGS84 +units=m +no_defs,30.0,-11130.0,-11130.0,11130.0,11130.0,742,742,22.26,22.26,550564,0.002,62.032418,62.232317,-150.257952,-149.829868,2,N62W151;N62W150,False,False,10.0,50.0
278,1,62.62918,-150.7741,+proj=laea +lat_0=62.629180 +lon_0=-150.774100 +x_0=0 +y_0=0 +datum=WGS84 +units=m +no_defs,30.0,-11130.0,-11130.0,11130.0,11130.0,742,742,22.26,22.26,550564,0.002,62.529152,62.72904,-150.991728,-150.556472,1,N62W151,False,False,10.0,50.0
279,1,61.65653,-149.12926,+proj=laea +lat_0=61.656530 +lon_0=-149.129260 +x_0=0 +y_0=0 +datum=WGS84 +units=m +no_defs,30.0,-11130.0,-11130.0,11130.0,11130.0,742,742,22.26,22.26,550564,0.002,61.556495,61.756404,-149.33999,-148.91853,2,N61W150;N61W149,False,False,10.0,50.0
280,1,60.72499,-150.47369,+proj=laea +lat_0=60.724990 +lon_0=-150.473690 +x_0=0 +y_0=0 +datum=WGS84 +units=m +no_defs,30.0,-11130.0,-11130.0,11130.0,11130.0,742,742,22.26,22.26,550564,0.002,60.624947,60.824878,-150.678265,-150.269115,1,N60W151,False,False,10.0,50.0
281,1,59.35065,-151.84768,+proj=laea +lat_0=59.350650 +lon_0=-151.847680 +x_0=0 +y_0=0 +datum=WGS84 +units=m +no_defs,30.0,-11130.0,-11130.0,11130.0,11130.0,742,742,22.26,22.26,550564,0.002,59.250594,59.450558,-152.043897,-151.651463,2,N59W153;N59W152,False,False,10.0,50.0
282,1,59.08358,-154.27785,+proj=laea +lat_0=59.083580 +lon_0=-154.277850 +x_0=0 +y_0=0 +datum=WGS84 +units=m +no_defs,30.0,-11130.0,-11130.0,11130.0,11130.0,742,742,22.26,22.26,550564,0.002,58.983521,59.183493,-154.472534,-154.083166,2,N58W155;N59W155,False,False,10.0,50.0
283,1,60.98347,-153.91866,+proj=laea +lat_0=60.983470 +lon_0=-153.918660 +x_0=0 +y_0=0 +datum=WGS84 +units=m +no_defs,30.0,-11130.0,-11130.0,11130.0,11130.0,742,742,22.26,22.26,550564,0.002,60.883429,61.083354,-154.124901,-153.712419,4,N60W155;N60W154;N61W155;N61W154,False,False,10.0,50.0
284,1,64.69662,-156.71497,+proj=laea +lat_0=64.696620 +lon_0=-156.714970 +x_0=0 +y_0=0 +datum=WGS84 +units=m +no_defs,30.0,-11130.0,-11130.0,11130.0,11130.0,742,742,22.26,22.26,550564,0.002,64.596605,64.796451,-156.949116,-156.480824,1,N64W157,False,False,10.0,50.0
285,1,62.94652,-155.6102,+proj=laea +lat_0=62.946520 +lon_0=-155.610200 +x_0=0 +y_0=0 +datum=WGS84 +units=m +no_defs,30.0,-11130.0,-11130.0,11130.0,11130.0,742,742,22.26,22.26,550564,0.002,62.846494,63.046375,-155.830192,-155.390208,2,N62W156;N63W156,False,False,10.0,50.0
286,1,61.58337,-159.57708,+proj=laea +lat_0=61.583370 +lon_0=-159.577080 +x_0=0 +y_0=0 +datum=WGS84 +units=m +no_defs,30.0,-11130.0,-11130.0,11130.0,11130.0,742,742,22.26,22.26,550564,0.002,61.483334,61.683245,-159.787311,-159.366849,1,N61W160,False,False,10.0,50.0
287,1,67.9297,-162.2906,+proj=laea +lat_0=67.929700 +lon_0=-162.290600 +x_0=0 +y_0=0 +datum=WGS84 +units=m +no_defs,30.0,-11130.0,-11130.0,11130.0,11130.0,742,742,22.26,22.26,550564,0.002,67.829697,68.029489,-162.557068,-162.024132,2,N67W163;N68W163,False,False,10.0,50.0
288,1,59.58668,-135.19455,+proj=laea +lat_0=59.586680 +lon_0=-135.194550 +x_0=0 +y_0=0 +datum=WGS84 +units=m +no_defs,30.0,-11130.0,-11130.0,11130.0,11130.0,742,742,22.26,22.26,550564,0.002,59.486626,59.686585,-135.392145,-134.996955,2,N59W136;N59W135,False,False,10.0,50.0
289,1,5.2787,-52.9248,+proj=laea +lat_0=5.278700 +lon_0=-52.924800 +x_0=0 +y_0=0 +datum=WGS84 +units=m +no_defs,30.0,-11130.0,-11130.0,11130.0,11130.0,742,742,22.26,22.26,550564,0.002,5.178044,5.379348,-53.025222,-52.824378,2,N05W054;N05W053,False,False,10.0,50.0
290,1,41.84843,74.33435,+proj=laea +lat_0=41.848430 +lon_0=74.334350 +x_0=0 +y_0=0 +datum=WGS84 +units=m +no_defs,30.0,-11130.0,-11130.0,11130.0,11130.0,742,742,22.26,22.26,550564,0.002,41.748145,41.948636,74.20012,74.46858,1,N41E074,False,False,10.0,50.0
291,1,39.64848,71.58556,+proj=laea +lat_0=39.648480 +lon_0=71.585560 +x_0=0 +y_0=0 +datum=WGS84 +units=m +no_defs,30.0,-11130.0,-11130.0,11130.0,11130.0,742,742,22.26,22.26,550564,0.002,39.548162,39.748724,71.455698,71.715422,1,N39E071,False,False,10.0,50.0
292,1,41.99651,70.63916,+proj=laea +lat_0=41.996510 +lon_0=70.639160 +x_0=0 +y_0=0 +datum=WGS84 +units=m +no_defs,30.0,-11130.0,-11130.0,11130.0,11130.0,742,742,22.26,22.26,550564,0.002,41.896227,42.096713,70.504619,70.773701,2,N41E070;N42E070,False,False,10.0,50.0
293,1,38.6738,66.8969,+proj=laea +lat_0=38.673800 +lon_0=66.896900 +x_0=0 +y_0=0 +datum=WGS84 +units=m +no_defs,30.0,-11130.0,-11130.0,11130.0,11130.0,742,742,22.26,22.26,550564,0.002,38.573468,38.774061,66.768824,67.024976,2,N38E066;N38E067,False,False,10.0,50.0
294,1,67.7549,29.61,+proj=laea +lat_0=67.754900 +lon_0=29.610000 +x_0=0 +y_0=0 +datum=WGS84 +units=m +no_defs,30.0,-11130.0,-11130.0,11130.0,11130.0,742,742,22.26,22.26,550564,0.002,67.654897,67.854691,29.345529,29.874471,1,N67E029,False,False,10.0,50.0
295,1,67.98721,24.24301,+proj=laea +lat_0=67.987210 +lon_0=24.243010 +x_0=0 +y_0=0 +datum=WGS84 +units=m +no_defs,30.0,-11130.0,-11130.0,11130.0,11130.0,742,742,22.26,22.26,550564,0.002,67.887207,68.086998,23.975878,24.510142,4,N67E023;N67E024;N68E023;N68E024,False,False,10.0,50.0
296,1,60.0865,17.479504,+proj=laea +lat_0=60.086500 +lon_0=17.479504 +x_0=0 +y_0=0 +datum=WGS84 +units=m +no_defs,30.0,-11130.0,-11130.0,11130.0,11130.0,742,742,22.26,22.26,550564,0.002,59.986451,60.186397,17.278913,17.680095,2,N59E017;N60E017,False,True,10.0,50.0
297,1,36.939384,-2.034044,+proj=laea +lat_0=36.939384 +lon_0=-2.034044 +x_0=0 +y_0=0 +datum=WGS84 +units=m +no_defs,30.0,-11130.0,-11130.0,11130.0,11130.0,742,742,22.26,22.26,550564,0.002,36.839026,37.039675,-2.159148,-1.90894,4,N36W003;N36W002;N37W003;N37W002,False,False,10.0,50.0
298,1,37.914997,-3.227659,+proj=laea +lat_0=37.914997 +lon_0=-3.227659 +x_0=0 +y_0=0 +datum=WGS84 +units=m +no_defs,30.0,-11130.0,-11130.0,11130.0,11130.0,742,742,22.26,22.26,550564,0.002,37.814654,38.015271,-3.354403,-3.100915,2,N37W004;N38W004,False,False,10.0,50.0
299,1,38.70184,-6.785881,+proj=laea +lat_0=38.701840 +lon_0=-6.785881 +x_0=0 +y_0=0 +datum=WGS84 +units=m +no_defs,30.0,-11130.0,-11130.0,11130.0,11130.0,742,742,22.26,22.26,550564,0.002,38.601508,38.802101,-6.914007,-6.657755,1,N38W007,False,False,10.0,50.0
300,1,45.3829,21.13626,+proj=laea +lat_0=45.382900 +lon_0=21.136260 +x_0=0 +y_0=0 +datum=WGS84 +units=m +no_defs,30.0,-11130.0,-11130.0,11130.0,11130.0,742,742,22.26,22.26,550564,0.002,45.282667,45.483044,20.993899,21.278621,2,N45E020;N45E021,False,False,10.0,50.0
301,1,46.07156,20.60159,+proj=laea +lat_0=46.071560 +lon_0=20.601590 +x_0=0 +y_0=0 +datum=WGS84 +units=m +no_defs,30.0,-11130.0,-11130.0,11130.0,11130.0,742,742,22.26,22.26,550564,0.002,45.971337,46.171692,20.457463,20.745717,2,N45E020;N46E020,False,False,10.0,50.0
302,1,47.0358,21.89612,+proj=laea +lat_0=47.035800 +lon_0=21.896120 +x_0=0 +y_0=0 +datum=WGS84 +units=m +no_defs,30.0,-11130.0,-11130.0,11130.0,11130.0,742,742,22.26,22.26,550564,0.002,46.935591,47.135915,21.749408,22.042832,4,N46E021;N46E022;N47E021;N47E022,False,False,10.0,50.0
303,1,47.72144,22.88737,+proj=laea +lat_0=47.721440 +lon_0=22.887370 +x_0=0 +y_0=0 +datum=WGS84 +units=m +no_defs,30.0,-11130.0,-11130.0,11130.0,11130.0,742,742,22.26,22.26,550564,0.002,47.62124,47.821543,22.738737,23.036003,2,N47E022;N47E023,False,False,10.0,50.0
304,1,47.3583,26.92546,+proj=laea +lat_0=47.358300 +lon_0=26.925460 +x_0=0 +y_0=0 +datum=WGS84 +units=m +no_defs,30.0,-11130.0,-11130.0,11130.0,11130.0,742,742,22.26,22.26,550564,0.002,47.258095,47.458409,26.777854,27.073066,2,N47E026;N47E027,False,False,10.0,50.0
305,1,47.16315,27.62546,+proj=laea +lat_0=47.163150 +lon_0=27.625460 +x_0=0 +y_0=0 +datum=WGS84 +units=m +no_defs,30.0,-11130.0,-11130.0,11130.0,11130.0,742,742,22.26,22.26,550564,0.002,47.062942,47.263263,27.478397,27.772523,1,N47E027,False,False,10.0,50.0
306,1,48.19477,26.57325,+proj=laea +lat_0=48.194770 +lon_0=26.573250 +x_0=0 +y_0=0 +datum=WGS84 +units=m +no_defs,30.0,-11130.0,-11130.0,11130.0,11130.0,742,742,22.26,22.26,550564,0.002,48.094577,48.294864,26.423249,26.723251,1,N48E026,False,False,10.0,50.0
307,1,44.44211,24.35446,+proj=laea +lat_0=44.442110 +lon_0=24.354460 +x_0=0 +y_0=0 +datum=WGS84 +units=m +no_defs,30.0,-11130.0,-11130.0,11130.0,11130.0,742,742,22.26,22.26,550564,0.002,44.341863,44.54227,24.214411,24.494509,1,N44E024,False,False,10.0,50.0
308,1,44.47617,23.1129,+proj=laea +lat_0=44.476170 +lon_0=23.112900 +x_0=0 +y_0=0 +datum=WGS84 +units=m +no_defs,30.0,-11130.0,-11130.0,11130.0,11130.0,742,742,22.26,22.26,550564,0.002,44.375923,44.57633,22.97277,23.25303,2,N44E022;N44E023,False,False,10.0,50.0
309,1,44.20572,27.33852,+proj=laea +lat_0=44.205720 +lon_0=27.338520 +x_0=0 +y_0=0 +datum=WGS84 +units=m +no_defs,30.0,-11130.0,-11130.0,11130.0,11130.0,742,742,22.26,22.26,550564,0.002,44.105469,44.305885,27.199034,27.478006,1,N44E027,False,False,10.0,50.0
310,1,46.22786,24.59161,+proj=laea +lat_0=46.227860 +lon_0=24.591610 +x_0=0 +y_0=0 +datum=WGS84 +units=m +no_defs,30.0,-11130.0,-11130.0,11130.0,11130.0,742,742,22.26,22.26,550564,0.002,46.127639,46.327989,24.447073,24.736147,1,N46E024,False,False,10.0,50.0
311,1,55.48587,11.644645,+proj=laea +lat_0=55.485870 +lon_0=11.644645 +x_0=0 +y_0=0 +datum=WGS84 +units=m +no_defs,30.0,-11130.0,-11130.0,11130.0,11130.0,742,742,22.26,22.26,550564,0.002,55.385772,55.58584,11.468143,11.821147,1,N55E011,False,False,10.0,50.0
312,1,56.09763,13.41897,+proj=laea +lat_0=56.097630 +lon_0=13.418970 +x_0=0 +y_0=0 +datum=WGS84 +units=m +no_defs,30.0,-11130.0,-11130.0,11130.0,11130.0,742,742,22.26,22.26,550564,0.002,55.99754,56.19759,13.239669,13.598271,2,N55E013;N56E013,False,False,10.0,50.0
313,1,49.573257,15.078773,+proj=laea +lat_0=49.573257 +lon_0=15.078773 +x_0=0 +y_0=0 +datum=WGS84 +units=m +no_defs,30.0,-11130.0,-11130.0,11130.0,11130.0,742,742,22.26,22.26,550564,0.002,49.473083,49.673327,14.924577,15.232969,2,N49E014;N49E015,False,False,10.0,50.0
314,1,49.02465,14.77035,+proj=laea +lat_0=49.024650 +lon_0=14.770350 +x_0=0 +y_0=0 +datum=WGS84 +units=m +no_defs,30.0,-11130.0,-11130.0,11130.0,11130.0,742,742,22.26,22.26,550564,0.002,48.924469,49.12473,14.617862,14.922838,2,N48E014;N49E014,False,False,10.0,50.0
315,1,49.502075,18.536882,+proj=laea +lat_0=49.502075 +lon_0=18.536882 +x_0=0 +y_0=0 +datum=WGS84 +units=m +no_defs,30.0,-11130.0,-11130.0,11130.0,11130.0,742,742,22.26,22.26,550564,0.002,49.4019,49.602147,18.38291,18.690854,1,N49E018,False,False,10.0,50.0
316,1,48.68155,16.946331,+proj=laea +lat_0=48.681550 +lon_0=16.946331 +x_0=0 +y_0=0 +datum=WGS84 +units=m +no_defs,30.0,-11130.0,-11130.0,11130.0,11130.0,742,742,22.26,22.26,550564,0.002,48.581364,48.781636,16.794885,17.097777,2,N48E016;N48E017,False,False,10.0,50.0
317,1,49.44372,16.696512,+proj=laea +lat_0=49.443720 +lon_0=16.696512 +x_0=0 +y_0=0 +datum=WGS84 +units=m +no_defs,30.0,-11130.0,-11130.0,11130.0,11130.0,742,742,22.26,22.26,550564,0.002,49.343544,49.543793,16.542724,16.8503,1,N49E016,False,False,10.0,50.0
318,1,51.09973,10.91463,+proj=laea +lat_0=51.099730 +lon_0=10.914630 +x_0=0 +y_0=0 +datum=WGS84 +units=m +no_defs,30.0,-11130.0,-11130.0,11130.0,11130.0,742,742,22.26,22.26,550564,0.002,50.999577,51.199774,10.755394,11.073866,4,N50E010;N50E011;N51E010;N51E011,False,False,10.0,50.0
319,1,52.08656,11.22235,+proj=laea +lat_0=52.086560 +lon_0=11.222350 +x_0=0 +y_0=0 +datum=WGS84 +units=m +no_defs,30.0,-11130.0,-11130.0,11130.0,11130.0,742,742,22.26,22.26,550564,0.002,51.98642,52.186587,11.059613,11.385087,2,N51E011;N52E011,False,False,10.0,50.0
320,1,56.4823,-3.11149,+proj=laea +lat_0=56.482300 +lon_0=-3.111490 +x_0=0 +y_0=0 +datum=WGS84 +units=m +no_defs,30.0,-11130.0,-11130.0,11130.0,11130.0,742,742,22.26,22.26,550564,0.002,56.382214,56.582254,-3.292608,-2.930372,2,N56W004;N56W003,False,False,10.0,50.0
321,1,51.26287,0.42914,+proj=laea +lat_0=51.262870 +lon_0=0.429140 +x_0=0 +y_0=0 +datum=WGS84 +units=m +no_defs,30.0,-11130.0,-11130.0,11130.0,11130.0,742,742,22.26,22.26,550564,0.002,51.162719,51.362911,0.269338,0.588942,1,N51E000,False,False,10.0,50.0
322,1,51.734,0.4179,+proj=laea +lat_0=51.734000 +lon_0=0.417900 +x_0=0 +y_0=0 +datum=WGS84 +units=m +no_defs,30.0,-11130.0,-11130.0,11130.0,11130.0,742,742,22.26,22.26,550564,0.002,51.633855,51.834033,0.256436,0.579364,1,N51E000,False,False,10.0,50.0
323,1,50.79372,0.18887,+proj=laea +lat_0=50.793720 +lon_0=0.188870 +x_0=0 +y_0=0 +datum=WGS84 +units=m +no_defs,30.0,-11130.0,-11130.0,11130.0,11130.0,742,742,22.26,22.26,550564,0.002,50.693563,50.893769,0.030679,0.347061,1,N50E000,False,False,10.0,50.0
324,1,52.19941,-1.56308,+proj=laea +lat_0=52.199410 +lon_0=-1.563080 +x_0=0 +y_0=0 +datum=WGS84 +units=m +no_defs,30.0,-11130.0,-11130.0,11130.0,11130.0,742,742,22.26,22.26,550564,0.002,52.099272,52.299435,-1.726231,-1.399929,1,N52W002,False,False,10.0,50.0
325,1,51.15355,-0.85823,+proj=laea +lat_0=51.153550 +lon_0=-0.858230 +x_0=0 +y_0=0 +datum=WGS84 +units=m +no_defs,30.0,-11130.0,-11130.0,11130.0,11130.0,742,742,22.26,22.26,550564,0.002,51.053398,51.253593,-1.017652,-0.698808,2,N51W002;N51W001,False,False,10.0,50.0
326,1,52.02088,-2.66211,+proj=laea +lat_0=52.020880 +lon_0=-2.662110 +x_0=0 +y_0=0 +datum=WGS84 +units=m +no_defs,30.0,-11130.0,-11130.0,11130.0,11130.0,742,742,22.26,22.26,550564,0.002,51.920739,52.120908,-2.824608,-2.499612,2,N51W003;N52W003,False,False,10.0,50.0
327,1,53.02635,-2.70053,+proj=laea +lat_0=53.026350 +lon_0=-2.700530 +x_0=0 +y_0=0 +datum=WGS84 +units=m +no_defs,30.0,-11130.0,-11130.0,11130.0,11130.0,742,742,22.26,22.26,550564,0.002,52.926222,53.126361,-2.866795,-2.534265,2,N52W003;N53W003,False,False,10.0,50.0
328,1,51.95136,-4.74658,+proj=laea +lat_0=51.951360 +lon_0=-4.746580 +x_0=0 +y_0=0 +datum=WGS84 +units=m +no_defs,30.0,-11130.0,-11130.0,11130.0,11130.0,742,742,22.26,22.26,550564,0.002,51.851218,52.051389,-4.908826,-4.584334,2,N51W005;N52W005,False,False,10.0,50.0
329,1,50.55162,4.746234,+proj=laea +lat_0=50.551620 +lon_0=4.746234 +x_0=0 +y_0=0 +datum=WGS84 +units=m +no_defs,30.0,-11130.0,-11130.0,11130.0,11130.0,742,742,22.26,22.26,550564,0.002,50.45146,50.651673,4.588858,4.90361,1,N50E004,False,False,10.0,50.0
330,1,51.30761,4.51984,+proj=laea +lat_0=51.307610 +lon_0=4.519840 +x_0=0 +y_0=0 +datum=WGS84 +units=m +no_defs,30.0,-11130.0,-11130.0,11130.0,11130.0,742,742,22.26,22.26,550564,0.002,51.20746,51.40765,4.359883,4.679797,1,N51E004,False,False,10.0,50.0
331,1,49.87211,3.02065,+proj=laea +lat_0=49.872110 +lon_0=3.020650 +x_0=0 +y_0=0 +datum=WGS84 +units=m +no_defs,30.0,-11130.0,-11130.0,11130.0,11130.0,742,742,22.26,22.26,550564,0.002,49.77194,49.972175,2.865501,3.175799,2,N49E002;N49E003,False,False,10.0,50.0
332,1,48.84422,1.95191,+proj=laea +lat_0=48.844220 +lon_0=1.951910 +x_0=0 +y_0=0 +datum=WGS84 +units=m +no_defs,30.0,-11130.0,-11130.0,11130.0,11130.0,742,742,22.26,22.26,550564,0.002,48.744036,48.944303,1.799972,2.103848,2,N48E001;N48E002,False,False,10.0,50.0
333,1,46.01468,11.045831,+proj=laea +lat_0=46.014680 +lon_0=11.045831 +x_0=0 +y_0=0 +datum=WGS84 +units=m +no_defs,30.0,-11130.0,-11130.0,11130.0,11130.0,742,742,22.26,22.26,550564,0.002,45.914456,46.114813,10.901852,11.18981,4,N45E010;N45E011;N46E010;N46E011,False,False,10.0,50.0
334,1,45.197754,10.741966,+proj=laea +lat_0=45.197754 +lon_0=10.741966 +x_0=0 +y_0=0 +datum=WGS84 +units=m +no_defs,30.0,-11130.0,-11130.0,11130.0,11130.0,742,742,22.26,22.26,550564,0.002,45.097518,45.297901,10.600069,10.883863,1,N45E010,False,False,10.0,50.0
335,1,47.28642,7.73375,+proj=laea +lat_0=47.286420 +lon_0=7.733750 +x_0=0 +y_0=0 +datum=WGS84 +units=m +no_defs,30.0,-11130.0,-11130.0,11130.0,11130.0,742,742,22.26,22.26,550564,0.002,47.186214,47.38653,7.586345,7.881155,1,N47E007,False,False,10.0,50.0
336,1,47.93391,7.59814,+proj=laea +lat_0=47.933910 +lon_0=7.598140 +x_0=0 +y_0=0 +datum=WGS84 +units=m +no_defs,30.0,-11130.0,-11130.0,11130.0,11130.0,742,742,22.26,22.26,550564,0.002,47.833713,48.034009,7.448897,7.747383,2,N47E007;N48E007,False,False,10.0,50.0
337,1,48.6741,7.06465,+proj=laea +lat_0=48.674100 +lon_0=7.064650 +x_0=0 +y_0=0 +datum=WGS84 +units=m +no_defs,30.0,-11130.0,-11130.0,11130.0,11130.0,742,742,22.26,22.26,550564,0.002,48.573914,48.774186,6.913226,7.216074,2,N48E006;N48E007,False,False,10.0,50.0
338,1,46.81533,9.85591,+proj=laea +lat_0=46.815330 +lon_0=9.855910 +x_0=0 +y_0=0 +datum=WGS84 +units=m +no_defs,30.0,-11130.0,-11130.0,11130.0,11130.0,742,742,22.26,22.26,550564,0.002,46.715117,46.915449,9.709801,10.002019,2,N46E009;N46E010,False,False,10.0,50.0
339,1,45.740482,12.750297,+proj=laea +lat_0=45.740482 +lon_0=12.750297 +x_0=0 +y_0=0 +datum=WGS84 +units=m +no_defs,30.0,-11130.0,-11130.0,11130.0,11130.0,742,742,22.26,22.26,550564,0.002,45.640254,45.84062,12.607027,12.893567,1,N45E012,False,False,10.0,50.0
340,1,43.6397,-0.435,+proj=laea +lat_0=43.639700 +lon_0=-0.435000 +x_0=0 +y_0=0 +datum=WGS84 +units=m +no_defs,30.0,-11130.0,-11130.0,11130.0,11130.0,742,742,22.26,22.26,550564,0.002,43.539441,43.739875,-0.573165,-0.296835,1,N43W001,False,False,10.0,50.0
341,1,43.88367,5.16483,+proj=laea +lat_0=43.883670 +lon_0=5.164830 +x_0=0 +y_0=0 +datum=WGS84 +units=m +no_defs,30.0,-11130.0,-11130.0,11130.0,11130.0,742,742,22.26,22.26,550564,0.002,43.783415,43.98384,5.026101,5.303559,1,N43E005,False,False,10.0,50.0
342,1,43.24079,5.67865,+proj=laea +lat_0=43.240790 +lon_0=5.678650 +x_0=0 +y_0=0 +datum=WGS84 +units=m +no_defs,30.0,-11130.0,-11130.0,11130.0,11130.0,742,742,22.26,22.26,550564,0.002,43.140525,43.340972,5.541393,5.815907,1,N43E005,False,False,10.0,50.0
343,1,45.0414,6.41053,+proj=laea +lat_0=45.041400 +lon_0=6.410530 +x_0=0 +y_0=0 +datum=WGS84 +units=m +no_defs,30.0,-11130.0,-11130.0,11130.0,11130.0,742,742,22.26,22.26,550564,0.002,44.941162,45.14155,6.269022,6.552038,2,N44E006;N45E006,False,False,10.0,50.0
344,1,43.73202,10.29091,+proj=laea +lat_0=43.732020 +lon_0=10.290910 +x_0=0 +y_0=0 +datum=WGS84 +units=m +no_defs,30.0,-11130.0,-11130.0,11130.0,11130.0,742,742,22.26,22.26,550564,0.002,43.631762,43.832193,10.152533,10.429287,1,N43E010,False,False,10.0,50.0
345,1,54.2985,-7.29186,+proj=laea +lat_0=54.298500 +lon_0=-7.291860 +x_0=0 +y_0=0 +datum=WGS84 +units=m +no_defs,30.0,-11130.0,-11130.0,11130.0,11130.0,742,742,22.26,22.26,550564,0.002,54.198388,54.39849,-7.463227,-7.120493,1,N54W008,False,False,10.0,50.0
346,1,48.1184,-1.79635,+proj=laea +lat_0=48.118400 +lon_0=-1.796350 +x_0=0 +y_0=0 +datum=WGS84 +units=m +no_defs,30.0,-11130.0,-11130.0,11130.0,11130.0,742,742,22.26,22.26,550564,0.002,48.018206,48.218496,-1.946128,-1.646572,1,N48W002,False,False,10.0,50.0
347,1,40.52375,14.957444,+proj=laea +lat_0=40.523750 +lon_0=14.957444 +x_0=0 +y_0=0 +datum=WGS84 +units=m +no_defs,30.0,-11130.0,-11130.0,11130.0,11130.0,742,742,22.26,22.26,550564,0.002,40.423445,40.623979,14.825902,15.088986,2,N40E014;N40E015,False,False,10.0,50.0
348,1,56.46153,32.92208,+proj=laea +lat_0=56.461530 +lon_0=32.922080 +x_0=0 +y_0=0 +datum=WGS84 +units=m +no_defs,30.0,-11130.0,-11130.0,11130.0,11130.0,742,742,22.26,22.26,550564,0.002,56.361444,56.561484,32.741062,33.103098,2,N56E032;N56E033,False,False,10.0,50.0
349,1,31.345045,35.051987,+proj=laea +lat_0=31.345045 +lon_0=35.051987 +x_0=0 +y_0=0 +datum=WGS84 +units=m +no_defs,30.0,-11130.0,-11130.0,11130.0,11130.0,742,742,22.26,22.26,550564,0.002,31.244608,31.445427,34.9349,35.169074,2,N31E034;N31E035,False,False,10.0,50.0
350,1,0.2825,36.8669,+proj=laea +lat_0=0.282500 +lon_0=36.866900 +x_0=0 +y_0=0 +datum=WGS84 +units=m +no_defs,30.0,-11130.0,-11130.0,11130.0,11130.0,742,742,22.26,22.26,550564,0.002,0.181843,0.383156,36.766915,36.966885,1,N00E036,False,False,10.0,50.0
351,1,13.2829,30.4783,+proj=laea +lat_0=13.282900 +lon_0=30.478300 +x_0=0 +y_0=0 +datum=WGS84 +units=m +no_defs,30.0,-11130.0,-11130.0,11130.0,11130.0,742,742,22.26,22.26,550564,0.002,13.182276,13.383503,30.375545,30.581055,1,N13E030,False,False,10.0,50.0
352,1,-40.88502,-73.10873,+proj=laea +lat_0=-40.885020 +lon_0=-73.108730 +x_0=0 +y_0=0 +datum=WGS84 +units=m +no_defs,30.0,-11130.0,-11130.0,11130.0,11130.0,742,742,22.26,22.26,550564,0.002,-40.985243,-40.78472,-73.240987,-72.976473,2,S41W074;S41W073,False,False,10.0,50.0
