station,year,strategy,n_days,n_expected,n_ok,n_nan,ssrd_min,ssrd_max,ssrd_mean,ssrd_season,strd_min,strd_max,strd_mean,ratio_mean
ISMN_FMI_SAA111,2020,era5land_point,366,366,True,0,0.0,29687148.0,7574111.289390022,1.0582523981347218,13265509.0,32059655.0,24247516.653005466,0.31236647438084
ISMN_FMI_SAA111,2021,era5land_point,365,365,True,0,0.0,29491284.0,7185721.787306694,1.0847030836046812,13173629.0,33254190.0,23840589.901369862,0.30140704642940935
ISMN_FMI_SAA111,2022,era5land_point,365,365,True,0,0.0,28738932.0,7296491.630639983,1.0524473884966417,15066924.0,32891161.0,24372743.739726026,0.29937095751543
ISMN_FMI_SAA111,2023,era5land_point,365,365,True,0,0.0,29563136.0,7795240.46286387,1.0441681153712414,13909694.0,33094754.0,23873845.583561644,0.3265180063085978
ISMN_FMI_SAA111,2024,era5land_point,366,366,True,0,0.0,28941376.0,7717386.382446289,1.0225037878418004,13117656.0,32757850.0,24181051.032786883,0.3191501631580178
ISMN_FMI_SAA111,2025,era5land_point,365,365,True,0,0.0,26992782.0,7285067.810488014,1.035845221222161,14229261.0,33711528.0,24377927.09041096,0.29883869056912515
ISMN_LAB-net_OromoCalibrationSite,2016,era5land_point,366,366,True,0,1257128.0,34185988.0,14829862.496052394,0.6014203949753905,21070374.0,31874148.0,26956127.786885247,0.5501481003984352
ISMN_LAB-net_OromoCalibrationSite,2017,era5land_point,365,365,True,0,477512.0,34024604.0,13535728.335213104,0.635148353082363,20138098.0,34448056.0,27381629.043835618,0.4943361227172998
ISMN_LAB-net_OromoCalibrationSite,2018,era5land_point,365,365,True,0,581410.0,33744568.0,13989716.962262549,0.6398603409876358,20851894.0,32632941.0,27061686.85753425,0.5169565753942522
ISMN_SCAN_AAMU-JTG,2016,era5land_point,366,366,True,0,877260.0,30629964.0,16614769.523374798,0.41736993181008947,17309476.0,37540717.0,29580209.021857925,0.5616853319426351
ISMN_SCAN_AAMU-JTG,2017,era5land_point,365,365,True,0,880456.0,29871412.0,15809165.316035023,0.46910483135249387,17217976.0,36731745.0,29724358.660273973,0.531858920716216
ISMN_SCAN_AAMU-JTG,2018,era5land_point,365,365,True,0,896528.0,30282880.0,15317574.671851588,0.5066259211525246,15411485.0,36864861.0,29999941.02191781,0.510586826176113
ISMN_SCAN_AAMU-JTG,2019,era5land_point,365,365,True,0,968836.0,30701112.0,16101137.018855015,0.4759633488364761,17799259.0,36944447.0,29868922.04109589,0.5390598628468034
ISMN_SCAN_AAMU-JTG,2020,era5land_point,366,366,True,0,1209724.0,30615864.0,15383365.96698565,0.48280803921557286,17306098.0,36970041.0,29675283.592896175,0.5183898552756612
ISMN_SCAN_AAMU-JTG,2021,era5land_point,365,365,True,0,1147648.0,30743896.0,15484172.65853957,0.47048013910293557,18764039.0,37329820.0,29574069.369863015,0.5235726089936906
ISMN_SCAN_AAMU-JTG,2022,era5land_point,365,365,True,0,706432.0,30749964.0,16738367.049818065,0.42327285059743086,15334896.0,37291407.0,29111130.0630137,0.5749816999060614
ISMN_SCAN_AAMU-JTG,2023,era5land_point,365,365,True,0,1269394.0,30407180.0,16043585.454644691,0.458816414193003,18954152.0,36755965.0,29614824.16438356,0.5417417090032769
ISMN_SCAN_AdamsRanch#1,2016,era5land_point,366,366,True,0,4337960.0,32964004.0,21133458.184576984,0.30955307367135143,15875522.0,32899513.0,25465991.344262294,0.8298698408746037
ISMN_SCAN_AdamsRanch#1,2017,era5land_point,365,365,True,0,3459508.0,33172984.0,21272849.535213105,0.304906681894626,17204018.0,33344179.0,25654157.4,0.829216458117354
ISMN_SCAN_AdamsRanch#1,2018,era5land_point,365,365,True,0,3494148.0,32707740.0,20897528.392399535,0.322439578551226,16648653.0,33158313.0,25618638.94520548,0.8157157933759202
ISMN_SCAN_AdamsRanch#1,2019,era5land_point,365,365,True,0,3249208.0,32617100.0,20966684.744882412,0.3169020439786668,16420881.0,33522685.0,25432663.16438356,0.8243998911700526
ISMN_SCAN_AdamsRanch#1,2020,era5land_point,366,366,True,0,4052612.0,33440916.0,21592986.748406414,0.2977315215181947,16521466.0,32730640.0,25279063.784153007,0.854184590567894
ISMN_SCAN_AdamsRanch#1,2021,era5land_point,365,365,True,0,2755012.0,32289660.0,21066861.77086834,0.29446169853977117,17647489.0,33267360.0,25308153.78630137,0.8324140096805983
ISMN_SCAN_AdamsRanch#1,2022,era5land_point,365,365,True,0,5315088.0,32711284.0,21231866.46899615,0.30144435397577724,15200066.0,33548845.0,25084048.7369863,0.8464290071996978
ISMN_SCAN_AdamsRanch#1,2023,era5land_point,365,365,True,0,3018012.0,32665964.0,21629794.725877568,0.30629528809401646,16577837.0,33374167.0,25300076.10958904,0.8549300259883253
ISMN_SCAN_AdamsRanch#1,2024,era5land_point,366,366,True,0,6055004.0,33077192.0,21463676.185724977,0.3005996016360395,16855758.0,34121927.0,25386252.6284153,0.8454842272269948
ISMN_SCAN_AdamsRanch#1,2025,era5land_point,365,365,True,0,2372276.0,32541692.0,21308659.311857875,0.28982940893642806,15565604.0,33383773.0,25491035.11780822,0.8359275805544473
