folder,status,n_days,n_gap,n_extra,msg
ISMN_AMMA-CATCH_Banizoumbou,ok,1096,0,0,
ISMN_AMMA-CATCH_Tondikiboro,ok,1096,0,0,
ISMN_ARM_Anthony,ok,2192,0,0,
ISMN_ARM_Ashton,ok,2922,0,0,
ISMN_ARM_Byron,ok,2192,0,0,
ISMN_ARM_Lamont-CF1,ok,3653,0,0,
ISMN_ARM_Lamont-CF2,ok,1826,0,0,
ISMN_ARM_MapleCity,ok,1826,0,0,
ISMN_ARM_Marshall,ok,2922,0,0,
ISMN_ARM_Medford,ok,3653,0,0,
ISMN_ARM_Morrison,ok,3653,0,0,
ISMN_ARM_Newkirk,ok,3653,0,0,
ISMN_ARM_Omega,ok,2192,0,0,
ISMN_ARM_Pawhuska,ok,3653,0,0,
ISMN_ARM_Ringwood,ok,2922,0,0,
ISMN_ARM_Tryon,ok,2922,0,0,
ISMN_ARM_Tyro,ok,3653,0,0,
ISMN_ARM_Waukomis,ok,3653,0,0,
ISMN_Berlin_DWDBerlin-Spaeth,ok,1826,0,0,
ISMN_Berlin_DWDBerlinTempel,ok,1461,0,0,
ISMN_Berlin_PSA14wiltinger,ok,1461,0,0,
ISMN_Berlin_PSA15bucherchaus,ok,1461,0,0,
ISMN_Berlin_PSA16krugwiesen,ok,1461,0,0,
ISMN_Berlin_PSA17suedpark,ok,1461,0,0,
ISMN_Berlin_PSA18Pfaueninsel,ok,1461,0,0,
ISMN_Berlin_PSA1BerlinerStr,ok,1827,0,0,
ISMN_Berlin_PSA2Tiergarten,ok,2192,0,0,
ISMN_Berlin_PSA4Heerstrasse,ok,1827,0,0,
ISMN_Berlin_PSA6Plaenterwald,ok,2192,0,0,
ISMN_Berlin_PSA7Ruebezahl,ok,2192,0,0,
ISMN_Berlin_PflABerlin11Humb,ok,1461,0,0,
ISMN_Berlin_PflABerlin12Schi,ok,1461,0,0,
ISMN_Berlin_PflABerlin13Marz,ok,1461,0,0,
ISMN_COSMOS_KLEE,ok,1096,0,0,
ISMN_COSMOS-UK_AliceHolt,ok,2557,0,0,
ISMN_COSMOS-UK_Balruddery,ok,1461,0,0,
ISMN_COSMOS-UK_BickleyHall,ok,2557,0,0,
ISMN_COSMOS-UK_BunnyPark,ok,2557,0,0,
ISMN_COSMOS-UK_Cardington,ok,2557,0,0,
ISMN_COSMOS-UK_ChimneyMeadows,ok,1461,0,0,
ISMN_COSMOS-UK_Cochno,ok,1461,0,0,
ISMN_COSMOS-UK_CwmGarw,ok,1461,0,0,
ISMN_COSMOS-UK_Elmsett,ok,1461,0,0,
ISMN_COSMOS-UK_Euston,ok,1461,0,0,
ISMN_COSMOS-UK_Fincham,ok,2191,0,0,
ISMN_COSMOS-UK_Fivemiletown,ok,1826,0,0,
ISMN_COSMOS-UK_HartwoodHome,ok,2191,0,0,
ISMN_COSMOS-UK_Heytesbury,ok,1826,0,0,
ISMN_COSMOS-UK_HollinHill,ok,1826,0,0,
ISMN_COSMOS-UK_HolmeLacy,ok,1826,0,0,
ISMN_COSMOS-UK_Loddington,ok,1461,0,0,
ISMN_COSMOS-UK_LullingtonHeath,ok,1826,0,0,
ISMN_COSMOS-UK_MoretonMorrell,ok,1826,0,0,
ISMN_COSMOS-UK_Morley,ok,2557,0,0,
ISMN_COSMOS-UK_PortonDown,ok,1096,0,0,
ISMN_COSMOS-UK_Redhill,ok,2192,0,0,
ISMN_COSMOS-UK_Redmere,ok,1096,0,0,
ISMN_COSMOS-UK_Rothamsted,ok,2191,0,0,
ISMN_COSMOS-UK_Sheepdrove,ok,2557,0,0,
ISMN_COSMOS-UK_SpenFarm,ok,1827,0,0,
ISMN_COSMOS-UK_Stoughton,ok,2192,0,0,
ISMN_COSMOS-UK_Waddesdon,ok,1096,0,0,
ISMN_COSMOS-UK_Writtle,ok,2191,0,0,
ISMN_CW3E_BoyesCreekCanyon,ok,1826,0,0,
ISMN_CW3E_BrownsValleySchool,ok,1826,0,0,
ISMN_CW3E_Deerwood,ok,3287,0,0,
ISMN_CW3E_FeatherRiverCollege,ok,2192,0,0,
ISMN_CW3E_NorthCowMountain,ok,3287,0,0,
ISMN_CW3E_PotterValleyNorth,ok,2557,0,0,
ISMN_CW3E_SkylineHarvest,ok,2192,0,0,
ISMN_CW3E_YucaipaValley,ok,1461,0,0,
ISMN_FLUXNET-AMERIFLUX_BouldinIslandAlfalfa,ok,1461,0,0,
ISMN_FLUXNET-AMERIFLUX_TonziRanch,ok,1461,0,0,
ISMN_FLUXNET-AMERIFLUX_VairaRanch,ok,1827,0,0,
ISMN_FMI_SAA111,ok,2192,0,0,
ISMN_FMI_SAA112,ok,1461,0,0,
ISMN_FMI_SAA120,ok,1461,0,0,
ISMN_FMI_SOD011,ok,2192,0,0,
ISMN_FMI_SOD012,ok,2192,0,0,
ISMN_FMI_SOD013,ok,1461,0,0,
ISMN_FMI_SOD071,ok,2192,0,0,
ISMN_FMI_SOD072,ok,1461,0,0,
ISMN_FMI_SOD073,ok,1461,0,0,
ISMN_FMI_SOD081,ok,2192,0,0,
ISMN_FMI_SOD083,ok,1826,0,0,
ISMN_FMI_SOD101,ok,1827,0,0,
ISMN_FMI_SOD102,ok,1827,0,0,
ISMN_FMI_SOD103,ok,1827,0,0,
ISMN_FMI_SOD130,ok,1827,0,0,
ISMN_FMI_SOD140,ok,1461,0,0,
ISMN_FR_Aqui_fraye,ok,1461,0,0,
ISMN_FR_Aqui_hillan2,ok,1826,0,0,
ISMN_FR_Aqui_parcmeteo,ok,2191,0,0,
ISMN_HOBE_1.05,ok,1461,0,0,
ISMN_HOBE_1.07,ok,1461,0,0,
ISMN_HOBE_2.01,ok,1461,0,0,
ISMN_HOBE_2.11,ok,1461,0,0,
ISMN_HOBE_3.06,ok,1461,0,0,
ISMN_LAB-net_OromoCalibrationSite,ok,1096,0,0,
ISMN_LABFLUX_Bussolenobosco,ok,2192,0,0,
ISMN_LABFLUX_Nivolet,ok,1826,0,0,
ISMN_MOL-RAO_Falkenberg,ok,1827,0,0,
ISMN_NAQU_NQKema,ok,1096,0,0,
ISMN_NAQU_NQMS,ok,1096,0,0,
ISMN_NAQU_NQNorth,ok,1096,0,0,
ISMN_NGARI_ALI01,ok,1096,0,0,
ISMN_NGARI_ALI02,ok,1096,0,0,
ISMN_NGARI_ALI03,ok,1096,0,0,
ISMN_NGARI_SQ19,ok,1461,0,0,
ISMN_NGARI_SQ20,ok,1461,0,0,
ISMN_NGARI_SQ21,ok,1461,0,0,
ISMN_REMEDHUS_Canizal,ok,1461,0,0,
ISMN_REMEDHUS_Carretoro,ok,1827,0,0,
ISMN_REMEDHUS_CasaPeriles,ok,3288,0,0,
ISMN_REMEDHUS_ConcejodelMonte,ok,1461,0,0,
ISMN_REMEDHUS_ElCoto,ok,2192,0,0,
ISMN_REMEDHUS_ElTomillar,ok,1461,0,0,
ISMN_REMEDHUS_Granja-g,ok,2922,0,0,
ISMN_REMEDHUS_Guarrati,ok,1096,0,0,
ISMN_REMEDHUS_LaCruzdeElias,ok,1827,0,0,
ISMN_REMEDHUS_LasArenas,ok,2192,0,0,
ISMN_REMEDHUS_LasBrozas,ok,2557,0,0,
ISMN_REMEDHUS_LasEritas,ok,3288,0,0,
ISMN_REMEDHUS_LasTresRayas,ok,3288,0,0,
ISMN_REMEDHUS_LasVacas,ok,1827,0,0,
ISMN_REMEDHUS_LasVictorias,ok,3288,0,0,
ISMN_REMEDHUS_LlanosdelaBoveda,ok,2192,0,0,
ISMN_REMEDHUS_Paredinas,ok,2192,0,0,
ISMN_REMEDHUS_Zamarron,ok,2192,0,0,
ISMN_ROMPS_AbramovGlacier,ok,2192,0,0,
ISMN_ROMPS_Baytik,ok,2192,0,0,
ISMN_ROMPS_GolubinGlacier,ok,2922,0,0,
ISMN_ROMPS_Kokomeren,ok,2192,0,0,
ISMN_ROMPS_Maidanak,ok,3653,0,0,
ISMN_ROMPS_Maydantal,ok,3653,0,0,
ISMN_RSMN_Alexandria,ok,1461,0,0,
ISMN_RSMN_Bacles,ok,2557,0,0,
ISMN_RSMN_Banloc,ok,1827,0,0,
ISMN_RSMN_Barlad,ok,3288,0,0,
ISMN_RSMN_Calarasi,ok,2557,0,0,
ISMN_RSMN_Cotnari,ok,3288,0,0,
ISMN_RSMN_Darabani,ok,3288,0,0,
ISMN_RSMN_Dumbraveni,ok,2192,0,0,
ISMN_RSMN_Iasi,ok,2557,0,0,
ISMN_RSMN_Oradea,ok,1461,0,0,
ISMN_RSMN_RosioriideVede,ok,1826,0,0,
ISMN_RSMN_SannicolauMare,ok,1827,0,0,
ISMN_RSMN_SatuMare,ok,2192,0,0,
ISMN_RSMN_Slatina,ok,1826,0,0,
ISMN_RSMN_Tecuci,ok,2557,0,0,
ISMN_SCAN_AAMU-JTG,ok,2922,0,0,
ISMN_SCAN_Abrams,ok,2557,0,0,
ISMN_SCAN_AdamsRanch#1,ok,3653,0,0,
ISMN_SCAN_Alcalde,ok,1096,0,0,
ISMN_SCAN_AlkaliMesa,ok,3653,0,0,
ISMN_SCAN_AllenFarms,ok,1826,0,0,
ISMN_SCAN_Ames,ok,2922,0,0,
ISMN_SCAN_AshValley,ok,1827,0,0,
ISMN_SCAN_BlueCreek,ok,3653,0,0,
ISMN_SCAN_BodieHills,ok,3653,0,0,
ISMN_SCAN_BraggFarm,ok,1827,0,0,
ISMN_SCAN_Buckhorn,ok,2192,0,0,
ISMN_SCAN_BuffaloJump,ok,3653,0,0,
ISMN_SCAN_Bushland#1,ok,1461,0,0,
ISMN_SCAN_CPER,ok,1827,0,0,
ISMN_SCAN_CacheJunction,ok,3288,0,0,
ISMN_SCAN_CarverFarm,ok,1461,0,0,
ISMN_SCAN_CaveValley,ok,2557,0,0,
ISMN_SCAN_CentraliaLake,ok,2191,0,0,
ISMN_SCAN_Charkiln,ok,3653,0,0,
ISMN_SCAN_ChickenRidge,ok,3653,0,0,
ISMN_SCAN_Circleville,ok,2557,0,0,
ISMN_SCAN_ConradAgRc,ok,1827,0,0,
ISMN_SCAN_CrescentLake#1,ok,3653,0,0,
ISMN_SCAN_Crossroads,ok,3653,0,0,
ISMN_SCAN_Cullman-NAHRC,ok,2922,0,0,
ISMN_SCAN_DeepSprings,ok,3653,0,0,
ISMN_SCAN_Dexter,ok,1827,0,0,
ISMN_SCAN_DoeRidge,ok,3653,0,0,
ISMN_SCAN_EagleLake,ok,1827,0,0,
ISMN_SCAN_Eastland,ok,2557,0,0,
ISMN_SCAN_EastviewFarm,ok,1826,0,0,
ISMN_SCAN_ElsberryPMC,ok,3288,0,0,
ISMN_SCAN_Enterprise,ok,3288,0,0,
ISMN_SCAN_Ephraim,ok,2557,0,0,
ISMN_SCAN_ErosDataCenter,ok,3653,0,0,
ISMN_SCAN_EvergladesARS,ok,1461,0,0,
ISMN_SCAN_FortAssiniboine#1,ok,1461,0,0,
ISMN_SCAN_FortReno#1,ok,2922,0,0,
ISMN_SCAN_Fortuna,ok,1096,0,0,
ISMN_SCAN_FrenchGulch,ok,1461,0,0,
ISMN_SCAN_Geneva#1,ok,1461,0,0,
ISMN_SCAN_GlacialRidge,ok,2192,0,0,
ISMN_SCAN_GoodwinCkTimber,ok,3653,0,0,
ISMN_SCAN_Goshute,ok,2557,0,0,
ISMN_SCAN_Grantsville,ok,1461,0,0,
ISMN_SCAN_GreenRiver,ok,2922,0,0,
ISMN_SCAN_GrouseCreek,ok,3653,0,0,
ISMN_SCAN_HalsCanyon,ok,2557,0,0,
ISMN_SCAN_HarmsWay,ok,3653,0,0,
ISMN_SCAN_Hodges,ok,1826,0,0,
ISMN_SCAN_Holden,ok,3653,0,0,
ISMN_SCAN_HubbardBrook,ok,3653,0,0,
ISMN_SCAN_IsbellFarms,ok,3288,0,0,
ISMN_SCAN_JohnsonFarm,ok,2192,0,0,
ISMN_SCAN_Jordan,ok,3653,0,0,
ISMN_SCAN_JornadaExpRange,ok,1827,0,0,
ISMN_SCAN_JournaganRanch,ok,1827,0,0,
ISMN_SCAN_KnoxCity,ok,1096,0,0,
ISMN_SCAN_KoptisFarms,ok,2556,0,0,
ISMN_SCAN_KyleCanyon,ok,3653,0,0,
ISMN_SCAN_LTSP,ok,1826,0,0,
ISMN_SCAN_Lehman,ok,1827,0,0,
ISMN_SCAN_Levelland,ok,2192,0,0,
ISMN_SCAN_Lind#1,ok,3653,0,0,
ISMN_SCAN_LittleRedFox,ok,3653,0,0,
ISMN_SCAN_LittleRiver,ok,2192,0,0,
ISMN_SCAN_LosLunasPMC,ok,2922,0,0,
ISMN_SCAN_LovellSummit,ok,3653,0,0,
ISMN_SCAN_LovelockNNR,ok,1827,0,0,
ISMN_SCAN_LyeBrook,ok,2922,0,0,
ISMN_SCAN_MahantangoCk,ok,1096,0,0,
ISMN_SCAN_MammothCave,ok,1827,0,0,
ISMN_SCAN_Mandan#1,ok,3653,0,0,
ISMN_SCAN_Manderfield,ok,3287,0,0,
ISMN_SCAN_MarbleCreek,ok,1827,0,0,
ISMN_SCAN_MaricaoForest,ok,1096,0,0,
ISMN_SCAN_Mason#1,ok,3287,0,0,
ISMN_SCAN_Mayday,ok,1827,0,0,
ISMN_SCAN_McAllisterFarm,ok,3653,0,0,
ISMN_SCAN_MccrackenMesa,ok,3653,0,0,
ISMN_SCAN_Milford,ok,3653,0,0,
ISMN_SCAN_Moccasin,ok,3653,0,0,
ISMN_SCAN_MonoclineRidge,ok,2192,0,0,
ISMN_SCAN_Morgan,ok,3653,0,0,
ISMN_SCAN_MorrisFarms,ok,1827,0,0,
ISMN_SCAN_MountainHome,ok,3288,0,0,
ISMN_SCAN_MtVernon,ok,1827,0,0,
ISMN_SCAN_NPiedmontArec,ok,3653,0,0,
ISMN_SCAN_Nacogdoches,ok,1826,0,0,
ISMN_SCAN_Nephi,ok,3653,0,0,
ISMN_SCAN_NorthIssaquena,ok,2192,0,0,
ISMN_SCAN_Nunn#1,ok,1461,0,0,
ISMN_SCAN_Onward,ok,3653,0,0,
ISMN_SCAN_OrchardRangeSite,ok,1826,0,0,
ISMN_SCAN_Panguitch,ok,2557,0,0,
ISMN_SCAN_ParkValley,ok,2557,0,0,
ISMN_SCAN_PeeDee,ok,2557,0,0,
ISMN_SCAN_PerdidoRivFarms,ok,1827,0,0,
ISMN_SCAN_Perthshire,ok,2192,0,0,
ISMN_SCAN_Phillipsburg,ok,3653,0,0,
ISMN_SCAN_PineNut,ok,1826,0,0,
ISMN_SCAN_PowderMill,ok,3653,0,0,
ISMN_SCAN_PowellGardens,ok,2192,0,0,
ISMN_SCAN_PrairieView#1,ok,2557,0,0,
ISMN_SCAN_Price,ok,3653,0,0,
ISMN_SCAN_Princeton#1,ok,1096,0,0,
ISMN_SCAN_ReeseCenter,ok,2192,0,0,
ISMN_SCAN_ReynoldsHomestead,ok,1826,0,0,
ISMN_SCAN_RiverRoadFarms,ok,1461,0,0,
ISMN_SCAN_RockSpringsPa,ok,3287,0,0,
ISMN_SCAN_RogersFarm#1,ok,2192,0,0,
ISMN_SCAN_SanAngelo,ok,2557,0,0,
ISMN_SCAN_SandyRidge,ok,3653,0,0,
ISMN_SCAN_Scott,ok,1826,0,0,
ISMN_SCAN_SellersLake#1,ok,2557,0,0,
ISMN_SCAN_Selma,ok,2922,0,0,
ISMN_SCAN_Sevilleta,ok,1461,0,0,
ISMN_SCAN_ShagbarkHills,ok,1827,0,0,
ISMN_SCAN_Shenandoah,ok,1096,0,0,
ISMN_SCAN_Sidney,ok,2192,0,0,
ISMN_SCAN_SilverCity,ok,2192,0,0,
ISMN_SCAN_SinkinForest,ok,1826,0,0,
ISMN_SCAN_Spickard,ok,2557,0,0,
ISMN_SCAN_SplitMountain,ok,3653,0,0,
ISMN_SCAN_StanleyFarm,ok,1461,0,0,
ISMN_SCAN_Starkville,ok,1827,0,0,
ISMN_SCAN_Stephenville,ok,1827,0,0,
ISMN_SCAN_Stubblefield,ok,1461,0,0,
ISMN_SCAN_SudduthFarms,ok,3288,0,0,
ISMN_SCAN_SunleafNursery,ok,1827,0,0,
ISMN_SCAN_TableMountain,ok,3653,0,0,
ISMN_SCAN_TidewaterArec,ok,1461,0,0,
ISMN_SCAN_TncFortBayou,ok,2192,0,0,
ISMN_SCAN_Torrington#1,ok,3653,0,0,
ISMN_SCAN_TroughSprings,ok,1096,0,0,
ISMN_SCAN_TuleValley,ok,2922,0,0,
ISMN_SCAN_Tunica,ok,1827,0,0,
ISMN_SCAN_TwinPinesConservationArea,ok,1826,0,0,
ISMN_SCAN_UWPlatteville,ok,2922,0,0,
ISMN_SCAN_Uapb-Earle,ok,3653,0,0,
ISMN_SCAN_UapbCampus-PB,ok,1826,0,0,
ISMN_SCAN_UapbDewitt,ok,2191,0,0,
ISMN_SCAN_UapbPointRemove,ok,1826,0,0,
ISMN_SCAN_Uvalde,ok,1827,0,0,
ISMN_SCAN_Vallecitos,ok,1461,0,0,
ISMN_SCAN_Vermillion,ok,3653,0,0,
ISMN_SCAN_Vernon,ok,2192,0,0,
ISMN_SCAN_Violett,ok,2192,0,0,
ISMN_SCAN_Wabeno#1,ok,2557,0,0,
ISMN_SCAN_Wakulla#1,ok,3287,0,0,
ISMN_SCAN_WalnutGulch#1,ok,3288,0,0,
ISMN_SCAN_Watkinsville#1,ok,1826,0,0,
ISMN_SCAN_WestSummit,ok,2922,0,0,
ISMN_SCAN_WillowWells,ok,3287,0,0,
ISMN_SCAN_Wtars,ok,1096,0,0,
ISMN_SCAN_YoumansFarm,ok,2557,0,0,
ISMN_SD_DEM_Demokeya,ok,1827,0,0,
ISMN_SMOSMANIA_Barnas,ok,1826,0,0,
ISMN_SMOSMANIA_Berzeme,ok,2556,0,0,
ISMN_SMOSMANIA_CabrieresdAvignon,ok,2922,0,0,
ISMN_SMOSMANIA_Condom,ok,2557,0,0,
ISMN_SMOSMANIA_CreondArmagnac,ok,2922,0,0,
ISMN_SMOSMANIA_LaGrandCombe,ok,2922,0,0,
ISMN_SMOSMANIA_Lahas,ok,2922,0,0,
ISMN_SMOSMANIA_LezignanCorbieres,ok,2922,0,0,
ISMN_SMOSMANIA_Mazan-Abbaye,ok,2556,0,0,
ISMN_SMOSMANIA_Mejannes-le-Clap,ok,2557,0,0,
ISMN_SMOSMANIA_Montaut,ok,3288,0,0,
ISMN_SMOSMANIA_Mouthoumet,ok,3288,0,0,
ISMN_SMOSMANIA_Narbonne,ok,2922,0,0,
ISMN_SMOSMANIA_PeyrusseGrande,ok,3288,0,0,
ISMN_SMOSMANIA_Pezenas,ok,2922,0,0,
ISMN_SMOSMANIA_Prades-le-Lez,ok,1096,0,0,
ISMN_SMOSMANIA_Sabres,ok,2922,0,0,
ISMN_SMOSMANIA_SaintFelixdeLauragais,ok,3288,0,0,
ISMN_SMOSMANIA_Savenes,ok,1827,0,0,
ISMN_SMOSMANIA_Urgons,ok,2557,0,0,
ISMN_SMOSMANIA_Villevielle,ok,2922,0,0,
ISMN_SNOTEL_AguaCanyon,ok,1827,0,0,
ISMN_SNOTEL_AmericanCreek,ok,2192,0,0,
ISMN_SNOTEL_AnchorRiverDivide,ok,3653,0,0,
ISMN_SNOTEL_Aniak,ok,2191,0,0,
ISMN_SNOTEL_ArapahoRidge,ok,3287,0,0,
ISMN_SNOTEL_AtlantaSummit,ok,3288,0,0,
ISMN_SNOTEL_Atwater,ok,1461,0,0,
ISMN_SNOTEL_BakerButte,ok,3653,0,0,
ISMN_SNOTEL_BakerButteSmt,ok,2922,0,0,
ISMN_SNOTEL_Baldy,ok,1827,0,0,
ISMN_SNOTEL_BannerSummit,ok,3653,0,0,
ISMN_SNOTEL_BarM,ok,3653,0,0,
ISMN_SNOTEL_BearCanyon,ok,1827,0,0,
ISMN_SNOTEL_BearCreek,ok,2557,0,0,
ISMN_SNOTEL_BearRiverRS,ok,3653,0,0,
ISMN_SNOTEL_BeaverDams,ok,3653,0,0,
ISMN_SNOTEL_BeaverDivide,ok,3653,0,0,
ISMN_SNOTEL_BenLomondPeak,ok,1827,0,0,
ISMN_SNOTEL_BenLomondTrail,ok,1827,0,0,
ISMN_SNOTEL_BerryCreek,ok,3653,0,0,
ISMN_SNOTEL_BerthoudSummit,ok,2556,0,0,
ISMN_SNOTEL_BevansCabin,ok,2557,0,0,
ISMN_SNOTEL_BigBend,ok,3653,0,0,
ISMN_SNOTEL_BigCreekSum,ok,3653,0,0,
ISMN_SNOTEL_BigFlat,ok,3653,0,0,
ISMN_SNOTEL_BigMeadow,ok,3653,0,0,
ISMN_SNOTEL_BigSandyOpening,ok,2192,0,0,
ISMN_SNOTEL_BirdCreek,ok,1827,0,0,
ISMN_SNOTEL_BlackFlat-U.M.Ck,ok,3653,0,0,
ISMN_SNOTEL_BlackhallMtn,ok,3653,0,0,
ISMN_SNOTEL_BlacksForkJct,ok,3653,0,0,
ISMN_SNOTEL_BlazedAlder,ok,1461,0,0,
ISMN_SNOTEL_BlueLakes,ok,3653,0,0,
ISMN_SNOTEL_BobsHollow,ok,3653,0,0,
ISMN_SNOTEL_BogusBasin,ok,3653,0,0,
ISMN_SNOTEL_BostetterR.S.,ok,3653,0,0,
ISMN_SNOTEL_Bourne,ok,1826,0,0,
ISMN_SNOTEL_BoxCreek,ok,1826,0,0,
ISMN_SNOTEL_BoxSprings,ok,1827,0,0,
ISMN_SNOTEL_BrianHead,ok,3653,0,0,
ISMN_SNOTEL_Brighton,ok,3653,0,0,
ISMN_SNOTEL_BristleconeTrail,ok,3653,0,0,
ISMN_SNOTEL_BrooklynLake,ok,2557,0,0,
ISMN_SNOTEL_BrownDuck,ok,1827,0,0,
ISMN_SNOTEL_BrownTop,ok,1826,0,0,
ISMN_SNOTEL_BuckFlat,ok,3653,0,0,
ISMN_SNOTEL_BuckPasture,ok,3653,0,0,
ISMN_SNOTEL_BuckboardFlat,ok,3653,0,0,
ISMN_SNOTEL_Buckinghorse,ok,2192,0,0,
ISMN_SNOTEL_BuckskinJoe,ok,2192,0,0,
ISMN_SNOTEL_BuckskinLower,ok,3653,0,0,
ISMN_SNOTEL_BugLake,ok,3653,0,0,
ISMN_SNOTEL_BurntMountain,ok,2192,0,0,
ISMN_SNOTEL_BurroMountain,ok,2192,0,0,
ISMN_SNOTEL_BurtsMillerRanch,ok,2557,0,0,
ISMN_SNOTEL_Butte,ok,3287,0,0,
ISMN_SNOTEL_CampJackson,ok,2922,0,0,
ISMN_SNOTEL_CarsonPass,ok,2922,0,0,
ISMN_SNOTEL_Cascade#2,ok,2192,0,0,
ISMN_SNOTEL_CascadeMountain,ok,2192,0,0,
ISMN_SNOTEL_CastleValley,ok,2922,0,0,
ISMN_SNOTEL_CaveMountain,ok,3653,0,0,
ISMN_SNOTEL_Chalender,ok,2922,0,0,
ISMN_SNOTEL_ChalkCreek#1,ok,3653,0,0,
ISMN_SNOTEL_ChalkCreek#2,ok,2922,0,0,
ISMN_SNOTEL_Chepeta,ok,3653,0,0,
ISMN_SNOTEL_Chisana,ok,2922,0,0,
ISMN_SNOTEL_ChocolateGulch,ok,1827,0,0,
ISMN_SNOTEL_CinnabarPark,ok,1827,0,0,
ISMN_SNOTEL_ClackamasLake,ok,2192,0,0,
ISMN_SNOTEL_ClaytonSprings,ok,2557,0,0,
ISMN_SNOTEL_ClearCreek#1,ok,3653,0,0,
ISMN_SNOTEL_ClearCreek#2,ok,3653,0,0,
ISMN_SNOTEL_Coldfoot,ok,3653,0,0,
ISMN_SNOTEL_CorralCanyon,ok,3287,0,0,
ISMN_SNOTEL_CouchSummit,ok,1826,0,0,
ISMN_SNOTEL_CrabCreek,ok,3653,0,0,
ISMN_SNOTEL_CraterMeadows,ok,1096,0,0,
ISMN_SNOTEL_CrowCreek,ok,3653,0,0,
ISMN_SNOTEL_CssLab,ok,3653,0,0,
ISMN_SNOTEL_Culebra#2,ok,2922,0,0,
ISMN_SNOTEL_CurrantCreek,ok,3653,0,0,
ISMN_SNOTEL_Daniels-Strawberry,ok,3653,0,0,
ISMN_SNOTEL_DillsCamp,ok,3653,0,0,
ISMN_SNOTEL_DisasterPeak,ok,3653,0,0,
ISMN_SNOTEL_DonkeyReservoir,ok,3653,0,0,
ISMN_SNOTEL_DorseyBasin,ok,3653,0,0,
ISMN_SNOTEL_DrawCreek,ok,3653,0,0,
ISMN_SNOTEL_DryBreadPond,ok,3653,0,0,
ISMN_SNOTEL_DryCreek,ok,2557,0,0,
ISMN_SNOTEL_DryFork,ok,3653,0,0,
ISMN_SNOTEL_DryLake,ok,3287,0,0,
ISMN_SNOTEL_EFBlacksForkGS,ok,3653,0,0,
ISMN_SNOTEL_EagleSummit,ok,2192,0,0,
ISMN_SNOTEL_EastRimDivide,ok,3653,0,0,
ISMN_SNOTEL_EastWillowCreek,ok,3653,0,0,
ISMN_SNOTEL_EbbettsPass,ok,2557,0,0,
ISMN_SNOTEL_EchoPeak,ok,2922,0,0,
ISMN_SNOTEL_ElkCabin,ok,1827,0,0,
ISMN_SNOTEL_ExitGlacier,ok,3653,0,0,
ISMN_SNOTEL_FallenLeaf,ok,1826,0,0,
ISMN_SNOTEL_Farmington,ok,3653,0,0,
ISMN_SNOTEL_FarmingtonLower,ok,3653,0,0,
ISMN_SNOTEL_FarnsworthLake,ok,3653,0,0,
ISMN_SNOTEL_FawnCreek,ok,3653,0,0,
ISMN_SNOTEL_FieldingLake,ok,2557,0,0,
ISMN_SNOTEL_Fifteenmile,ok,1461,0,0,
ISMN_SNOTEL_FishLakeUtah,ok,3653,0,0,
ISMN_SNOTEL_FivePointsLake,ok,2557,0,0,
ISMN_SNOTEL_ForestdaleCreek,ok,3653,0,0,
ISMN_SNOTEL_FranklinBasin,ok,3653,0,0,
ISMN_SNOTEL_FredonyerPeak,ok,3653,0,0,
ISMN_SNOTEL_FremontPass,ok,3653,0,0,
ISMN_SNOTEL_FryCanyon,ok,3653,0,0,
ISMN_SNOTEL_GBRCHQ,ok,3653,0,0,
ISMN_SNOTEL_GBRCMeadows,ok,3653,0,0,
ISMN_SNOTEL_GalenaAK,ok,2922,0,0,
ISMN_SNOTEL_GalenaSummit,ok,3653,0,0,
ISMN_SNOTEL_GallegosPeak,ok,2556,0,0,
ISMN_SNOTEL_GardenCitySummit,ok,3653,0,0,
ISMN_SNOTEL_GardnerPeak,ok,3653,0,0,
ISMN_SNOTEL_GaritaPeak,ok,3287,0,0,
ISMN_SNOTEL_GeorgeCreek,ok,2557,0,0,
ISMN_SNOTEL_Giveout,ok,1096,0,0,
ISMN_SNOTEL_GobblersKnob,ok,2557,0,0,
ISMN_SNOTEL_Golconda,ok,3653,0,0,
ISMN_SNOTEL_GoldAxeCamp,ok,1826,0,0,
ISMN_SNOTEL_GoldBasin,ok,1826,0,0,
ISMN_SNOTEL_GooseberryRS,ok,3653,0,0,
ISMN_SNOTEL_GooseberryRSUp,ok,3653,0,0,
ISMN_SNOTEL_GrandTarghee,ok,3653,0,0,
ISMN_SNOTEL_GraniteCreek,ok,3653,0,0,
ISMN_SNOTEL_GraniteCrk,ok,1827,0,0,
ISMN_SNOTEL_GranitePeak,ok,3653,0,0,
ISMN_SNOTEL_GreenMountain,ok,3653,0,0,
ISMN_SNOTEL_GrizzlyPeak,ok,2192,0,0,
ISMN_SNOTEL_GulkanaRiver,ok,2557,0,0,
ISMN_SNOTEL_GutzPeak,ok,3287,0,0,
ISMN_SNOTEL_HagansMeadow,ok,3288,0,0,
ISMN_SNOTEL_HappyJack,ok,2922,0,0,
ISMN_SNOTEL_Hardscrabble,ok,3288,0,0,
ISMN_SNOTEL_HarrisFlat,ok,3287,0,0,
ISMN_SNOTEL_HawleyLake,ok,2922,0,0,
ISMN_SNOTEL_HaydenFork,ok,3653,0,0,
ISMN_SNOTEL_HeavenlyValley,ok,3653,0,0,
ISMN_SNOTEL_Hewinta,ok,3653,0,0,
ISMN_SNOTEL_HickersonPark,ok,1827,0,0,
ISMN_SNOTEL_HighLonesome,ok,2922,0,0,
ISMN_SNOTEL_HighRidge,ok,1461,0,0,
ISMN_SNOTEL_HiltsCreek,ok,1461,0,0,
ISMN_SNOTEL_HobbleCreek,ok,2557,0,0,
ISMN_SNOTEL_Hole-in-Mountain,ok,3653,0,0,
ISMN_SNOTEL_Hole-in-Rock,ok,2557,0,0,
ISMN_SNOTEL_HollandMeadows,ok,1461,0,0,
ISMN_SNOTEL_HoosierPass,ok,2922,0,0,
ISMN_SNOTEL_Hopewell,ok,3653,0,0,
ISMN_SNOTEL_HorseMeadow,ok,3653,0,0,
ISMN_SNOTEL_HorseRidge,ok,3653,0,0,
ISMN_SNOTEL_HuntingtonHorse,ok,3653,0,0,
ISMN_SNOTEL_ImnaviatCreek,ok,2922,0,0,
ISMN_SNOTEL_IndependenceCamp,ok,3653,0,0,
ISMN_SNOTEL_IndependenceCreek,ok,3653,0,0,
ISMN_SNOTEL_IndependenceLake,ok,3653,0,0,
ISMN_SNOTEL_IslandPark,ok,3288,0,0,
ISMN_SNOTEL_JackCreekUpper,ok,3653,0,0,
ISMN_SNOTEL_JackWadeJct,ok,2556,0,0,
ISMN_SNOTEL_JacksPeak,ok,2922,0,0,
ISMN_SNOTEL_JacksonPeak,ok,2557,0,0,
ISMN_SNOTEL_JackwhackerGulch,ok,2192,0,0,
ISMN_SNOTEL_JonesCorral,ok,3653,0,0,
ISMN_SNOTEL_JonesPass,ok,2557,0,0,
ISMN_SNOTEL_Kalamazoo,ok,3653,0,0,
ISMN_SNOTEL_KelleyR.S.,ok,2557,0,0,
ISMN_SNOTEL_KellyStation,ok,2922,0,0,
ISMN_SNOTEL_KenaiMoosePens,ok,3653,0,0,
ISMN_SNOTEL_KilfoilCreek,ok,3653,0,0,
ISMN_SNOTEL_KimberlyMine,ok,2922,0,0,
ISMN_SNOTEL_KingsCabin,ok,2922,0,0,
ISMN_SNOTEL_KlondikeNarrows,ok,3653,0,0,
ISMN_SNOTEL_Kolob,ok,3653,0,0,
ISMN_SNOTEL_Lakefork#1,ok,3653,0,0,
ISMN_SNOTEL_LakeforkBasin,ok,2192,0,0,
ISMN_SNOTEL_LamanceCreek,ok,3653,0,0,
ISMN_SNOTEL_Lamoille#3,ok,3653,0,0,
ISMN_SNOTEL_LamoilleUpper,ok,1461,0,0,
ISMN_SNOTEL_LapreleCreek,ok,3653,0,0,
ISMN_SNOTEL_LarsenCreek,ok,2922,0,0,
ISMN_SNOTEL_LasalMountain,ok,2192,0,0,
ISMN_SNOTEL_LasalMountain-Lower,ok,3653,0,0,
ISMN_SNOTEL_LaurelDraw,ok,3653,0,0,
ISMN_SNOTEL_LeavittLake,ok,3653,0,0,
ISMN_SNOTEL_LeavittMeadows,ok,2192,0,0,
ISMN_SNOTEL_LeeCanyon,ok,3653,0,0,
ISMN_SNOTEL_LewisLakeDivide,ok,2192,0,0,
ISMN_SNOTEL_LewisPeak,ok,3653,0,0,
ISMN_SNOTEL_LightningRidge,ok,2192,0,0,
ISMN_SNOTEL_LilyLake,ok,3653,0,0,
ISMN_SNOTEL_LilyPond,ok,3287,0,0,
ISMN_SNOTEL_LittleBear,ok,3653,0,0,
ISMN_SNOTEL_LittleChenaRidge,ok,1461,0,0,
ISMN_SNOTEL_LittleGrassy,ok,3653,0,0,
ISMN_SNOTEL_LittleSnakeRiver,ok,2192,0,0,
ISMN_SNOTEL_LittleValley,ok,3653,0,0,
ISMN_SNOTEL_LizardHeadPass,ok,3653,0,0,
ISMN_SNOTEL_LobdellLake,ok,3653,0,0,
ISMN_SNOTEL_LoneCone,ok,2557,0,0,
ISMN_SNOTEL_LonesomeBeaver,ok,3653,0,0,
ISMN_SNOTEL_LongDrawResv,ok,1827,0,0,
ISMN_SNOTEL_LongFlat,ok,1827,0,0,
ISMN_SNOTEL_LongValley,ok,1096,0,0,
ISMN_SNOTEL_LongValleyJct,ok,3653,0,0,
ISMN_SNOTEL_Lookout,ok,3653,0,0,
ISMN_SNOTEL_LookoutPeak,ok,2192,0,0,
ISMN_SNOTEL_LostCreekResv,ok,3653,0,0,
ISMN_SNOTEL_LostDog,ok,1461,0,0,
ISMN_SNOTEL_LouisMeadow,ok,3288,0,0,
ISMN_SNOTEL_MagicMountain,ok,1827,0,0,
ISMN_SNOTEL_Mammoth-Cottonwood,ok,2192,0,0,
ISMN_SNOTEL_MarletteLake,ok,3653,0,0,
ISMN_SNOTEL_MayCreek,ok,2557,0,0,
ISMN_SNOTEL_McGrath,ok,2557,0,0,
ISMN_SNOTEL_McneilRiverSGS,ok,1461,0,0,
ISMN_SNOTEL_MedBow,ok,3653,0,0,
ISMN_SNOTEL_MerchantValley,ok,2922,0,0,
ISMN_SNOTEL_MicaCreek,ok,2557,0,0,
ISMN_SNOTEL_MichiganCreek,ok,2191,0,0,
ISMN_SNOTEL_MiddleForkCamp,ok,2192,0,0,
ISMN_SNOTEL_MidwayValley,ok,3653,0,0,
ISMN_SNOTEL_Mill-DNorth,ok,2557,0,0,
ISMN_SNOTEL_MiningFork,ok,3653,0,0,
ISMN_SNOTEL_MonitorPass,ok,3653,0,0,
ISMN_SNOTEL_MonteCristo,ok,3653,0,0,
ISMN_SNOTEL_MonumentCreek,ok,1461,0,0,
ISMN_SNOTEL_MooreCreekBridge,ok,1826,0,0,
ISMN_SNOTEL_MormonMountain,ok,2557,0,0,
ISMN_SNOTEL_MormonMtnSummit,ok,3653,0,0,
ISMN_SNOTEL_MosbyMtn.,ok,3287,0,0,
ISMN_SNOTEL_MoscowMountain,ok,3653,0,0,
ISMN_SNOTEL_MosesMtn,ok,1826,0,0,
ISMN_SNOTEL_MosquitoRidge,ok,3288,0,0,
ISMN_SNOTEL_Mt.Ryan,ok,1461,0,0,
ISMN_SNOTEL_MtBaldy,ok,2922,0,0,
ISMN_SNOTEL_MtPennell,ok,3653,0,0,
ISMN_SNOTEL_MtRoseSkiArea,ok,3653,0,0,
ISMN_SNOTEL_MudFlat,ok,1096,0,0,
ISMN_SNOTEL_MyrtleCreek,ok,3287,0,0,
ISMN_SNOTEL_NavajoWhiskeyCk,ok,3653,0,0,
ISMN_SNOTEL_NukaGlacier,ok,3653,0,0,
ISMN_SNOTEL_ONeilCreek,ok,2922,0,0,
ISMN_SNOTEL_OakCreek,ok,3653,0,0,
ISMN_SNOTEL_PalisadesTahoe,ok,3653,0,0,
ISMN_SNOTEL_Palo,ok,2922,0,0,
ISMN_SNOTEL_PanguitchLakeRS,ok,3653,0,0,
ISMN_SNOTEL_ParkCone,ok,1826,0,0,
ISMN_SNOTEL_ParkReservoir,ok,2192,0,0,
ISMN_SNOTEL_ParleysSummit,ok,3653,0,0,
ISMN_SNOTEL_ParleysUpper,ok,2557,0,0,
ISMN_SNOTEL_ParrishCreek,ok,3653,0,0,
ISMN_SNOTEL_PaysonR.S.,ok,3653,0,0,
ISMN_SNOTEL_PebbleCreek,ok,1826,0,0,
ISMN_SNOTEL_PhantomValley,ok,2922,0,0,
ISMN_SNOTEL_PickleKeg,ok,2557,0,0,
ISMN_SNOTEL_PierceR.S.,ok,3653,0,0,
ISMN_SNOTEL_PineCreek,ok,3653,0,0,
ISMN_SNOTEL_PocketCreek,ok,2556,0,0,
ISMN_SNOTEL_PoisonFlat,ok,2557,0,0,
ISMN_SNOTEL_PoleCanyon,ok,3653,0,0,
ISMN_SNOTEL_PoleCreekR.S.,ok,1461,0,0,
ISMN_SNOTEL_PorphyryCreek,ok,2557,0,0,
ISMN_SNOTEL_PorterCanyon,ok,3653,0,0,
ISMN_SNOTEL_PowderMountain,ok,1461,0,0,
ISMN_SNOTEL_QuartzMountain,ok,1461,0,0,
ISMN_SNOTEL_QuartzPeak,ok,2557,0,0,
ISMN_SNOTEL_Quemazon,ok,2922,0,0,
ISMN_SNOTEL_RaggedMountain,ok,3653,0,0,
ISMN_SNOTEL_RainbowCanyon,ok,3653,0,0,
ISMN_SNOTEL_RainyPass,ok,1826,0,0,
ISMN_SNOTEL_ReddenMineLwr,ok,3653,0,0,
ISMN_SNOTEL_ReesFlat,ok,3653,0,0,
ISMN_SNOTEL_ReynoldsCreek,ok,1461,0,0,
ISMN_SNOTEL_RioSantaBarbara,ok,3287,0,0,
ISMN_SNOTEL_RockCreek,ok,3653,0,0,
ISMN_SNOTEL_RockSprings,ok,1461,0,0,
ISMN_SNOTEL_RockwoodGS,ok,1461,0,0,
ISMN_SNOTEL_RockyBasin-Settleme,ok,2557,0,0,
ISMN_SNOTEL_RoughAndTumble,ok,2192,0,0,
ISMN_SNOTEL_Rubicon#2,ok,3653,0,0,
ISMN_SNOTEL_SageCreekBasin,ok,1827,0,0,
ISMN_SNOTEL_SaltRiverSummit,ok,3653,0,0,
ISMN_SNOTEL_SandstoneRS,ok,3287,0,0,
ISMN_SNOTEL_SantaFe,ok,3653,0,0,
ISMN_SNOTEL_SantaquinMeadows,ok,3288,0,0,
ISMN_SNOTEL_SavagePass,ok,2922,0,0,
ISMN_SNOTEL_Sawtooth,ok,1826,0,0,
ISMN_SNOTEL_SchofieldPass,ok,3653,0,0,
ISMN_SNOTEL_SeeleyCreek,ok,3653,0,0,
ISMN_SNOTEL_SenoritaDivide#2,ok,1826,0,0,
ISMN_SNOTEL_SeventysixCreek,ok,2922,0,0,
ISMN_SNOTEL_ShanghiSummit,ok,2557,0,0,
ISMN_SNOTEL_Sharkstooth,ok,1827,0,0,
ISMN_SNOTEL_SheepMtn.,ok,3653,0,0,
ISMN_SNOTEL_Sheldon,ok,2922,0,0,
ISMN_SNOTEL_Sherwin,ok,2192,0,0,
ISMN_SNOTEL_Shuree,ok,2557,0,0,
ISMN_SNOTEL_Silvies,ok,1461,0,0,
ISMN_SNOTEL_Slumgullion,ok,3287,0,0,
ISMN_SNOTEL_SmithMorehouse,ok,2557,0,0,
ISMN_SNOTEL_SnakeRiverStation,ok,3653,0,0,
ISMN_SNOTEL_Snowbird,ok,2557,0,0,
ISMN_SNOTEL_SomsenRanch,ok,3653,0,0,
ISMN_SNOTEL_SonoraPass,ok,2922,0,0,
ISMN_SNOTEL_SourdoughGulch,ok,3653,0,0,
ISMN_SNOTEL_SouthBrushCreek,ok,3287,0,0,
ISMN_SNOTEL_SouthMtn.,ok,3653,0,0,
ISMN_SNOTEL_SpiritLk,ok,3288,0,0,
ISMN_SNOTEL_SprattCreek,ok,2192,0,0,
ISMN_SNOTEL_SpringCreek,ok,2557,0,0,
ISMN_SNOTEL_StateLine,ok,1826,0,0,
ISMN_SNOTEL_SteelCreekPark,ok,3653,0,0,
ISMN_SNOTEL_StickneyMill,ok,3653,0,0,
ISMN_SNOTEL_StillwaterCreek,ok,2192,0,0,
ISMN_SNOTEL_StrawberryDivide,ok,3653,0,0,
ISMN_SNOTEL_SummitCreek,ok,2192,0,0,
ISMN_SNOTEL_SummitLk,ok,2922,0,0,
ISMN_SNOTEL_SummitMeadow,ok,3653,0,0,
ISMN_SNOTEL_SummitRanch,ok,2192,0,0,
ISMN_SNOTEL_SunflowerFlat,ok,3653,0,0,
ISMN_SNOTEL_Sunset,ok,2192,0,0,
ISMN_SNOTEL_SusitnaValleyHigh,ok,3288,0,0,
ISMN_SNOTEL_SuuRanch,ok,3653,0,0,
ISMN_SNOTEL_SwedePeak,ok,2557,0,0,
ISMN_SNOTEL_TahoeCityCross,ok,3653,0,0,
ISMN_SNOTEL_TakkaWiiya,ok,3288,0,0,
ISMN_SNOTEL_TaosPowderhorn,ok,3653,0,0,
ISMN_SNOTEL_TaosPueblo,ok,1826,0,0,
ISMN_SNOTEL_TaylorCanyon,ok,1826,0,0,
ISMN_SNOTEL_TelaquanaLake,ok,3653,0,0,
ISMN_SNOTEL_TempleFork,ok,2922,0,0,
ISMN_SNOTEL_ThaynesCanyon,ok,1827,0,0,
ISMN_SNOTEL_ThistleFlat,ok,3653,0,0,
ISMN_SNOTEL_ThumbDivide,ok,3653,0,0,
ISMN_SNOTEL_Timberline,ok,3653,0,0,
ISMN_SNOTEL_TimpanogosDivide,ok,3653,0,0,
ISMN_SNOTEL_Tipton,ok,1461,0,0,
ISMN_SNOTEL_ToeJam,ok,3288,0,0,
ISMN_SNOTEL_Tok,ok,1826,0,0,
ISMN_SNOTEL_TokositnaValley,ok,3287,0,0,
ISMN_SNOTEL_TonyGroveLake,ok,3653,0,0,
ISMN_SNOTEL_TonyGroveRS,ok,1827,0,0,
ISMN_SNOTEL_Touchet,ok,1827,0,0,
ISMN_SNOTEL_TresRitos,ok,3653,0,0,
ISMN_SNOTEL_TrialLake,ok,2922,0,0,
ISMN_SNOTEL_TriplePeak,ok,3653,0,0,
ISMN_SNOTEL_Trough,ok,1461,0,0,
ISMN_SNOTEL_TroutCreek,ok,3653,0,0,
ISMN_SNOTEL_Truckee#2,ok,3653,0,0,
ISMN_SNOTEL_UpperJoesValley,ok,1827,0,0,
ISMN_SNOTEL_UpperNomeCreek,ok,1827,0,0,
ISMN_SNOTEL_UpperRioGrande,ok,2556,0,0,
ISMN_SNOTEL_UpperSanJuan,ok,2922,0,0,
ISMN_SNOTEL_UpperTaylor,ok,3653,0,0,
ISMN_SNOTEL_UpperTsainaRiver,ok,2922,0,0,
ISMN_SNOTEL_UsuDocDaniel,ok,3653,0,0,
ISMN_SNOTEL_VacarroSprings,ok,3653,0,0,
ISMN_SNOTEL_VacasLocas,ok,2922,0,0,
ISMN_SNOTEL_VernonCreek,ok,3653,0,0,
ISMN_SNOTEL_VirginiaLakesRidge,ok,3653,0,0,
ISMN_SNOTEL_WardCreek#3,ok,3653,0,0,
ISMN_SNOTEL_WardMountain,ok,2192,0,0,
ISMN_SNOTEL_WebsterFlat,ok,3653,0,0,
ISMN_SNOTEL_WesnerSprings,ok,1826,0,0,
ISMN_SNOTEL_WheelerPeak,ok,2922,0,0,
ISMN_SNOTEL_WhiteRiver#1,ok,3653,0,0,
ISMN_SNOTEL_Widtsoe#3,ok,3653,0,0,
ISMN_SNOTEL_WilburBench,ok,3653,0,0,
ISMN_SNOTEL_WildBasin,ok,2557,0,0,
ISMN_SNOTEL_WildhorseDivide,ok,1827,0,0,
ISMN_SNOTEL_WilsonCreek,ok,1827,0,0,
ISMN_SNOTEL_WindyPeak,ok,1827,0,0,
ISMN_SNOTEL_WolfCreekPeak,ok,2192,0,0,
ISMN_SNOTEL_WolfCreekSummit,ok,2557,0,0,
ISMN_SNOTEL_WrigleyCreek,ok,3653,0,0,
ISMN_SNOTEL_YankeeReservoir,ok,3653,0,0,
ISMN_SNOTEL_Zirkel,ok,3653,0,0,
ISMN_SOILSCAPE_Lucky-Hills-1503,ok,1461,0,0,
ISMN_SOILSCAPE_Lucky-Hills-1506,ok,1461,0,0,
ISMN_STEMS_CarpenetopermanentGrassCoverNoTrackposition,ok,1826,0,0,
ISMN_STEMS_CarpenetopermanentGrassCoverTrackposition,ok,1826,0,0,
ISMN_TERENO_Gevenich,ok,2192,0,0,
ISMN_TERENO_Merzenhausen,ok,1827,0,0,
ISMN_TERENO_Schoeneseiffen,ok,1827,0,0,
ISMN_TERENO_Selhausen,ok,2922,0,0,
ISMN_TWENTE_Hupsel,ok,1461,0,0,
ISMN_TWENTE_ITCSM-07b,ok,1827,0,0,
ISMN_TWENTE_ITCSM-08b,ok,1827,0,0,
ISMN_TWENTE_ITCSM-09,ok,1827,0,0,
ISMN_TWENTE_ITCSM-13,ok,1827,0,0,
ISMN_TWENTE_ITCSM-15b,ok,1461,0,0,
ISMN_TWENTE_ITCSM-16b,ok,1461,0,0,
ISMN_TWENTE_ITCSM-17c,ok,1827,0,0,
ISMN_TxSON_CR1000-1,ok,1826,0,0,
ISMN_TxSON_CR1000-2,ok,2192,0,0,
ISMN_TxSON_CR1000-3,ok,2557,0,0,
ISMN_TxSON_CR1000-4,ok,2557,0,0,
ISMN_TxSON_CR1000-5,ok,2557,0,0,
ISMN_TxSON_CR1000-6,ok,2557,0,0,
ISMN_TxSON_CR200-1,ok,2192,0,0,
ISMN_TxSON_CR200-10,ok,1461,0,0,
ISMN_TxSON_CR200-11,ok,1461,0,0,
ISMN_TxSON_CR200-12,ok,2557,0,0,
ISMN_TxSON_CR200-13,ok,2557,0,0,
ISMN_TxSON_CR200-14,ok,2557,0,0,
ISMN_TxSON_CR200-15,ok,2557,0,0,
ISMN_TxSON_CR200-16,ok,2557,0,0,
ISMN_TxSON_CR200-17,ok,2557,0,0,
ISMN_TxSON_CR200-18,ok,2557,0,0,
ISMN_TxSON_CR200-19,ok,2192,0,0,
ISMN_TxSON_CR200-2,ok,2557,0,0,
ISMN_TxSON_CR200-21,ok,2557,0,0,
ISMN_TxSON_CR200-22,ok,1461,0,0,
ISMN_TxSON_CR200-23,ok,2557,0,0,
ISMN_TxSON_CR200-24,ok,2557,0,0,
ISMN_TxSON_CR200-25,ok,2557,0,0,
ISMN_TxSON_CR200-26,ok,2557,0,0,
ISMN_TxSON_CR200-28,ok,2557,0,0,
ISMN_TxSON_CR200-29,ok,2557,0,0,
ISMN_TxSON_CR200-3,ok,2557,0,0,
ISMN_TxSON_CR200-4,ok,2191,0,0,
ISMN_TxSON_CR200-5,ok,2557,0,0,
ISMN_TxSON_CR200-6,ok,2557,0,0,
ISMN_TxSON_CR200-7,ok,1461,0,0,
ISMN_TxSON_CR200-8,ok,2557,0,0,
ISMN_TxSON_CR200-9,ok,2557,0,0,
ISMN_TxSON_LCRA-1,ok,2557,0,0,
ISMN_TxSON_LCRA-2,ok,2557,0,0,
ISMN_TxSON_LCRA-3,ok,2557,0,0,
ISMN_TxSON_LCRA-4,ok,2557,0,0,
ISMN_TxSON_LCRA-5,ok,2557,0,0,
ISMN_TxSON_LCRA-6,ok,2557,0,0,
ISMN_TxSON_LCRA-7,ok,2557,0,0,
ISMN_USCRN_Asheville-13-S,ok,2192,0,0,
ISMN_USCRN_Austin-33-NW,ok,2192,0,0,
ISMN_USCRN_Baker-5-W,ok,1827,0,0,
ISMN_USCRN_Batesville-8-WNW,ok,2192,0,0,
ISMN_USCRN_Bedford-5-WNW,ok,1461,0,0,
ISMN_USCRN_Bowling-Green-21-NNE,ok,1461,0,0,
ISMN_USCRN_Bronte-11-NNE,ok,1826,0,0,
ISMN_USCRN_Brunswick-23-S,ok,1461,0,0,
ISMN_USCRN_Charlottesville-2-SSE,ok,2192,0,0,
ISMN_USCRN_Chatham-1-SE,ok,2192,0,0,
ISMN_USCRN_Cortez-8-SE,ok,1096,0,0,
ISMN_USCRN_Corvallis-10-SSW,ok,2192,0,0,
ISMN_USCRN_Crossville-7-NW,ok,1096,0,0,
ISMN_USCRN_Durham-11-W,ok,2192,0,0,
ISMN_USCRN_Durham-2-N,ok,1096,0,0,
ISMN_USCRN_Elgin-5-S,ok,1826,0,0,
ISMN_USCRN_Elkins-21-ENE,ok,1827,0,0,
ISMN_USCRN_Everglades-City-5-NE,ok,1827,0,0,
ISMN_USCRN_Fallbrook-5-NE,ok,2192,0,0,
ISMN_USCRN_Gadsden-19-N,ok,2192,0,0,
ISMN_USCRN_Goodwell-2-E,ok,1461,0,0,
ISMN_USCRN_Goodwell-2-SE,ok,2192,0,0,
ISMN_USCRN_John-Day-35-WNW,ok,2192,0,0,
ISMN_USCRN_Joplin-24-N,ok,2192,0,0,
ISMN_USCRN_Lafayette-13-SE,ok,2192,0,0,
ISMN_USCRN_Las-Cruces-20-N,ok,2192,0,0,
ISMN_USCRN_Los-Alamos-13-W,ok,1827,0,0,
ISMN_USCRN_McClellanville-7-NE,ok,2192,0,0,
ISMN_USCRN_Mercury-3-SSW,ok,2192,0,0,
ISMN_USCRN_Monahans-6-ENE,ok,2192,0,0,
ISMN_USCRN_Monroe-26-N,ok,1461,0,0,
ISMN_USCRN_Muleshoe-19-S,ok,1826,0,0,
ISMN_USCRN_Newton-5-ENE,ok,2192,0,0,
ISMN_USCRN_Newton-8-W,ok,1096,0,0,
ISMN_USCRN_Panther-Junction-2-N,ok,2192,0,0,
ISMN_USCRN_Quinault-4-NE,ok,2192,0,0,
ISMN_USCRN_Salem-10-W,ok,2192,0,0,
ISMN_USCRN_Santa-Barbara-11-W,ok,1826,0,0,
ISMN_USCRN_Socorro-20-N,ok,2192,0,0,
ISMN_USCRN_Spokane-17-SSW,ok,1826,0,0,
ISMN_USCRN_Stillwater-2-W,ok,2192,0,0,
ISMN_USCRN_Stillwater-5-WNW,ok,1827,0,0,
ISMN_USCRN_Stovepipe-Wells-1-SW,ok,2192,0,0,
ISMN_USCRN_Tucson-11-W,ok,2192,0,0,
ISMN_USCRN_Versailles-3-NNW,ok,2192,0,0,
ISMN_USCRN_Watkinsville-5-SSE,ok,2192,0,0,
ISMN_USCRN_Yosemite-Village-12-W,ok,1461,0,0,
ISMN_USCRN_Yuma-27-ENE,ok,2192,0,0,
ISMN_WATERLINE_Kerasia,ok,1826,0,0,
ISMN_WATERLINE_Komotini,ok,1461,0,0,
ISMN_WATERLINE_Nymfaia,ok,1826,0,0,
ISMN_XMS-CAT_BatlliudeSort,ok,3653,0,0,
ISMN_XMS-CAT_BordaColl,ok,1826,0,0,
ISMN_XMS-CAT_CamidelsNerets,ok,3287,0,0,
ISMN_XMS-CAT_Clarella,ok,1826,0,0,
ISMN_XMS-CAT_ClotdelesPeresII,ok,1826,0,0,
ISMN_XMS-CAT_ColldePaller,ok,2557,0,0,
ISMN_XMS-CAT_ElBoixer,ok,2557,0,0,
ISMN_XMS-CAT_ElMiracle,ok,1826,0,0,
ISMN_XMS-CAT_LaCultiadAreu,ok,2192,0,0,
ISMN_XMS-CAT_Llivia,ok,1826,0,0,
ISMN_XMS-CAT_LosCoscolls,ok,3287,0,0,
ISMN_XMS-CAT_Pessonada,ok,3287,0,0,
ISMN_XMS-CAT_RiberadeSio,ok,2192,0,0,
ISMN_XMS-CAT_SerradeCostaAmpla,ok,2556,0,0,
ISMN_iRON_BrushCreek,ok,2557,0,0,
ISMN_iRON_GlenwoodSprings,ok,2557,0,0,
ISMN_iRON_NorthstarAspenGrove,ok,2192,0,0,
ISMN_iRON_NorthstarTransitionZone,ok,2192,0,0,
ISMN_iRON_SkyMountain,ok,2557,0,0,
ICOS_CH-Cha,ok,1461,0,0,
ICOS_CH-Fru,ok,1461,0,0,
ICOS_CH-Lae,ok,1461,0,0,
ICOS_CH-Oe2,ok,1461,0,0,
ICOS_CZ-KrP,ok,1461,0,0,
ICOS_CZ-RAJ,ok,1461,0,0,
ICOS_CZ-Stn,ok,1461,0,0,
ICOS_CZ-wet,ok,2922,0,0,
ICOS_DE-Kli,ok,2922,0,0,
ICOS_DE-Obe,ok,1461,0,0,
ICOS_ES-Abr,ok,1461,0,0,
ICOS_ES-Agu,ok,1461,0,0,
ICOS_ES-Cnd,ok,1461,0,0,
ICOS_ES-LM1,ok,1461,0,0,
ICOS_ES-LM2,ok,1461,0,0,
ICOS_ES-LMa,ok,1827,0,0,
ICOS_FR-Aur,ok,2191,0,0,
ICOS_FR-EM2,ok,2922,0,0,
ICOS_FR-FBn,ok,1461,0,0,
ICOS_IL-Yat,ok,1461,0,0,
ICOS_IT-BCi,ok,1461,0,0,
ICOS_IT-MBo,ok,1461,0,0,
ICOS_RU-Fy2,ok,1461,0,0,
ICOS_RU-Fyo,ok,1461,0,0,
ICOS_UK-AMo,ok,1461,0,0,
ICOS_BE-Bra,ok,1827,0,0,
ICOS_BE-Lon,ok,2557,0,0,
ICOS_BE-Maa,ok,2192,0,0,
ICOS_BE-Vie,ok,2557,0,0,
ICOS_CH-Dav,ok,2922,0,0,
ICOS_CZ-BK1,ok,1461,0,0,
ICOS_CZ-Lnz,ok,1461,0,0,
ICOS_DE-Geb,ok,1461,0,0,
ICOS_DE-Gri,ok,1827,0,0,
ICOS_DE-Har,ok,1461,0,0,
ICOS_DE-HoH,ok,2922,0,0,
ICOS_DE-RuR,ok,2922,0,0,
ICOS_DE-RuS,ok,2192,0,0,
ICOS_DE-RuW,ok,2557,0,0,
ICOS_DK-Sor,ok,1461,0,0,
ICOS_FI-Hyy,ok,2557,0,0,
ICOS_FI-Ken,ok,2557,0,0,
ICOS_FI-Sii,ok,2922,0,0,
ICOS_FI-Var,ok,1827,0,0,
ICOS_FR-Bil,ok,2922,0,0,
ICOS_FR-CLt,ok,2192,0,0,
ICOS_FR-Gri,ok,1461,0,0,
ICOS_FR-Hes,ok,1461,0,0,
ICOS_FR-Mej,ok,2192,0,0,
ICOS_FR-Pue,ok,1461,0,0,
ICOS_FR-Tou,ok,2557,0,0,
ICOS_GF-Guy,ok,2191,0,0,
ICOS_IT-BFt,ok,2192,0,0,
ICOS_IT-Lsn,ok,2556,0,0,
ICOS_IT-SR2,ok,1461,0,0,
ICOS_IT-Tor,ok,1827,0,0,
ICOS_IT-TrF,ok,2922,0,0,
ICOS_SE-Deg,ok,2922,0,0,
ICOS_SE-Htm,ok,2922,0,0,
ICOS_SE-Nor,ok,2557,0,0,
ICOS_SE-Svb,ok,2922,0,0,
AmeriFlux_CA-Cbo,ok,1461,0,0,
AmeriFlux_CA-DB2,ok,2192,0,0,
AmeriFlux_CA-DBB,ok,1461,0,0,
AmeriFlux_CA-DSM,ok,1461,0,0,
AmeriFlux_CA-Mer,ok,1461,0,0,
AmeriFlux_US-ALQ,ok,1826,0,0,
AmeriFlux_US-BZB,ok,2557,0,0,
AmeriFlux_US-BZo,ok,1461,0,0,
AmeriFlux_US-Bi1,ok,2922,0,0,
AmeriFlux_US-Bi2,ok,1826,0,0,
AmeriFlux_US-DFC,ok,2191,0,0,
AmeriFlux_US-DS2,ok,1461,0,0,
AmeriFlux_US-Dmg,ok,1461,0,0,
AmeriFlux_US-Esm,ok,2556,0,0,
AmeriFlux_US-EvM,ok,1461,0,0,
AmeriFlux_US-GLE,ok,1461,0,0,
AmeriFlux_US-HB1,ok,1461,0,0,
AmeriFlux_US-HB3,ok,1461,0,0,
AmeriFlux_US-HB4,ok,1827,0,0,
AmeriFlux_US-Ho1,ok,2556,0,0,
AmeriFlux_US-Ho2,ok,1461,0,0,
AmeriFlux_US-Hsm,ok,1461,0,0,
AmeriFlux_US-ICs,ok,1461,0,0,
AmeriFlux_US-ICt,ok,1461,0,0,
AmeriFlux_US-Jo1,ok,1826,0,0,
AmeriFlux_US-Jo2,ok,1461,0,0,
AmeriFlux_US-KFS,ok,1095,0,0,
AmeriFlux_US-KLS,ok,1095,0,0,
AmeriFlux_US-Kon,ok,1095,0,0,
AmeriFlux_US-MMS,ok,1461,0,0,
AmeriFlux_US-MN2,ok,2192,0,0,
AmeriFlux_US-MN3,ok,1827,0,0,
AmeriFlux_US-Me2,ok,1826,0,0,
AmeriFlux_US-Mo1,ok,2557,0,0,
AmeriFlux_US-Mo2,ok,2191,0,0,
AmeriFlux_US-Mo3,ok,1826,0,0,
AmeriFlux_US-Mpj,ok,2922,0,0,
AmeriFlux_US-MtB,ok,2192,0,0,
AmeriFlux_US-NC3,ok,1461,0,0,
AmeriFlux_US-Ne1,ok,2922,0,0,
AmeriFlux_US-Ne2,ok,2922,0,0,
AmeriFlux_US-ONA,ok,1826,0,0,
AmeriFlux_US-RGB,ok,1461,0,0,
AmeriFlux_US-RGo,ok,1461,0,0,
AmeriFlux_US-Rls,ok,2556,0,0,
AmeriFlux_US-Rms,ok,2556,0,0,
AmeriFlux_US-Ro4,ok,2922,0,0,
AmeriFlux_US-Ro5,ok,2922,0,0,
AmeriFlux_US-Ro6,ok,2922,0,0,
AmeriFlux_US-Rwf,ok,2556,0,0,
AmeriFlux_US-Rws,ok,2556,0,0,
AmeriFlux_US-SHC,ok,1461,0,0,
AmeriFlux_US-Seg,ok,2922,0,0,
AmeriFlux_US-Ses,ok,1461,0,0,
AmeriFlux_US-Sne,ok,1461,0,0,
AmeriFlux_US-Tw4,ok,2191,0,0,
AmeriFlux_US-UC1,ok,1827,0,0,
AmeriFlux_US-UMB,ok,1826,0,0,
AmeriFlux_US-Vcm,ok,2556,0,0,
AmeriFlux_US-Vcp,ok,1461,0,0,
AmeriFlux_US-Wjs,ok,2922,0,0,
AmeriFlux_US-xBR,ok,1827,0,0,
AmeriFlux_US-xCL,ok,1461,0,0,
AmeriFlux_US-xCP,ok,1461,0,0,
AmeriFlux_US-xDJ,ok,2192,0,0,
AmeriFlux_US-xDL,ok,1827,0,0,
AmeriFlux_US-xHA,ok,1827,0,0,
AmeriFlux_US-xJE,ok,1826,0,0,
AmeriFlux_US-xJR,ok,1826,0,0,
AmeriFlux_US-xKA,ok,1461,0,0,
AmeriFlux_US-xNG,ok,1461,0,0,
AmeriFlux_US-xRM,ok,1461,0,0,
AmeriFlux_US-xSC,ok,1461,0,0,
AmeriFlux_US-xSE,ok,1827,0,0,
AmeriFlux_US-xSJ,ok,1827,0,0,
AmeriFlux_US-xUK,ok,1827,0,0,
AmeriFlux_US-xUN,ok,1461,0,0,
AmeriFlux_US-xWD,ok,2192,0,0,
AmeriFlux_CA-TP1,ok,1826,0,0,
AmeriFlux_CA-TP3,ok,2191,0,0,
AmeriFlux_CA-TPD,ok,2556,0,0,
AmeriFlux_US-ARM,ok,2556,0,0,
AmeriFlux_US-Me6,ok,1827,0,0,
AmeriFlux_US-SRG,ok,2557,0,0,
AmeriFlux_US-SRM,ok,1461,0,0,
AmeriFlux_US-Ton,ok,1461,0,0,
AmeriFlux_US-UMd,ok,2556,0,0,
AmeriFlux_US-Var,ok,1826,0,0,
AmeriFlux_US-Whs,ok,1461,0,0,
AmeriFlux_US-Wkg,ok,2922,0,0,
