dir_name,split,latitude,longitude,network,soil_moisture_am,soil_moisture_pm,tb_h_corrected_am,tb_v_corrected_am,vegetation_water_content_am
ISMN_LAB-net_OromoCalibrationSite,train,-40.88502,-73.10873,LAB-net,0.34293394003595623,0.34047421387263704,236.6447470528739,250.82730320521765,5.597199440002441
ISMN_COSMOS_KLEE,train,0.2825,36.8669,COSMOS,0.16176049837044307,0.15096544580800192,245.8137926374163,268.2600402832031,0.6054007751601083
ISMN_AMMA-CATCH_Banizoumbou,train,13.5325,2.6604,AMMA-CATCH,0.05922894978097507,0.05920584819146565,262.1506086077009,287.84911673409596,0.5296276382037571
ISMN_AMMA-CATCH_Tondikiboro,train,13.548,2.6956,AMMA-CATCH,0.05510612364326205,0.055207331265722005,263.26514107840404,288.48230416434154,0.5937920808792114
ISMN_SD_DEM_Demokeya,train,13.2829,30.4783,SD_DEM,0.03737900618995939,0.03748202696442604,268.87457275390625,291.2134791782924,0.5923770921570914
ISMN_SCAN_Combate,val,17.98333,-67.16667,SCAN,,,262.8955557686942,272.5007803780692,4.058044501713344
ISMN_SCAN_Fortuna,train,18.02502,-66.5279,SCAN,0.4997221827507019,0.4997221827507019,77.66225324358258,116.13911764962333,7.281588554382324
ISMN_SCAN_MaricaoForest,train,18.15,-67.00468,SCAN,0.3388330936431885,0.3701428345271519,265.1136736188616,272.0145568847656,11.612723214285714
ISMN_USCRN_Panther-Junction-2-N,train,29.3483,-103.2093,USCRN,0.1213582062295505,0.11201375829321998,256.4002903529576,274.95994349888394,0.3115766516753605
ISMN_SCAN_Uvalde,train,29.21578,-99.75517,SCAN,0.1674927877528327,0.15795698123318808,253.39090619768416,271.44691249302457,0.8727761336735317
ISMN_SCAN_EvergladesARS,train,25.5,-80.55,SCAN,0.4205397665500641,0.4145533697945731,183.8446807861328,219.00154985700334,2.629028933388846
ISMN_USCRN_Everglades-City-5-NE,train,25.8996,-81.3183,USCRN,0.31922460879598347,0.3248468041419983,225.88069588797433,246.6551775251116,4.502779075077602
ISMN_SCAN_SellersLake#1,train,29.1,-81.63333,SCAN,0.2835447447640555,0.2802887431212834,251.89048767089844,264.8502633231027,7.510332993098667
ISMN_USCRN_Fallbrook-5-NE,train,33.4392,-117.1904,USCRN,0.13692986965179443,0.13545251105512893,256.37660435267856,270.13745553152904,1.4787274428776331
ISMN_USCRN_Santa-Barbara-11-W,train,34.4141,-119.8796,USCRN,,,76.79285103934151,116.44056810651507,3.1075758593423024
ISMN_SCAN_Stubblefield,train,34.97018,-119.47831,SCAN,0.12027683109045029,0.11578477493354253,254.59547206333704,271.1912275041853,0.6950634121894836
ISMN_SNOTEL_BakerButteSmt,train,34.45552,-111.38262,SNOTEL,0.182887145451137,0.18107720570904867,254.43844604492188,264.1878749302455,4.157784598214286
ISMN_SNOTEL_BakerButte,train,34.45654,-111.40651,SNOTEL,0.182887145451137,0.18107720570904867,254.43844604492188,264.1878749302455,4.157784598214286
ISMN_SNOTEL_BarM,train,34.86142,-111.60497,SNOTEL,0.18558187357016973,0.1918113018785204,250.45262145996094,262.20519583565846,5.211325645446777
ISMN_SNOTEL_MormonMtnSummit,train,34.96942,-111.50868,SNOTEL,0.16667539307049342,0.17283453047275543,249.40296064104353,262.4934735979353,4.02615703855242
ISMN_SCAN_AdamsRanch#1,train,32.25296,-105.41975,SCAN,0.10221976573978152,0.09342895873955318,248.2515869140625,271.9106183733259,0.26280148540224346
ISMN_SCAN_JornadaExpRange,train,32.5566,-106.69997,SCAN,0.10034955080066409,0.09096138605049678,251.523441859654,272.82747541155135,0.33870733635766165
ISMN_USCRN_Las-Cruces-20-N,train,32.6137,-106.7414,USCRN,0.09994064910071236,0.09032995253801346,251.37345668247767,273.0382298060826,0.23943209861006057
ISMN_SNOTEL_HawleyLake,train,33.97121,-109.76531,SNOTEL,0.2291221341916493,0.2458627883877073,251.4853057861328,260.51600864955356,10.020170620509557
ISMN_SNOTEL_Baldy,train,33.97845,-109.50357,SNOTEL,0.19534688975129808,0.20915683252470835,248.36204092843192,259.5242658342634,7.995053291320801
ISMN_USCRN_Socorro-20-N,train,34.3557,-106.8859,USCRN,0.10091426436390195,0.09739091140883309,250.90033394949776,270.6615644182478,0.2021662678037371
ISMN_SCAN_Sevilleta,train,34.35813,-106.69127,SCAN,0.09653093559401375,0.0942376075046403,252.20249938964844,271.3320748465402,0.2386633540902819
ISMN_SCAN_SanAngelo,train,31.5496,-100.50748,SCAN,0.16848614173276083,0.15628080070018768,244.23824201311385,265.6585257393973,0.7050207597868783
ISMN_USCRN_Monahans-6-ENE,train,31.6219,-102.8071,USCRN,0.06887174025177956,0.06853788079960006,258.0208740234375,278.6864275251116,0.3590971955231258
ISMN_USCRN_Bronte-11-NNE,train,32.0408,-100.2495,USCRN,0.16545463034084865,0.15772956609725952,243.76651218959265,264.93807111467635,0.6528997421264648
ISMN_SCAN_WillowWells,train,33.53382,-103.63097,SCAN,0.07676104456186295,0.07418946070330483,254.6870618547712,274.764404296875,0.43163723179272245
ISMN_SCAN_Levelland,train,33.55125,-102.37392,SCAN,0.10520786366292409,0.09147328031914574,251.09639630998885,271.69671630859375,0.5670205269541059
ISMN_SCAN_ReeseCenter,train,33.61536,-102.03869,SCAN,0.12496693538767951,0.10731845029762813,246.03050013950892,268.34228951590404,0.723728426865169
ISMN_SCAN_Lehman,train,33.62647,-102.7453,SCAN,0.09518203032868248,0.0854846281664712,253.18412126813615,273.03796822684154,0.5466262527874538
ISMN_USCRN_Muleshoe-19-S,val,33.9557,-102.774,USCRN,0.10028173348733357,0.09534605592489243,251.54961940220423,271.77709524972096,0.39156111649104525
ISMN_SCAN_PrairieView#1,train,30.08333,-95.98333,SCAN,0.24506828401769912,0.24993862424577987,240.90408761160714,259.0651637486049,2.2866759981427873
ISMN_TxSON_LCRA-7,train,30.1658,-98.9498,TxSON,0.194773331284523,0.19492340087890625,247.3005632672991,264.7644304547991,1.008390384060996
ISMN_TxSON_LCRA-3,train,30.1713,-98.6136,TxSON,0.19440057235104696,0.19562377035617828,246.80420139857702,264.70169939313615,0.9984876343182155
ISMN_TxSON_CR200-23,train,30.2022,-98.6543,TxSON,0.19440057235104696,0.19562377035617828,246.80420139857702,264.70169939313615,0.9984876343182155
ISMN_TxSON_CR200-12,train,30.2108,-98.8331,TxSON,0.19343705475330353,0.19372624371732985,247.18562970842635,264.8049970354353,0.990347683429718
ISMN_TxSON_CR200-11,train,30.2317,-98.7685,TxSON,0.19400206208229065,0.1940676931824003,247.01036507742745,264.73950631277904,0.9994650142533439
ISMN_TxSON_CR200-7,val,30.2318,-98.7084,TxSON,0.19440057235104696,0.19562377035617828,246.80420139857702,264.70169939313615,0.9984876343182155
ISMN_TxSON_CR200-5,train,30.2381,-98.7701,TxSON,0.18920840535845077,0.18974527078015463,247.6416778564453,265.2842755998884,1.0032803927149092
ISMN_TxSON_CR200-6,val,30.2383,-98.7037,TxSON,0.19023506556238448,0.1908370235136577,247.37460327148438,265.184326171875,1.013547761099679
ISMN_TxSON_CR1000-2,val,30.2454,-98.7059,TxSON,0.19023506556238448,0.1908370235136577,247.37460327148438,265.184326171875,1.013547761099679
ISMN_TxSON_CR200-18,val,30.2456,-98.6988,TxSON,0.19023506556238448,0.1908370235136577,247.37460327148438,265.184326171875,1.013547761099679
ISMN_TxSON_CR200-25,val,30.2492,-98.6995,TxSON,0.19023506556238448,0.1908370235136577,247.37460327148438,265.184326171875,1.013547761099679
ISMN_TxSON_CR200-15,val,30.2501,-98.7069,TxSON,0.19023506556238448,0.1908370235136577,247.37460327148438,265.184326171875,1.013547761099679
ISMN_TxSON_CR200-24,val,30.2534,-98.699,TxSON,0.19023506556238448,0.1908370235136577,247.37460327148438,265.184326171875,1.013547761099679
ISMN_TxSON_CR200-17,train,30.2754,-98.7268,TxSON,0.18920840535845077,0.18974527078015463,247.6416778564453,265.2842755998884,1.0032803927149092
ISMN_TxSON_CR1000-3,train,30.2758,-98.7242,TxSON,0.18920840535845077,0.18974527078015463,247.6416778564453,265.2842755998884,1.0032803927149092
ISMN_TxSON_CR200-8,train,30.2834,-98.6864,TxSON,0.19023506556238448,0.1908370235136577,247.37460327148438,265.184326171875,1.013547761099679
ISMN_TxSON_CR200-16,train,30.2836,-98.7417,TxSON,0.18920840535845077,0.18974527078015463,247.6416778564453,265.2842755998884,1.0032803927149092
ISMN_TxSON_CR200-2,train,30.2896,-98.745,TxSON,0.18920840535845077,0.18974527078015463,247.6416778564453,265.2842755998884,1.0032803927149092
ISMN_TxSON_CR200-10,val,30.3072,-98.7703,TxSON,0.18920840535845077,0.18974527078015463,247.6416778564453,265.2842755998884,1.0032803927149092
ISMN_TxSON_CR1000-5,train,30.3989,-98.6105,TxSON,0.18650966669831956,0.18622594007423945,248.25947788783483,265.803458077567,1.0898545469556535
ISMN_TxSON_LCRA-1,train,30.4306,-98.6136,TxSON,0.18225050824029104,0.1815884347472872,249.28407287597656,266.5227355957031,1.1813231366021293
ISMN_TxSON_CR1000-4,train,30.46,-98.9407,TxSON,0.17619665605681284,0.1779285137142454,249.52015250069755,266.88487025669644,1.0329498904091972
ISMN_USCRN_Austin-33-NW,train,30.6222,-98.0846,USCRN,0.21653468906879425,0.21120324517999375,244.7486855643136,262.8417227608817,1.3615085227148873
ISMN_SCAN_Stephenville,train,32.24535,-98.19563,SCAN,0.19773523935249873,0.19721812861306326,241.57774788992745,261.8367832728795,1.0011859961918421
ISMN_SCAN_KnoxCity,train,33.44635,-99.86657,SCAN,0.14992875073637282,0.13699829471962793,243.23796735491072,265.80403791155135,0.7545678615570068
ISMN_USCRN_Lafayette-13-SE,val,30.0918,-91.8731,USCRN,0.35100755946976797,0.3491336703300476,227.4405800955636,247.50585065569197,3.5111547878810336
ISMN_SCAN_Onward,train,32.75358,-90.94208,SCAN,0.3497896535055978,0.35002376777785166,220.21883065359933,241.79160853794642,5.140370982033866
ISMN_SCAN_Mayday,train,32.86153,-90.51989,SCAN,0.3321702948638371,0.3311126870768411,228.91109139578683,247.84932163783483,3.8271327359335765
ISMN_USCRN_Monroe-26-N,val,32.8833,-92.1165,USCRN,0.39356387513024466,0.3963146337441036,240.9023720877511,253.3069566999163,9.423750877380371
ISMN_SCAN_NorthIssaquena,train,32.9972,-91.05993,SCAN,0.3153937118394034,0.31346401997974943,215.32261439732142,241.38771493094308,2.284050634929112
ISMN_SCAN_Scott,train,33.61962,-91.10184,SCAN,0.32476803234645296,0.3185818110193525,214.7532719203404,240.99380929129464,4.173037392752511
ISMN_SCAN_SandyRidge,train,33.65911,-90.57297,SCAN,0.3037842980452946,0.29706624150276184,205.88810294015067,235.94905308314733,1.626433082989284
ISMN_SCAN_Perthshire,train,33.9737,-90.90496,SCAN,0.3114637519632067,0.3078857660293579,213.4949013846261,240.5757119315011,2.893702370779855
ISMN_SCAN_UapbCampus-PB,train,34.25188,-92.02632,SCAN,0.34970790573528837,0.3464938700199127,231.6793474469866,248.87830897739954,6.006910528455462
ISMN_SCAN_UapbDewitt,train,34.27788,-91.35017,SCAN,0.35047291432108196,0.3477854090077536,212.19752720424108,237.5256631033761,3.1094309261866977
ISMN_SCAN_Tunica,train,34.6764,-90.41142,SCAN,0.3212182947567531,0.31735678230013165,213.80562482561385,240.03608921595983,2.888437577656337
ISMN_SCAN_TncFortBayou,train,30.4712,-88.74162,SCAN,0.22712634716715133,0.24257755279541016,245.80686950683594,261.7538582938058,3.852886744907924
ISMN_SCAN_KoptisFarms,train,30.5238,-87.69797,SCAN,0.19825816793101175,0.21069061117512838,249.68830217633928,263.9636928013393,3.2590321132114957
ISMN_SCAN_RiverRoadFarms,train,31.01912,-85.03693,SCAN,0.21622590720653534,0.2220647143466132,245.84546770368303,262.5808323451451,3.1660969257354736
ISMN_SCAN_PerdidoRivFarms,train,31.10923,-87.55277,SCAN,0.25772657138960703,0.2670992314815521,251.1534205845424,262.32601492745533,4.7663252013070245
ISMN_SCAN_Selma,train,32.40392,-86.89137,SCAN,0.305218551840101,0.30893649799483164,248.72561645507812,259.6152823311942,5.038324901035854
ISMN_SCAN_SudduthFarms,train,34.17973,-87.45618,SCAN,0.33438385810170856,0.34514362471444265,252.11003766741072,260.54811314174106,8.996492249625069
ISMN_SCAN_Cullman-NAHRC,train,34.19492,-86.79897,SCAN,0.26190548070839476,0.2705626892192023,245.5093035016741,257.43741716657365,4.288907323564802
ISMN_USCRN_Gadsden-19-N,train,34.2851,-85.9621,USCRN,0.2595606488840921,0.2678202816418239,243.05403355189733,256.3990369524275,4.464903014046805
ISMN_SCAN_StanleyFarm,train,34.43333,-86.68333,SCAN,0.2556360981294087,0.26535264934812275,241.95233590262276,255.68970598493303,4.00355465071542
ISMN_SCAN_Hodges,train,34.4448,-86.16557,SCAN,0.24276621639728546,0.251828813127109,243.45708792550224,257.13109043666293,4.846246651240757
ISMN_SCAN_AAMU-JTG,train,34.78534,-86.55906,SCAN,0.26864664256572723,0.2722193790333612,239.63654436383928,255.29160853794642,4.683015755244663
ISMN_SCAN_IsbellFarms,train,34.81982,-87.98685,SCAN,0.26704236439296175,0.2818589763981955,252.42186846051897,262.0166931152344,8.81849902016776
ISMN_SCAN_BraggFarm,train,34.89375,-86.60236,SCAN,0.25830470664160593,0.2611923941544124,236.99595860072546,253.7570582798549,2.9571005276271274
ISMN_SCAN_Wtars,train,34.9,-86.53333,SCAN,0.2640081984656198,0.26800197788647245,238.989497593471,254.70977347237724,3.892826727458409
ISMN_SCAN_Wakulla#1,train,30.3,-84.41667,SCAN,0.3283562021596091,0.34008791191237314,253.03853498186385,264.28311593191967,11.035072462899345
ISMN_USCRN_Brunswick-23-S,train,30.8078,-81.4596,USCRN,,,247.87501089913505,271.5506155831473,5.745433534894671
ISMN_USCRN_Newton-8-W,train,31.3127,-84.4706,USCRN,0.21062056933130538,0.21625264627592905,247.04237801688058,263.22518048967635,3.8260536193847656
ISMN_SCAN_LittleRiver,train,31.5,-83.55,SCAN,0.2194523960351944,0.22733071659292495,244.2148175920759,260.3208269391741,2.805380344390869
ISMN_SCAN_YoumansFarm,train,32.66667,-81.2,SCAN,0.28846030150141033,0.2923124389989035,251.4698529924665,262.2411368233817,7.185739925929478
ISMN_USCRN_Watkinsville-5-SSE,train,33.7837,-83.3896,USCRN,0.27527144125529696,0.2817043108599527,250.77360316685267,261.0177089146205,6.259375027247837
ISMN_SCAN_Watkinsville#1,val,33.88333,-83.43333,SCAN,0.2636629747492926,0.26689515582152773,249.45360674176897,260.1901375906808,4.321098872593471
ISMN_USCRN_McClellanville-7-NE,train,33.1532,-79.3637,USCRN,0.20994800754955836,0.22369531648499624,241.6214599609375,262.2306474958147,8.109785761151995
ISMN_SCAN_PeeDee,val,34.3,-79.73333,SCAN,0.31437319942883085,0.3157251902988979,244.66554696219308,258.0843026297433,7.191605431692941
ISMN_NGARI_SQ20,train,32.68417,79.91861,NGARI,0.09474150304283414,0.09251758456230164,241.38362993512834,257.4934278215681,1.0045337869460777e-07
ISMN_NGARI_SQ21,train,32.74722,79.79694,NGARI,0.09938362560101918,0.09811218508652278,241.41964503696985,256.9825199672154,0.0009655925511781659
ISMN_NGARI_ALI01,train,33.43287,79.74763,NGARI,0.1325026367391859,0.13054382375308446,242.68160138811385,255.2604697091239,0.0024320979469588827
ISMN_NGARI_SQ19,val,32.62528,80.00139,NGARI,0.09314281493425369,0.09135405825717109,241.29158673967635,257.85421316964283,4.753973267465231e-05
ISMN_NAQU_NQMS,train,31.22623,91.7833,NAQU,0.25813594673361095,0.2469875876392637,222.4832022530692,246.36729213169642,0.37321533475603375
ISMN_NAQU_NQKema,train,31.27209,92.11031,NAQU,0.281267095889364,0.27598962613514494,221.48046657017298,243.92130170549666,0.42267664415495737
ISMN_NAQU_NQNorth,train,31.37878,91.86848,NAQU,0.24939085117408208,0.23614429150308883,220.6566619873047,245.24247523716517,0.36862829327583313
ISMN_SCAN_Vallecitos,train,36.45976,-120.70601,SCAN,0.15030306364808763,0.14018257600920542,256.4394051688058,268.77142333984375,1.3453547613961356
ISMN_SCAN_MonoclineRidge,train,36.54417,-120.55463,SCAN,0.15628473247800553,0.13807921537331172,251.31757027762276,267.4723903111049,0.9544475078582764
ISMN_FLUXNET-AMERIFLUX_BouldinIslandAlfalfa,train,38.09915,-121.49933,FLUXNET-AMERIFLUX,0.2570099788052695,0.23924063358988082,231.64090619768416,253.54847499302454,2.1504576887403215
ISMN_FLUXNET-AMERIFLUX_VairaRanch,train,38.4133,-120.95073,FLUXNET-AMERIFLUX,0.19279862301690237,0.18707322861467088,244.8143048967634,261.89514596121654,1.730977978025164
ISMN_FLUXNET-AMERIFLUX_TonziRanch,train,38.4316,-120.966,FLUXNET-AMERIFLUX,0.19279862301690237,0.18707322861467088,244.8143048967634,261.89514596121654,1.730977978025164
ISMN_SNOTEL_CarsonPass,train,38.6927,-120.0022,SNOTEL,0.1621923872402736,0.19877603437219346,252.59603227887834,259.77710396902904,7.5179353441510886
ISMN_SNOTEL_Rubicon#2,train,38.99927,-120.13139,SNOTEL,0.15030135640076228,0.17905022203922272,253.91627066476005,261.6441563197545,8.373421396527972
ISMN_SNOTEL_WardCreek#3,train,39.13545,-120.21865,SNOTEL,0.17967114065374648,0.20407882971423014,254.3189457484654,261.2190900530134,10.040388924734932
ISMN_SNOTEL_TahoeCityCross,train,39.17162,-120.15362,SNOTEL,0.17967114065374648,0.20407882971423014,254.3189457484654,261.2190900530134,10.040388924734932
ISMN_SNOTEL_PalisadesTahoe,train,39.18986,-120.26576,SNOTEL,0.19622325897216797,0.236443749495915,254.33716474260603,260.6875261579241,10.218832833426339
ISMN_CW3E_BrownsValleySchool,train,39.23586,-121.40621,CW3E,0.2816577000277383,0.27160371627126423,234.98986598423548,253.04142543247767,2.482851130621774
ISMN_SNOTEL_Truckee#2,train,39.30087,-120.18407,SNOTEL,0.17515226985727037,0.20871466611112868,252.5937717982701,260.4822038922991,9.529138973781041
ISMN_CW3E_BoyesCreekCanyon,train,39.34053,-123.16349,CW3E,0.2985361175877707,0.3101398689406259,256.1872820172991,262.5848475864955,7.874855927058628
ISMN_CW3E_PotterValleyNorth,val,39.36141,-123.11312,CW3E,0.30138719933373587,0.31276476808956694,255.77163696289062,262.5384434291295,8.668469565255302
ISMN_SNOTEL_IndependenceLake,train,39.42752,-120.31342,SNOTEL,0.2122244771037783,0.2536174420799528,251.70015389578683,259.01906040736606,9.514812197004046
ISMN_SNOTEL_IndependenceCamp,train,39.45269,-120.29367,SNOTEL,0.1946634692805154,0.23179391877991812,251.37123325892858,259.4387686593192,9.205198015485491
ISMN_SNOTEL_IndependenceCreek,train,39.49001,-120.28226,SNOTEL,0.1946634692805154,0.23179391877991812,251.37123325892858,259.4387686593192,9.205198015485491
ISMN_CW3E_FeatherRiverCollege,train,39.94597,-120.96972,CW3E,0.2779055471931185,0.3120283569608416,255.10369655064173,260.4549298967634,12.091842378888812
ISMN_SCAN_LovellSummit,train,36.16555,-115.61195,SCAN,0.09230077266693115,0.09374519863298961,253.65220424107142,271.00050136021207,0.9560132111821856
ISMN_SNOTEL_LeeCanyon,train,36.30537,-115.67508,SNOTEL,0.09648584255150386,0.10238084409918104,253.4432089669364,270.3595624651228,1.1593970911843436
ISMN_SNOTEL_BristleconeTrail,train,36.31575,-115.69543,SNOTEL,0.0985560587474278,0.10638267334018435,253.8529532296317,270.5785478864397,1.2753600903919764
ISMN_SCAN_Charkiln,train,36.36651,-115.82047,SCAN,0.09532811918428966,0.10215950970138822,254.04769243512834,271.34635271344865,1.0535890374864851
ISMN_SCAN_PineNut,val,36.57285,-115.20422,SCAN,0.10239431794200625,0.10914900153875351,253.0603506905692,271.00994873046875,0.4294461650507791
ISMN_USCRN_Stovepipe-Wells-1-SW,train,36.602,-117.1449,USCRN,0.11665480371032443,0.12772530104432786,258.43834141322543,274.6775905064174,0.023026546463370323
ISMN_USCRN_Mercury-3-SSW,train,36.624,-116.0225,USCRN,0.07998159847089223,0.085127092897892,252.70455714634485,273.6279863630022,0.1833102149622781
ISMN_USCRN_Yosemite-Village-12-W,train,37.7592,-119.8208,USCRN,0.21961615341050283,0.2436608991452626,256.48988124302457,262.9592808314732,9.149898665291923
ISMN_SCAN_MarbleCreek,val,37.77767,-118.4209,SCAN,0.08565977960824966,0.10553702924932752,255.57874407087053,268.7400817871094,0.3395886889525822
ISMN_SNOTEL_VirginiaLakesRidge,train,38.07298,-119.23433,SNOTEL,0.14240255100386484,0.17434577218123845,250.8571297781808,259.47202845982144,1.7283461775098528
ISMN_SCAN_BodieHills,train,38.26477,-119.12645,SCAN,0.11172247784478324,0.133492149412632,252.26460702078683,263.5817609514509,0.7239674840654645
ISMN_SNOTEL_LeavittLake,train,38.27594,-119.61281,SNOTEL,0.15023935905524663,0.1807193181344441,251.1988765171596,258.7567836216518,2.8017758301326205
ISMN_SNOTEL_LeavittMeadows,train,38.30367,-119.55111,SNOTEL,0.13791161136967794,0.1649045433316912,251.16220092773438,259.19869559151783,1.7370842014040266
ISMN_SNOTEL_SonoraPass,val,38.31021,-119.6003,SNOTEL,0.15023935905524663,0.1807193181344441,251.1988765171596,258.7567836216518,2.8017758301326205
ISMN_SNOTEL_SummitMeadow,train,38.39747,-119.53522,SNOTEL,0.12848732620477676,0.15544203775269644,251.91521562848772,260.2700980050223,2.562061207635062
ISMN_SNOTEL_LobdellLake,train,38.43745,-119.36572,SNOTEL,0.10592398260320936,0.12312135419675282,252.53074210030692,263.08660888671875,0.8161638293947492
ISMN_SNOTEL_PoisonFlat,train,38.50576,-119.62624,SNOTEL,0.13630094166312898,0.16386641774858748,252.3642578125,261.22027587890625,5.143951620374407
ISMN_SNOTEL_EbbettsPass,train,38.5497,-119.80468,SNOTEL,0.16305428743362427,0.20366379192897252,252.7205309186663,259.9458792550223,7.251422677721296
ISMN_SNOTEL_BlueLakes,train,38.60801,-119.92455,SNOTEL,0.162284431712968,0.1999010294675827,252.48272705078125,259.75328281947543,7.103920255388532
ISMN_SNOTEL_SprattCreek,train,38.66627,-119.81741,SNOTEL,0.1531550415924617,0.18619599725518907,252.00961085728235,260.1277378627232,6.861639840262277
ISMN_SNOTEL_MonitorPass,train,38.6683,-119.6087,SNOTEL,0.12301096000841685,0.13920383793967112,251.06324550083704,262.5672389439174,2.5489344937460765
ISMN_SNOTEL_HorseMeadow,train,38.83652,-119.88732,SNOTEL,0.15273928216525487,0.18404116375105722,251.7571280343192,260.86993408203125,6.739884717123849
ISMN_SNOTEL_HagansMeadow,train,38.8519,-119.9374,SNOTEL,0.15273928216525487,0.18404116375105722,251.7571280343192,260.86993408203125,6.739884717123849
ISMN_SNOTEL_HeavenlyValley,train,38.92431,-119.91641,SNOTEL,0.14475429270948684,0.17350238348756516,251.96868242536272,262.0417785644531,6.5387774876185825
ISMN_SNOTEL_MarletteLake,train,39.16395,-119.89672,SNOTEL,0.10944748244115285,0.13166421438966477,253.27033124651228,264.372323172433,5.835717133113316
ISMN_SNOTEL_LittleValley,train,39.25259,-119.8771,SNOTEL,0.11763336403029305,0.13600783795118332,252.60202026367188,263.8287789481027,6.046063831874302
ISMN_SNOTEL_VacarroSprings,train,39.4495,-115.9834,SNOTEL,0.09516676621777671,0.10727510388408389,248.04812840053015,265.3372279575893,0.42114628638539997
ISMN_SNOTEL_BigMeadow,train,39.455,-119.9422,SNOTEL,0.12381966305630547,0.13363356462546758,250.43200901576452,263.05055454799106,4.63967261995588
ISMN_SNOTEL_PorterCanyon,val,39.46544,-117.62069,SNOTEL,0.09661795092480523,0.10871236452034541,248.11346653529577,265.17771693638394,0.37417671510151457
ISMN_SNOTEL_Chalender,train,35.26238,-112.06221,SNOTEL,0.14650446602276393,0.14992584500994002,249.64883422851562,263.37149483816967,3.136159930910383
ISMN_SCAN_Vermillion,train,37.19061,-112.19252,SCAN,0.10606069224221366,0.12302105873823166,255.5868661063058,268.007559640067,0.3604620695114136
ISMN_SCAN_CaveValley,train,37.35524,-113.12341,SCAN,0.11981913766690663,0.128265380859375,255.69546944754464,266.20184326171875,0.7103224226406643
ISMN_SNOTEL_GardnerPeak,train,37.40083,-113.45988,SNOTEL,0.11342558584042958,0.11871469553027834,255.58949061802454,267.50711931501115,2.136029379708426
ISMN_SNOTEL_LittleGrassy,train,37.48631,-113.84582,SNOTEL,0.10745522273438317,0.11146270696605955,255.0675005231585,268.19559151785717,0.6633813210896083
ISMN_SNOTEL_LongValleyJct,train,37.48756,-112.51458,SNOTEL,0.1429263332060405,0.15544375564370835,253.47462245396204,262.9822038922991,1.981626238141741
ISMN_SNOTEL_HarrisFlat,train,37.48997,-112.57602,SNOTEL,0.1437361580984933,0.15497353885854995,253.56106567382812,262.64747401646207,2.1303445271083286
ISMN_SNOTEL_GutzPeak,train,37.49617,-113.94235,SNOTEL,0.10579890012741089,0.11003834647791726,255.55664716448103,268.5631757463728,0.7676796061652047
ISMN_SNOTEL_LongFlat,train,37.51255,-113.39661,SNOTEL,0.11444516054221562,0.11936388058321816,254.57429940359933,266.33837890625,2.267876522881644
ISMN_SNOTEL_Kolob,train,37.52664,-113.05386,SNOTEL,0.12676924679960525,0.13475527720791952,252.34832109723772,263.97115216936385,1.2814740112849645
ISMN_SNOTEL_MidwayValley,train,37.56933,-112.83849,SNOTEL,0.14435627524341857,0.15282252430915833,252.58899579729353,261.84913417271207,2.8459677696228027
ISMN_SNOTEL_WebsterFlat,train,37.575,-112.90155,SNOTEL,0.13953160494565964,0.1472565872328622,252.45226178850447,262.26363699776783,1.9956653118133545
ISMN_SNOTEL_SuuRanch,train,37.59711,-112.92949,SNOTEL,0.1348401244197573,0.14154380134173802,251.0884726388114,262.3235342843192,2.8056136540004184
ISMN_SCAN_Enterprise,val,37.63343,-113.64324,SCAN,0.10243438077824456,0.10866514486925942,250.62152535574776,266.8583025251116,0.5357175043651036
ISMN_SNOTEL_CastleValley,train,37.66098,-112.74093,SNOTEL,0.13590857812336513,0.14089344016143254,251.53927612304688,261.6209193638393,3.5888242040361678
ISMN_SNOTEL_Widtsoe#3,train,37.83633,-111.88163,SNOTEL,0.12441944437367576,0.13137244326727732,253.05533272879464,263.34183611188615,2.9162845611572266
ISMN_SCAN_Panguitch,train,37.86975,-112.43437,SCAN,0.1128864660859108,0.11802593618631363,250.2584947858538,262.631338936942,1.2012475218091692
ISMN_SNOTEL_MtPennell,train,37.97793,-110.7933,SNOTEL,0.09961753232138497,0.10208737743752343,256.30272129603793,269.05591256277904,0.41792035954339163
ISMN_SNOTEL_SunflowerFlat,val,38.048,-111.33981,SNOTEL,0.12050395565373558,0.13220580986567906,253.73275102887834,264.5455627441406,2.7161220482417514
ISMN_SNOTEL_LonesomeBeaver,train,38.07,-110.77241,SNOTEL,0.09961753232138497,0.10208737743752343,256.30272129603793,269.05591256277904,0.41792035954339163
ISMN_SNOTEL_JonesCorral,train,38.07125,-112.16788,SNOTEL,0.11431006022862025,0.11972569142069135,250.94525146484375,262.7515389578683,1.644964235169547
ISMN_SNOTEL_DonkeyReservoir,val,38.2084,-111.47412,SNOTEL,0.1282252562897546,0.14038221218756267,250.7755388532366,262.7897687639509,3.649209533418928
ISMN_SNOTEL_MerchantValley,train,38.30285,-112.43637,SNOTEL,0.12105090490409307,0.13045570786510194,251.87952750069755,262.824715750558,4.403119836534772
ISMN_SCAN_Manderfield,train,38.36649,-112.64291,SCAN,0.1033094482762473,0.10982930553810936,250.63436235700334,264.096923828125,1.9288516214915685
ISMN_SNOTEL_KimberlyMine,train,38.48383,-112.39273,SNOTEL,0.11566295581204551,0.12419460500989642,251.99266488211495,263.59180123465404,2.636542728969029
ISMN_SNOTEL_BoxSprings,train,38.49746,-112.00779,SNOTEL,0.12300255043166024,0.13367891843829835,251.26775687081474,263.0087411063058,3.0668125493185863
ISMN_SNOTEL_FishLakeUtah,train,38.50455,-111.76693,SNOTEL,0.11847647385937828,0.1281454297048705,249.95795113699776,262.39408220563615,2.11219699042184
ISMN_SNOTEL_BoxCreek,train,38.50809,-112.01856,SNOTEL,0.12300255043166024,0.13367891843829835,251.26775687081474,263.0087411063058,3.0668125493185863
ISMN_SNOTEL_BlackFlat-U.M.Ck,train,38.6799,-111.59765,SNOTEL,0.13171289648328507,0.14213250045265471,251.5340794154576,262.2432948521205,2.3152397700718472
ISMN_SNOTEL_FarnsworthLake,train,38.77246,-111.67662,SNOTEL,0.13179158632244384,0.14252499171665736,251.00752912248885,261.94883946010043,2.538639579500471
ISMN_SNOTEL_GooseberryRSUp,train,38.7882,-111.68892,SNOTEL,0.13179158632244384,0.14252499171665736,251.00752912248885,261.94883946010043,2.538639579500471
ISMN_SNOTEL_GooseberryRS,train,38.80034,-111.68333,SNOTEL,0.13179158632244384,0.14252499171665736,251.00752912248885,261.94883946010043,2.538639579500471
ISMN_SNOTEL_BobsHollow,train,38.94569,-112.15349,SNOTEL,0.1257064108337675,0.13914551266602107,250.19171578543526,263.1418675013951,2.0930495262145996
ISMN_SNOTEL_WheelerPeak,train,39.00995,-114.31021,SNOTEL,0.09366812024797712,0.10656127120767321,250.49230303083147,265.69030325753346,1.5188201665878296
ISMN_SNOTEL_PickleKeg,train,39.01219,-111.58259,SNOTEL,0.1370826374207224,0.14771498526845658,250.46122087751115,261.6324462890625,1.69503276688712
ISMN_SNOTEL_WardMountain,train,39.13242,-114.95575,SNOTEL,0.09831658218588148,0.11141105209078107,250.46956089564733,264.87359619140625,0.47344023840767996
ISMN_SNOTEL_BuckFlat,train,39.134,-111.43722,SNOTEL,0.14817857103688375,0.16005587152072362,249.45968627929688,260.70494297572543,1.853909662791661
ISMN_SNOTEL_BeaverDams,train,39.13683,-111.55813,SNOTEL,0.14817857103688375,0.16005587152072362,249.45968627929688,260.70494297572543,1.853909662791661
ISMN_SNOTEL_CaveMountain,train,39.16337,-114.6133,SNOTEL,0.09823936969041824,0.11124729577984128,250.1815926688058,264.6167297363281,0.6873275722776141
ISMN_SCAN_Holden,train,39.19216,-112.40155,SCAN,0.11286449006625585,0.12213131253208433,243.8561728341239,264.0564226422991,0.31213195409093586
ISMN_SCAN_TuleValley,train,39.23724,-113.45866,SCAN,0.11686981150082179,0.13083068068538392,241.35361807686942,263.3149850027902,0.18265520887715475
ISMN_SNOTEL_ThistleFlat,train,39.23803,-111.51998,SNOTEL,0.14756357031209127,0.15948812876428878,248.59753635951452,260.2949785505022,1.633916241782052
ISMN_SNOTEL_GBRCMeadows,train,39.30229,-111.45383,SNOTEL,0.14989957639149257,0.16184256545134953,247.8995317731585,260.0120544433594,2.0705744538988387
ISMN_SNOTEL_SeeleyCreek,train,39.31042,-111.43297,SNOTEL,0.14989957639149257,0.16184256545134953,247.8995317731585,260.0120544433594,2.0705744538988387
ISMN_SNOTEL_BerryCreek,train,39.31917,-114.62278,SNOTEL,0.10365604715687889,0.1153809864606176,249.0999516078404,264.0388706752232,0.8953888160841805
ISMN_SNOTEL_GBRCHQ,train,39.32019,-111.48827,SNOTEL,0.14989957639149257,0.16184256545134953,247.8995317731585,260.0120544433594,2.0705744538988387
ISMN_SNOTEL_OakCreek,val,39.3485,-112.192,SNOTEL,0.10430368248905454,0.11553932832820075,248.59681919642858,265.2001037597656,0.4654475280216762
ISMN_SCAN_Ephraim,val,39.36798,-111.57803,SCAN,0.14232888498476573,0.15371078891413553,247.3845977783203,260.4467511858259,1.3084707430430822
ISMN_SNOTEL_UpperJoesValley,train,39.4155,-111.2491,SNOTEL,0.14844892919063568,0.1610806988818305,249.79164341517858,260.31139700753346,2.358099494661604
ISMN_SNOTEL_ReesFlat,train,39.49667,-111.72508,SNOTEL,0.13544105844838278,0.146561969603811,247.41683741978235,261.2841142926897,0.6698226758411953
ISMN_SCAN_Price,train,39.53288,-110.80604,SCAN,0.10939112731388637,0.11330362941537585,249.88369750976562,265.02432686941967,0.20957004811082566
ISMN_SNOTEL_Kalamazoo,train,39.5579,-114.62762,SNOTEL,0.09724923968315125,0.10850982793739863,248.7282998221261,264.6597420828683,0.6539407031876701
ISMN_SNOTEL_HuntingtonHorse,train,39.61774,-111.30576,SNOTEL,0.1496956923178264,0.1625282977308546,249.958744594029,260.16101510184154,1.9927750485283988
ISMN_SCAN_Nephi,val,39.64554,-111.87044,SCAN,0.11891778452055794,0.12660051988703863,247.82215881347656,263.00045340401783,0.6328773328236171
ISMN_SNOTEL_Timberline,train,39.67712,-110.43395,SNOTEL,0.12672561300652369,0.13518929268632615,253.93499101911272,264.44630214146207,1.8741587230137415
ISMN_SNOTEL_Mammoth-Cottonwood,train,39.68338,-111.31818,SNOTEL,0.1496956923178264,0.1625282977308546,249.958744594029,260.16101510184154,1.9927750485283988
ISMN_SNOTEL_TakkaWiiya,train,39.74104,-113.98262,SNOTEL,0.09918544654335294,0.10702971049717494,246.79734802246094,264.9318368094308,0.6608267085892814
ISMN_SNOTEL_ClearCreek#1,train,39.86671,-111.28363,SNOTEL,0.1524576097726822,0.16663097270897456,251.9638170514788,260.85168892996654,2.505516358784267
ISMN_SNOTEL_WilburBench,train,39.89166,-110.74604,SNOTEL,0.1398725158401898,0.15330049182687486,253.69323512486048,262.38907732282365,0.8620445302554539
ISMN_SNOTEL_ClearCreek#2,train,39.89275,-111.25154,SNOTEL,0.1524576097726822,0.16663097270897456,251.9638170514788,260.85168892996654,2.505516358784267
ISMN_SNOTEL_SantaquinMeadows,val,39.92076,-111.71802,SNOTEL,0.1446371642606599,0.1520810659442629,248.50652858189173,261.29601614815846,1.9348174503871374
ISMN_SNOTEL_VernonCreek,train,39.93667,-112.41478,SNOTEL,0.09124306695801872,0.10244422618831907,248.96995980398995,266.3291582380022,0.37804857322147917
ISMN_SNOTEL_WhiteRiver#1,train,39.9645,-110.98845,SNOTEL,0.13976469742400305,0.15290786964552744,253.53780691964286,261.8484191894531,1.065086841583252
ISMN_SNOTEL_SantaFe,train,35.77154,-105.78487,SNOTEL,0.14996115863323212,0.15235652242388045,253.69948032924108,263.4566345214844,7.141060284205845
ISMN_SNOTEL_WesnerSprings,train,35.77584,-105.54337,SNOTEL,0.20514445006847382,0.2218687938792365,253.75352696010046,261.3492518833705,10.002877099173409
ISMN_USCRN_Los-Alamos-13-W,train,35.8584,-106.5214,USCRN,0.1712070426770619,0.183905228972435,253.60162789481026,263.36643763950894,8.352966717311315
ISMN_SNOTEL_Quemazon,train,35.92195,-106.39179,SNOTEL,0.14733939724309103,0.1565551906824112,253.12525285993303,263.8171168736049,5.481077330453055
ISMN_SNOTEL_SenoritaDivide#2,train,36.00152,-106.83408,SNOTEL,0.15043307840824127,0.1609456432717187,251.8661390032087,262.60815865652904,6.340781143733433
ISMN_SNOTEL_GaritaPeak,train,36.00469,-106.54805,SNOTEL,0.1537776951278959,0.1645118487732751,253.08363560267858,263.1436288016183,6.187532424926758
ISMN_SNOTEL_VacasLocas,train,36.02653,-106.81361,SNOTEL,0.15043307840824127,0.1609456432717187,251.8661390032087,262.60815865652904,6.340781143733433
ISMN_SCAN_Alcalde,train,36.0908,-106.05668,SCAN,0.11800432950258255,0.12143991248948234,251.7249537876674,265.2143075125558,0.3064541348389217
ISMN_SNOTEL_TresRitos,train,36.1279,-105.52706,SNOTEL,0.204886936715671,0.22234964796475,253.16491045270647,260.938223702567,10.099309921264648
ISMN_SNOTEL_NavajoWhiskeyCk,train,36.17716,-108.94556,SNOTEL,0.11142527737787791,0.11458415112325124,252.83893694196428,266.77771432059154,2.538659061704363
ISMN_SNOTEL_GallegosPeak,train,36.19418,-105.55742,SNOTEL,0.1768631935119629,0.1900986773627145,252.64180210658483,261.164315359933,8.993388857160296
ISMN_SNOTEL_Palo,train,36.40869,-105.33038,SNOTEL,0.18526930894170487,0.20189625024795532,251.99237496512276,260.302010672433,8.729830878121513
ISMN_SNOTEL_TaosPueblo,train,36.54099,-105.35944,SNOTEL,0.182931159223829,0.19877022079059056,252.0261731828962,260.3191571916853,8.252146175929479
ISMN_SNOTEL_TaosPowderhorn,train,36.58195,-105.45617,SNOTEL,0.15811468022210257,0.1700516151530402,251.7581547328404,260.8892255510603,6.816924095153809
ISMN_SNOTEL_Shuree,train,36.78765,-105.2392,SNOTEL,0.1574224978685379,0.16813119181564876,251.28118896484375,260.2774919782366,4.765426227024624
ISMN_SNOTEL_Culebra#2,train,37.20939,-105.19988,SNOTEL,0.13955104670354299,0.14925625494548253,250.49747358049666,260.99788556780135,5.0614157404218405
ISMN_USCRN_Cortez-8-SE,train,37.2553,-108.5035,USCRN,0.11891993348087583,0.12297943660191127,252.24683925083704,265.3250034877232,0.4570238632815225
ISMN_SNOTEL_LilyPond,train,37.38028,-106.54823,SNOTEL,0.19022453682763235,0.20916799562317984,249.3703373500279,259.08996146065846,7.501058101654053
ISMN_SCAN_MccrackenMesa,train,37.44671,-109.33776,SCAN,0.08757141871111733,0.08926725813320704,254.64877319335938,269.97049386160717,0.21098860885415757
ISMN_SNOTEL_Cascade#2,train,37.65751,-107.80287,SNOTEL,0.22379150986671448,0.2510972853217806,252.08749171665735,257.6043483189174,7.063386508396694
ISMN_SCAN_AlkaliMesa,train,37.67455,-109.36429,SCAN,0.10060898853199822,0.10542443607534681,253.78683035714286,267.6232125418527,0.37240166323525564
ISMN_SNOTEL_UpperRioGrande,val,37.72172,-107.25971,SNOTEL,0.17873023876122066,0.19874262171132223,250.08385140555245,257.85872541155135,4.706811973026821
ISMN_SCAN_Eastland,train,37.77853,-109.17193,SCAN,0.10374035366943904,0.11050538292952947,251.9202597481864,266.1040300641741,0.33579507895878385
ISMN_SNOTEL_LizardHeadPass,train,37.79895,-107.92475,SNOTEL,0.19306803814002446,0.21665877103805542,251.2186235700335,257.3809073311942,5.036767891475132
ISMN_SNOTEL_CampJackson,train,37.81333,-109.48723,SNOTEL,0.11598437598773412,0.12466844490596227,254.46792602539062,266.0397164481027,1.5385149376732963
ISMN_SNOTEL_Slumgullion,train,37.99076,-107.20392,SNOTEL,0.15543243288993835,0.17413114649908884,250.30888148716517,258.77443150111606,4.429196630205427
ISMN_SCAN_WestSummit,train,38.01394,-109.12745,SCAN,0.10359535259859902,0.11243311954396111,252.0548553466797,266.2507062639509,0.3275930753776005
ISMN_SCAN_HarmsWay,train,38.31347,-109.23998,SCAN,0.10585877086435046,0.1155691487448556,254.31187656947546,266.86178152901783,0.7341105256761823
ISMN_SNOTEL_GoldBasin,train,38.46516,-109.26332,SNOTEL,0.11998175829648972,0.1296501255461148,254.88058035714286,266.00659615652904,1.7876359905515398
ISMN_SNOTEL_LasalMountain-Lower,train,38.48167,-109.29164,SNOTEL,0.11998175829648972,0.1296501255461148,254.88058035714286,266.00659615652904,1.7876359905515398
ISMN_SNOTEL_LasalMountain,train,38.48226,-109.27198,SNOTEL,0.11998175829648972,0.1296501255461148,254.88058035714286,266.00659615652904,1.7876359905515398
ISMN_SNOTEL_PorphyryCreek,train,38.48864,-106.33967,SNOTEL,0.14666458112852915,0.17181950594697679,252.10335649762834,259.77469308035717,5.48907824925014
ISMN_SNOTEL_ParkCone,train,38.81982,-106.58962,SNOTEL,0.18240820935794286,0.2162375407559531,251.80975995744978,258.49092755998885,6.46524224962507
ISMN_SNOTEL_Butte,train,38.89435,-106.95327,SNOTEL,0.18562240259987967,0.21045411271708353,251.20855712890625,257.81490216936385,3.566629580089024
ISMN_SNOTEL_UpperTaylor,train,38.99071,-106.74504,SNOTEL,0.19675144978931972,0.22785585905824388,251.6984361921038,257.80921718052457,5.348475251879011
ISMN_SNOTEL_SchofieldPass,train,39.01467,-107.04933,SNOTEL,0.18213098176888057,0.20654151482241495,251.7877960205078,257.67847115652904,2.7039966583251953
ISMN_SNOTEL_RoughAndTumble,train,39.02611,-106.08063,SNOTEL,0.129689094211374,0.1460764088800975,247.84515162876673,259.515389578683,3.1572526523045132
ISMN_SNOTEL_ParkReservoir,train,39.04433,-107.87951,SNOTEL,0.166869084749903,0.17282276281288692,248.7154039655413,259.52227783203125,4.604711260114398
ISMN_SNOTEL_BuckskinJoe,val,39.30378,-106.11316,SNOTEL,0.15946297560419356,0.1848924160003662,248.8689422607422,257.80332728794644,4.425417491367885
ISMN_SNOTEL_EastWillowCreek,train,39.31213,-109.53179,SNOTEL,0.12934754363128118,0.13552778214216232,254.9748317173549,264.63502720424106,0.613618288721357
ISMN_SNOTEL_HoosierPass,train,39.36092,-106.05999,SNOTEL,0.15316879323550633,0.1764876161302839,248.1417999267578,258.0208086286272,4.101142338344029
ISMN_SNOTEL_FremontPass,train,39.38014,-106.19784,SNOTEL,0.1835641030754362,0.21947539065565383,250.74287850516183,257.8988255092076,6.5788959094456265
ISMN_SNOTEL_MichiganCreek,train,39.43579,-105.91072,SNOTEL,0.16114468446799687,0.1892652532884053,249.40633937290735,258.2972324916295,5.240928104945591
ISMN_iRON_GlenwoodSprings,train,39.54418,-107.34133,iRON,0.16616224816867284,0.1831900945731572,251.4842049734933,259.68180193219865,2.9043514047350203
ISMN_SNOTEL_JackwhackerGulch,val,39.57096,-105.80355,SNOTEL,0.16304435900279454,0.19665279984474182,250.9411839076451,258.6557050432478,5.864378111703055
ISMN_SNOTEL_SummitRanch,train,39.71803,-106.1577,SNOTEL,0.16298156125204905,0.194534427353314,252.029780796596,258.90472412109375,6.497164590018136
ISMN_SNOTEL_JonesPass,train,39.7645,-105.90655,SNOTEL,0.170388896550451,0.2071372483457838,252.0727800641741,258.6743948800223,6.43959242956979
ISMN_SNOTEL_MiddleForkCamp,train,39.79565,-106.02802,SNOTEL,0.17918738722801208,0.21561775462968008,251.7651585170201,258.92361886160717,7.310622419629778
ISMN_SNOTEL_BerthoudSummit,train,39.80364,-105.77786,SNOTEL,0.17364109201090677,0.21133693201201303,252.22935049874442,258.8642011369978,6.5556342261178155
ISMN_SNOTEL_BurroMountain,val,39.87504,-107.59902,SNOTEL,0.18091987712042673,0.20235911650317057,250.02349635532923,258.62230137416293,5.425594193594796
ISMN_SCAN_Bushland#1,val,35.16667,-102.1,SCAN,0.13665141058819635,0.13054560550621577,243.91934640066964,265.89843314034596,0.5523680959429059
ISMN_USCRN_Goodwell-2-SE,train,36.5682,-101.6097,USCRN,0.11830888795001167,0.1190128145473344,246.8730970110212,267.7784205845424,0.5504087294851031
ISMN_USCRN_Goodwell-2-E,train,36.5993,-101.595,USCRN,0.11830888795001167,0.1190128145473344,246.8730970110212,267.7784205845424,0.5504087294851031
ISMN_SCAN_FortReno#1,train,35.55,-98.01667,SCAN,0.18509432247706822,0.18125756510666438,234.21843828473772,257.66392517089844,1.0338643789291382
ISMN_ARM_Tryon,train,35.8615,-97.0695,ARM,0.2294109378542219,0.2291909775563649,234.79017857142858,254.6679447719029,1.1556538002831596
ISMN_ARM_Marshall,train,36.1166,-97.5112,ARM,0.2063064809356417,0.20272849287305558,230.11165509905135,254.59832327706474,0.9550178136144366
ISMN_USCRN_Stillwater-2-W,train,36.1181,-97.0914,USCRN,0.23517192474433354,0.23342445066996984,230.31121826171875,252.7340349469866,1.2547778231757027
ISMN_USCRN_Stillwater-5-WNW,train,36.1346,-97.1082,USCRN,0.2302155899150031,0.2288570191179003,230.40872192382812,253.11832318987166,1.2086703436715263
ISMN_ARM_Waukomis,train,36.311,-97.928,ARM,0.1789886440549578,0.17420474759169988,234.64929853166853,258.75756181989397,1.4366340296609061
ISMN_ARM_Morrison,train,36.37354,-97.06905,ARM,0.23012094625404902,0.2265722794192178,227.65967450823103,251.692143031529,0.9940720881734576
ISMN_ARM_Ringwood,train,36.431,-98.284,ARM,0.1597035186631339,0.15625144967011043,238.49435424804688,261.1986628941127,1.0849999019077845
ISMN_ARM_Lamont-CF1,train,36.605,-97.485,ARM,0.20110997770513808,0.19579962747437613,226.6729518345424,253.7767094203404,1.2395582709993636
ISMN_ARM_Lamont-CF2,train,36.607,-97.488,ARM,0.20110997770513808,0.19579962747437613,226.6729518345424,253.7767094203404,1.2395582709993636
ISMN_ARM_Pawhuska,train,36.841,-96.427,ARM,0.24918794631958008,0.24756448609488352,222.94237191336495,248.25851440429688,1.089470045907157
ISMN_ARM_Byron,train,36.881,-98.285,ARM,0.16673823765345983,0.16696450327123916,236.84322902134485,260.170645577567,1.1541210753577096
ISMN_ARM_Newkirk,train,36.926,-97.082,ARM,0.22332804543631418,0.21921761333942413,223.3632049560547,250.2939954485212,1.082296303340367
ISMN_ARM_Tyro,train,37.068,-95.788,ARM,0.2610152257340295,0.2570392532008035,222.78766305106026,247.13307189941406,1.1280040059770857
ISMN_SCAN_Abrams,train,37.1313,-97.0859,SCAN,0.2287680698292596,0.2236816223178591,223.0318363734654,249.94158063616072,1.2777510029929025
ISMN_ARM_Ashton,train,37.133,-97.266,ARM,0.2109039809022631,0.20498350262641907,224.78918239048548,251.97349766322546,1.4336979218891688
ISMN_ARM_Anthony,train,37.2134,-98.0969,ARM,0.17400153194155013,0.17137759072440012,234.31355503627233,258.5342341831752,1.3586033412388392
ISMN_SCAN_CentraliaLake,train,39.70045,-96.1629,SCAN,0.22587028571537562,0.22887306766850607,228.88444301060267,252.8990216936384,1.611695442880903
ISMN_SCAN_Phillipsburg,train,39.78638,-99.32953,SCAN,0.17072952219418117,0.18070274591445923,234.32501874651228,257.5575169154576,0.7804249695369175
ISMN_SCAN_UapbPointRemove,train,35.20842,-92.92462,SCAN,0.29466954299381803,0.2961939104965755,240.9237561907087,254.81773812430245,3.7896389961242676
ISMN_USCRN_Batesville-8-WNW,train,35.8201,-91.7812,USCRN,0.24657285000596726,0.26216977408954073,249.1959708077567,259.8607177734375,6.888017177581787
ISMN_SCAN_JournaganRanch,train,36.9973,-92.2594,SCAN,0.22519540999616897,0.23916354988302505,244.790278843471,257.219249180385,5.347220352717808
ISMN_SCAN_LTSP,train,37.18167,-91.11778,SCAN,0.2729361951351166,0.29217020528657095,256.9117649623326,263.7239074707031,11.116584777832031
ISMN_USCRN_Joplin-24-N,train,37.4277,-94.5829,USCRN,0.2804623544216156,0.2769626634461539,222.43387276785714,246.11322021484375,2.1529020922524587
ISMN_SCAN_SinkinForest,train,37.50138,-91.2594,SCAN,0.2971270765577044,0.3221211390835898,255.66111319405692,262.93713814871654,11.31421320778983
ISMN_USCRN_Salem-10-W,val,37.6344,-91.7226,USCRN,0.20058455850396836,0.21449731928961618,247.26278686523438,258.58370099748885,4.796159403664725
ISMN_SCAN_CarverFarm,train,38.52557,-92.13475,SCAN,0.26540798587458475,0.2694642628942217,236.62872532435827,251.71423993791853,3.2468157836369107
ISMN_SCAN_PowellGardens,train,38.86667,-94.03333,SCAN,0.274973315852029,0.2740827671119145,228.59771074567522,248.9948970249721,2.6892938954489574
ISMN_SCAN_ElsberryPMC,train,39.15306,-90.78278,SCAN,0.2938815142427172,0.29066011735371183,231.20697021484375,249.33087158203125,4.331751210348947
ISMN_SCAN_AllenFarms,train,35.0747,-86.8938,SCAN,0.24994568739618575,0.2580290756055287,240.52237592424666,254.90401785714286,3.657676492418562
ISMN_SCAN_EastviewFarm,val,35.13905,-86.19113,SCAN,0.2598058134317398,0.26795599503176554,241.8498317173549,255.432377406529,4.673050948551723
ISMN_USCRN_Crossville-7-NW,train,36.0138,-85.1345,USCRN,0.29716965556144714,0.3140462211200169,247.84027753557478,257.56654575892856,8.383763994489398
ISMN_SCAN_Princeton#1,train,37.1,-87.83333,SCAN,0.2753869891166687,0.2799025390829359,237.9479239327567,253.40830557686942,4.0232157707214355
ISMN_SCAN_MammothCave,train,37.1864,-86.04093,SCAN,0.29606772320611136,0.3051146907465799,236.70164053780692,252.29205322265625,5.815441199711391
ISMN_USCRN_Bedford-5-WNW,train,38.8882,-86.5707,USCRN,0.2510064797742026,0.2598261535167694,242.9323272705078,254.9403817313058,4.833190781729562
ISMN_SCAN_ReynoldsHomestead,train,36.63333,-80.13333,SCAN,0.33636741978781565,0.3547015530722482,250.95112827845983,259.0770743233817,10.155119895935059
ISMN_USCRN_Durham-11-W,train,35.9705,-79.0931,USCRN,0.30050958480153767,0.29727886404309956,247.96411350795202,258.7816859654018,7.796323095049177
ISMN_SCAN_TidewaterArec,train,36.68333,-76.76667,SCAN,0.25816144262041363,0.2570934551102774,241.73844473702567,255.2701633998326,4.714313779558454
ISMN_SCAN_Shenandoah,train,37.91667,-79.2,SCAN,0.2538147398403713,0.27347754154886517,249.78289140973772,258.78785487583707,8.041923250470843
ISMN_USCRN_Elkins-21-ENE,train,39.013,-79.4743,USCRN,0.3520592025348118,0.39230819259371075,254.3275909423828,259.7148699079241,11.805185317993164
ISMN_SCAN_PowderMill,val,39.01667,-76.85,SCAN,,,244.57149832589286,259.9266924176897,4.845597335270473
ISMN_ROMPS_Maidanak,train,38.6738,66.8969,ROMPS,0.17823193541594914,0.17280820863587515,239.93460300990515,256.80340794154574,0.3692512469632285
ISMN_ROMPS_AbramovGlacier,train,39.64848,71.58556,ROMPS,0.18385803699493408,0.23086544019835337,250.4811728341239,255.07161821637834,0.05761460800256048
ISMN_SCAN_EagleLake,train,40.6175,-120.72472,SCAN,0.23910464559282577,0.25194566377571653,241.79907880510603,254.3419145856585,6.508545671190534
ISMN_SNOTEL_FredonyerPeak,val,40.68799,-120.60805,SNOTEL,0.13621407002210617,0.14358009291546686,247.5076446533203,261.647469656808,2.0706789834158763
ISMN_SCAN_AshValley,train,41.05204,-120.6872,SCAN,0.15977368184498378,0.16498104802199773,244.47205679757255,258.4417266845703,2.483162982123239
ISMN_SNOTEL_StateLine,train,41.98609,-120.71574,SNOTEL,0.18753509649208613,0.19615998225552694,244.54002162388392,259.36410740443637,4.752000331878662
ISMN_SNOTEL_QuartzMountain,train,42.31923,-120.82533,SNOTEL,0.18449649214744568,0.19288439622947148,246.70379856654577,257.89430236816406,7.087677887507847
ISMN_SCAN_LovelockNNR,train,40.09247,-118.49345,SCAN,0.12986978888511658,0.1318137294479779,237.84031677246094,261.43472726004467,0.2793146329266684
ISMN_SNOTEL_CorralCanyon,train,40.27551,-115.54017,SNOTEL,0.11827986580984932,0.1338302908199174,244.5023476736886,261.15893118722096,0.3836463987827301
ISMN_SNOTEL_LewisPeak,train,40.3572,-116.8647,SNOTEL,0.09671614319086075,0.10785460897854396,247.59746442522322,265.28617204938615,0.24896661724363053
ISMN_SNOTEL_GreenMountain,train,40.3848,-115.52757,SNOTEL,0.12153921595641545,0.13780357050044195,243.9082772391183,260.6520211356027,0.37019075240407673
ISMN_SNOTEL_Lamoille#3,val,40.6448,-115.3812,SNOTEL,0.12871666571923665,0.14439216362578527,244.37981741768974,260.3217555454799,0.550901438508715
ISMN_SNOTEL_PoleCanyon,train,40.86293,-115.12067,SNOTEL,0.11502965965441295,0.13122914837939398,244.38480922154017,261.9275207519531,0.3763088456221989
ISMN_SNOTEL_DryCreek,train,40.8638,-115.22014,SNOTEL,0.12610419520309993,0.1415709587080138,243.8029044015067,260.63309587751115,0.5209784039429256
ISMN_SCAN_Buckhorn,train,40.87959,-119.9534,SCAN,0.127412454358169,0.1328357830643654,243.7469765799386,261.71309552873885,0.2790020619119917
ISMN_SNOTEL_Golconda,train,40.88358,-117.58812,SNOTEL,0.08778881281614304,0.09941308519669942,248.5328652518136,266.21017020089283,0.2764083615371159
ISMN_SNOTEL_DorseyBasin,train,40.89343,-115.21104,SNOTEL,0.12610419520309993,0.1415709587080138,243.8029044015067,260.63309587751115,0.5209784039429256
ISMN_SNOTEL_Hole-in-Mountain,train,40.94168,-115.0954,SNOTEL,0.11875941710812705,0.13416186294385365,244.0950666155134,261.5414733886719,0.43840208649635315
ISMN_SNOTEL_TaylorCanyon,train,41.2287,-116.0293,SNOTEL,0.10350957619292396,0.11376984417438507,246.3292192731585,262.5339137486049,0.317325621843338
ISMN_SNOTEL_ToeJam,train,41.3187,-116.3408,SNOTEL,0.10900487325021199,0.1183624512382916,246.36368015834265,262.149911063058,0.3921333295958383
ISMN_SNOTEL_SummitLk,train,41.48953,-118.99663,SNOTEL,0.09296808604683195,0.10015189966985158,247.94307163783483,265.43906947544644,0.214315550667899
ISMN_SNOTEL_JacksPeak,val,41.5136,-116.0117,SNOTEL,0.11884679113115583,0.1301000714302063,245.96800667898995,260.8880179268973,0.4623379579612187
ISMN_SNOTEL_LamanceCreek,val,41.51542,-117.63197,SNOTEL,0.09721916913986206,0.10961091411965233,247.68394034249442,264.62857491629467,0.3497087316853659
ISMN_SNOTEL_JackCreekUpper,train,41.54675,-116.00517,SNOTEL,0.11884679113115583,0.1301000714302063,245.96800667898995,260.8880179268973,0.4623379579612187
ISMN_SNOTEL_FryCanyon,train,41.58008,-115.9364,SNOTEL,0.11643341183662415,0.1276906920330865,246.24911499023438,260.85998099190846,0.4332869989531381
ISMN_SNOTEL_DrawCreek,train,41.661,-115.3234,SNOTEL,0.1076819407088416,0.12069920131138392,248.1448691231864,261.9760044642857,0.4393716922828129
ISMN_SNOTEL_SeventysixCreek,train,41.73732,-115.47215,SNOTEL,0.10960563804422106,0.12159185537270137,248.395751953125,261.3106384277344,0.5192628247397286
ISMN_SNOTEL_BuckskinLower,train,41.75067,-117.53182,SNOTEL,0.1013739790235247,0.11293541427169528,247.8050057547433,263.8735918317522,0.3271205595561436
ISMN_SNOTEL_LaurelDraw,train,41.77637,-116.02957,SNOTEL,0.1279908131275858,0.138460316828319,245.33231244768416,259.942147391183,0.5372134574822017
ISMN_SNOTEL_FawnCreek,train,41.82098,-116.10153,SNOTEL,0.13157973225627626,0.14346722619874136,244.42310660226005,259.7052001953125,0.5297971836158207
ISMN_SNOTEL_BearCreek,train,41.83391,-115.45278,SNOTEL,0.10960563804422106,0.12159185537270137,248.395751953125,261.3106384277344,0.5192628247397286
ISMN_SNOTEL_ONeilCreek,train,41.86411,-115.08251,SNOTEL,0.10502198338508606,0.11736360724483218,246.92987060546875,262.58016531808033,0.3050280341080257
ISMN_SNOTEL_PoleCreekR.S.,train,41.87255,-115.24713,SNOTEL,0.10749720462730952,0.12036128661462239,247.89013453892298,261.7680446079799,0.45892657552446636
ISMN_SNOTEL_Sheldon,train,41.90435,-119.44464,SNOTEL,0.09506508920873914,0.10265265298741204,246.5507572719029,264.3465140206473,0.24649907861437118
ISMN_SNOTEL_DisasterPeak,train,41.96737,-118.18934,SNOTEL,0.09617179525750023,0.10521185717412404,247.10508728027344,264.35850742885043,0.3011322660105569
ISMN_SNOTEL_WilsonCreek,train,42.01257,-115.00278,SNOTEL,0.11123289380754743,0.12217357541833605,244.8919437953404,261.6474827357701,0.40236186555453707
ISMN_SNOTEL_MudFlat,train,42.6004,-116.55925,SNOTEL,0.129295642886843,0.13411611212151392,245.6496865408761,261.1602216448103,0.7260449784142631
ISMN_SNOTEL_SouthMtn.,val,42.76476,-116.90029,SNOTEL,0.12904758219208037,0.13365794186081206,246.0204119001116,260.4005039760045,1.5493659802845545
ISMN_SNOTEL_ReynoldsCreek,train,43.28863,-116.8431,SNOTEL,0.1203901469707489,0.12652638341699327,243.78231593540735,261.9900469098772,0.40781411102839876
ISMN_SCAN_OrchardRangeSite,train,43.32268,-115.99643,SCAN,0.10793248883315495,0.11971260075058256,244.7005833217076,264.7828369140625,0.3810805891241346
ISMN_SNOTEL_AtlantaSummit,train,43.7569,-115.23907,SNOTEL,0.17397434157984598,0.20377188282353537,255.3380410330636,260.0563398088728,4.501714774540493
ISMN_SNOTEL_RockSprings,train,44.00883,-118.83842,SNOTEL,0.16836502722331456,0.17748894436018808,248.68905639648438,259.0902797154018,6.912108489445278
ISMN_SNOTEL_BannerSummit,train,44.30342,-115.23447,SNOTEL,0.23379534695829665,0.28459249649729046,252.5463583809989,258.3979274204799,7.437562806265695
ISMN_USCRN_John-Day-35-WNW,train,44.556,-119.6459,USCRN,0.16583087614604405,0.17017160143171037,246.03924560546875,258.81152779715404,2.8144636154174805
ISMN_SNOTEL_LongValley,train,44.78835,-116.08878,SNOTEL,0.23297744350773947,0.2740583121776581,250.0734100341797,257.88753400530135,8.891518729073661
ISMN_SNOTEL_Bourne,train,44.83052,-118.18787,SNOTEL,0.1965348379952567,0.21702968435628073,248.32504054478235,258.0641435895647,8.645945412772042
ISMN_SNOTEL_HobbleCreek,train,40.18538,-111.35971,SNOTEL,0.14941729605197906,0.1600986889430455,252.39536830357142,261.31454031808033,2.144324609211513
ISMN_SNOTEL_CascadeMountain,train,40.283,-111.60992,SNOTEL,0.13133192381688527,0.13881040470940725,252.65960475376673,263.7517830984933,1.9110282829829626
ISMN_SNOTEL_Daniels-Strawberry,train,40.2953,-111.25677,SNOTEL,0.1466801634856633,0.16110338270664215,252.69242204938615,261.0638950892857,2.0122591257095337
ISMN_SNOTEL_CurrantCreek,train,40.35747,-111.08993,SNOTEL,0.1501938615526472,0.16700259915419988,252.07008143833704,260.51273454938615,1.9788234404155187
ISMN_SCAN_MountainHome,train,40.37263,-110.40602,SCAN,0.12531697643654688,0.13278775342873164,247.9236798967634,261.63441249302457,0.6626104882785252
ISMN_SNOTEL_TimpanogosDivide,train,40.42817,-111.61633,SNOTEL,0.12247179129293986,0.1304402585540499,253.21147809709822,263.5207999093192,2.0321230036871776
ISMN_SNOTEL_RockyBasin-Settleme,train,40.44293,-112.22377,SNOTEL,0.13060232996940613,0.13797689974308014,244.8497794015067,261.154549734933,0.7480841364179339
ISMN_SNOTEL_BevansCabin,val,40.46182,-112.25233,SNOTEL,0.13060232996940613,0.13797689974308014,244.8497794015067,261.154549734933,0.7480841364179339
ISMN_SNOTEL_WolfCreekPeak,train,40.47733,-111.04469,SNOTEL,0.156810428415026,0.17291640596730368,251.22618321010046,259.63711983816967,2.4512081146240234
ISMN_SNOTEL_MiningFork,train,40.49384,-112.61141,SNOTEL,0.1390146708914212,0.1465784279363496,241.81859479631697,259.80103846958707,0.541844802243369
ISMN_SNOTEL_DryFork,train,40.56533,-112.17343,SNOTEL,0.149468366588865,0.14931456744670868,241.6554892403739,258.8688637869699,0.9231222782816205
ISMN_SNOTEL_Snowbird,train,40.56914,-111.65852,SNOTEL,0.12032177512134824,0.12243900022336415,252.54447065080916,264.0370439801897,2.7985210759299144
ISMN_SNOTEL_BrownDuck,train,40.58102,-110.58587,SNOTEL,0.1571486038821084,0.17161969627652848,249.9144025530134,259.02061680385043,3.5502816268375943
ISMN_SCAN_Grantsville,train,40.59089,-112.39258,SCAN,0.2552046456507274,0.2653142788580486,226.24983869280135,245.16695513044084,0.4799561841147287
ISMN_SNOTEL_Lakefork#1,train,40.59709,-110.43316,SNOTEL,0.15512582233973912,0.17088401104722703,248.68502153669084,257.8696594238281,3.1522438185555592
ISMN_SNOTEL_Brighton,train,40.59936,-111.58167,SNOTEL,0.13288200327328273,0.14187499348606383,252.22167750767298,262.36669921875,2.4484710693359375
ISMN_SNOTEL_BeaverDivide,train,40.61233,-111.09782,SNOTEL,0.17293339116232737,0.18918287115437643,249.43568420410156,258.27657645089283,4.021248136247907
ISMN_SNOTEL_ThaynesCanyon,train,40.6235,-111.53322,SNOTEL,0.14193867998463766,0.1543648668697902,251.58539690290178,261.30892508370533,1.916557856968471
ISMN_SNOTEL_Mill-DNorth,train,40.65883,-111.63683,SNOTEL,0.13288200327328273,0.14187499348606383,252.22167750767298,262.36669921875,2.4484710693359375
ISMN_SNOTEL_ReddenMineLwr,train,40.67505,-111.21765,SNOTEL,0.1668889011655535,0.18070718433175767,249.36846487862724,258.7333461216518,3.168872662952968
ISMN_SNOTEL_TrialLake,train,40.678,-110.94873,SNOTEL,0.1756564655474254,0.19180748079504287,249.74805559430803,257.7365504673549,4.774408136095319
ISMN_SNOTEL_ParleysUpper,train,40.70194,-111.60619,SNOTEL,0.13288200327328273,0.14187499348606383,252.22167750767298,262.36669921875,2.4484710693359375
ISMN_SNOTEL_FivePointsLake,train,40.71785,-110.46721,SNOTEL,0.15512582233973912,0.17088401104722703,248.68502153669084,257.8696594238281,3.1522438185555592
ISMN_SNOTEL_LakeforkBasin,train,40.73785,-110.62121,SNOTEL,0.16794972334589278,0.1837431469133922,249.41197422572546,257.5015651157924,3.644020216805594
ISMN_SNOTEL_ParleysSummit,train,40.76184,-111.62917,SNOTEL,0.13974101415702275,0.15075433892863138,251.5060577392578,261.8156476702009,2.3695806775774275
ISMN_SNOTEL_Chepeta,train,40.77458,-110.0105,SNOTEL,0.16462361173970358,0.17918353634221212,248.85707092285156,258.8833705357143,5.57784788949149
ISMN_SNOTEL_SmithMorehouse,train,40.78931,-111.09192,SNOTEL,0.1690301150083542,0.18475671964032309,248.8625030517578,258.1174054827009,3.5559712818690707
ISMN_SNOTEL_HaydenFork,train,40.79669,-110.88472,SNOTEL,0.17787118468965804,0.1938685200044087,248.85311235700334,257.2829328264509,4.8265782083783835
ISMN_SNOTEL_LouisMeadow,train,40.83033,-111.76457,SNOTEL,0.1607517365898405,0.16052790411881038,246.19892011369978,260.30810546875,2.3673363753727505
ISMN_SNOTEL_LookoutPeak,train,40.83731,-111.70965,SNOTEL,0.15348884889057704,0.15922194293567113,249.32865469796317,261.16143798828125,2.5080221721104214
ISMN_SNOTEL_SpiritLk,train,40.83868,-110.00527,SNOTEL,0.15679691944803512,0.17146094143390656,247.92191859654017,258.5824977329799,4.5052627835954935
ISMN_SNOTEL_BuckPasture,train,40.84456,-110.66068,SNOTEL,0.18245827087334224,0.20010029418127878,247.34561593191964,256.4527696881975,4.715692928859165
ISMN_SNOTEL_LilyLake,val,40.86493,-110.79813,SNOTEL,0.17554411079202378,0.1921918605055128,247.50186375209265,256.8185729980469,4.316869054521833
ISMN_SNOTEL_Hardscrabble,train,40.86833,-111.71865,SNOTEL,0.15348884889057704,0.15922194293567113,249.32865469796317,261.16143798828125,2.5080221721104214
ISMN_SNOTEL_EFBlacksForkGS,train,40.88472,-110.54056,SNOTEL,0.1844806671142578,0.2014129672731672,247.19841657366072,256.3246372767857,4.951863765716553
ISMN_SNOTEL_BearRiverRS,train,40.8852,-110.8277,SNOTEL,0.17554411079202378,0.1921918605055128,247.50186375209265,256.8185729980469,4.316869054521833
ISMN_SNOTEL_ChalkCreek#2,train,40.88529,-111.06954,SNOTEL,0.16883258734430587,0.1849553223167147,247.9137202671596,257.6773376464844,3.710914816175188
ISMN_SNOTEL_SteelCreekPark,train,40.90862,-110.50462,SNOTEL,0.17867860410894668,0.19451948148863657,247.03285217285156,256.4300973074777,4.719990389687674
ISMN_SNOTEL_Hewinta,train,40.95009,-110.48419,SNOTEL,0.17651678834642684,0.19229136833122798,245.8160618373326,256.666257585798,5.109904629843576
ISMN_SCAN_Morgan,train,40.9999,-111.68555,SCAN,0.1527926347085408,0.16282241897923605,248.81791033063615,260.4911193847656,1.6543202570506506
ISMN_SNOTEL_LostCreekResv,train,41.22155,-111.35947,SNOTEL,0.14845701626368932,0.1661013173205512,249.5944322858538,260.242422921317,0.8528266719409398
ISMN_SNOTEL_HorseRidge,val,41.31372,-111.44624,SNOTEL,0.15312260389328003,0.17024144743170058,249.93236650739397,260.0105678013393,1.0899122953414917
ISMN_SCAN_BuffaloJump,train,41.34363,-111.18798,SCAN,0.13600815726178034,0.15215024139199937,246.20125906808036,259.96443830217635,0.4782877734729222
ISMN_SNOTEL_LightningRidge,train,41.35891,-111.48749,SNOTEL,0.15312260389328003,0.17024144743170058,249.93236650739397,260.0105678013393,1.0899122953414917
ISMN_SNOTEL_DryBreadPond,train,41.41289,-111.5377,SNOTEL,0.15256081095763616,0.1692425161600113,249.53058515276228,259.6727861676897,0.9282459446362087
ISMN_SNOTEL_MonteCristo,train,41.46547,-111.49688,SNOTEL,0.15256081095763616,0.1692425161600113,249.53058515276228,259.6727861676897,0.9282459446362087
ISMN_SNOTEL_BugLake,train,41.68541,-111.41987,SNOTEL,0.15687452256679535,0.1732452575649534,248.69232613699776,259.1245814732143,1.899322748184204
ISMN_SCAN_ParkValley,train,41.77318,-113.28596,SCAN,0.13889761801276887,0.1572062990495137,235.63709368024553,257.07096426827565,0.28005270447049824
ISMN_SCAN_GrouseCreek,train,41.77846,-113.82048,SCAN,0.10906283131667546,0.12257950327226094,245.86146545410156,262.4258771623884,0.4092079188142504
ISMN_SNOTEL_TempleFork,train,41.793,-111.54605,SNOTEL,0.15623403021267482,0.17112893291882106,248.5721915108817,259.08445957728793,1.9082039594650269
ISMN_SCAN_CacheJunction,train,41.81568,-111.98043,SCAN,0.18325866758823395,0.18850189447402954,236.74541364397322,254.94302368164062,0.912379801273346
ISMN_SNOTEL_UsuDocDaniel,train,41.86425,-111.50603,SNOTEL,0.15623403021267482,0.17112893291882106,248.5721915108817,259.08445957728793,1.9082039594650269
ISMN_SNOTEL_TonyGroveRS,train,41.88573,-111.56918,SNOTEL,0.15462898569447653,0.16767378790037973,248.35862513950892,259.09212384905135,1.8970754657472884
ISMN_SNOTEL_TonyGroveLake,train,41.89833,-111.62957,SNOTEL,0.1674159722668784,0.1789455030645643,247.24414934430803,258.0519757952009,2.089212417602539
ISMN_SNOTEL_GeorgeCreek,train,41.91562,-113.41154,SNOTEL,0.1132434436253139,0.12850176649434225,242.46063232421875,261.08792986188615,0.39375085490090506
ISMN_SNOTEL_GardenCitySummit,train,41.9215,-111.4693,SNOTEL,0.15462898569447653,0.16767378790037973,248.35862513950892,259.09212384905135,1.8970754657472884
ISMN_SCAN_BlueCreek,train,41.93531,-112.4336,SCAN,0.14914634185177938,0.1565469035080501,237.76836286272322,257.12278965541293,0.39467231716428486
ISMN_SNOTEL_KlondikeNarrows,train,41.96769,-111.59713,SNOTEL,0.16882954324994767,0.17762216925621033,246.5279758998326,257.7458169119699,2.2768332958221436
ISMN_SNOTEL_MagicMountain,train,42.18071,-114.28665,SNOTEL,0.12476867863110133,0.13554289298398153,244.74945940290178,260.727294921875,0.592599766595023
ISMN_SNOTEL_KelleyR.S.,train,42.26554,-110.80181,SNOTEL,0.15457706153392792,0.16625977413994925,246.40882219587053,258.0996573311942,1.6474302496228899
ISMN_SNOTEL_Giveout,train,42.4132,-111.1663,SNOTEL,0.16636316265378678,0.17759196885994502,245.82725742885046,257.23655482700894,1.4138929673603602
ISMN_SNOTEL_SaltRiverSummit,train,42.5075,-110.9099,SNOTEL,0.1678343883582524,0.1824945424284254,248.36771501813615,257.46006774902344,2.0384415217808316
ISMN_SNOTEL_WildhorseDivide,val,42.75743,-112.47783,SNOTEL,0.1254558680312974,0.1346781083515712,245.79866681780135,262.01554216657365,0.7675719772066388
ISMN_SNOTEL_TriplePeak,train,42.76393,-110.5914,SNOTEL,0.18386269892965043,0.20835600367614202,248.11817932128906,257.2134050641741,5.794398580278669
ISMN_SNOTEL_SomsenRanch,train,42.95275,-111.35933,SNOTEL,0.17965959864003317,0.19121524265834264,243.63049098423548,255.91179547991072,1.879380123955863
ISMN_SNOTEL_EastRimDivide,train,43.13097,-110.2023,SNOTEL,0.17331643402576447,0.1933368444442749,245.65017700195312,256.56886509486606,4.071310383932931
ISMN_SNOTEL_GraniteCreek,train,43.34298,-110.43495,SNOTEL,0.18526362095560348,0.21153405734470912,248.882572719029,256.78243364606584,5.421803542545864
ISMN_SNOTEL_CouchSummit,train,43.51762,-114.80214,SNOTEL,0.12759476048605783,0.14753698876925878,252.52675083705358,260.6451416015625,2.4496340411049977
ISMN_SNOTEL_SwedePeak,train,43.626,-113.96887,SNOTEL,0.1260042658873967,0.14264228620699473,251.5658002580915,260.6253182547433,1.1431771176201957
ISMN_SNOTEL_BearCanyon,train,43.74367,-113.93797,SNOTEL,0.12835312421832765,0.14651742577552795,251.4726300920759,260.3393031529018,1.3194549254008703
ISMN_SNOTEL_ChocolateGulch,train,43.7685,-114.41812,SNOTEL,0.14365521711962564,0.17285946224417006,254.88358197893416,260.8677542550223,3.4377786772591725
ISMN_SNOTEL_GrandTarghee,train,43.77933,-110.92783,SNOTEL,0.17804036183016642,0.19369979415621078,247.22038051060267,256.23096139090404,4.3456204278128485
ISMN_SNOTEL_GalenaSummit,train,43.87497,-114.71363,SNOTEL,0.1657810232469014,0.20236827433109283,254.48338535853796,259.8254132952009,4.011727401188442
ISMN_SNOTEL_SnakeRiverStation,val,44.13361,-110.66917,SNOTEL,0.19485212862491608,0.22042883506843022,250.7614244733538,258.09068516322543,5.871399675096784
ISMN_SNOTEL_LewisLakeDivide,train,44.20862,-110.66628,SNOTEL,0.19485212862491608,0.22042883506843022,250.7614244733538,258.09068516322543,5.871399675096784
ISMN_SNOTEL_ThumbDivide,train,44.36917,-110.57717,SNOTEL,0.23412775354725973,0.2471631658928735,254.4213605608259,261.04575892857144,7.2862740244184225
ISMN_SNOTEL_IslandPark,train,44.4203,-111.38512,SNOTEL,0.2024480061871665,0.22249100250857218,247.9450225830078,257.6975533621652,8.050272124154228
ISMN_SNOTEL_CrabCreek,train,44.437,-111.99384,SNOTEL,0.1447945237159729,0.15730234767709458,244.1354261125837,258.5705043247768,3.514433894838606
ISMN_SNOTEL_HighLonesome,train,40.0359,-105.75472,SNOTEL,0.16256398388317653,0.19132285032953536,251.8040771484375,259.1250261579241,5.445023196084159
ISMN_SNOTEL_Sawtooth,val,40.13632,-105.58486,SNOTEL,0.1523419384445463,0.1809121710913522,252.63544573102678,260.23511178152904,7.3216367449079245
ISMN_SNOTEL_WildBasin,train,40.201,-105.6025,SNOTEL,0.16777382152421133,0.20554378415857041,252.60016741071428,259.539297921317,7.342576912471226
ISMN_SNOTEL_StillwaterCreek,train,40.22532,-105.9198,SNOTEL,0.17561746282236917,0.20632040713514602,251.55756487165178,259.3269740513393,6.871154989515032
ISMN_SNOTEL_ArapahoRidge,train,40.35098,-106.38141,SNOTEL,0.1554760273013796,0.17579880782536098,247.6358882359096,258.5529087611607,4.437010083879743
ISMN_SCAN_SplitMountain,train,40.39136,-109.35326,SCAN,0.1088825496179717,0.11272695660591125,248.42319815499442,264.58030482700894,0.22609910368919373
ISMN_SNOTEL_PhantomValley,train,40.39803,-105.84606,SNOTEL,0.2020471841096878,0.2452582482780729,251.5960409981864,259.028084891183,8.999021257672991
ISMN_SNOTEL_LongDrawResv,train,40.51154,-105.7654,SNOTEL,0.17192256237779344,0.21122806412833078,251.5764617919922,258.96038818359375,7.996276991707938
ISMN_SNOTEL_DryLake,train,40.5337,-106.7814,SNOTEL,0.1855809986591339,0.2072752990892955,245.89625331333704,256.29817635672435,5.751119954245431
ISMN_SNOTEL_MosbyMtn.,train,40.60798,-109.8881,SNOTEL,0.14335243829659053,0.1542085451739175,249.14986528669084,260.17334420340404,4.667998722621372
ISMN_SNOTEL_KingsCabin,train,40.71632,-109.54401,SNOTEL,0.1251792311668396,0.13419589613165175,248.8727547781808,261.9074401855469,1.873308709689549
ISMN_SNOTEL_TroutCreek,train,40.739,-109.6728,SNOTEL,0.1377425640821457,0.1476221659353801,249.43618774414062,261.22127859933033,4.499224730900356
ISMN_SNOTEL_Zirkel,val,40.79492,-106.59544,SNOTEL,0.1556495385510581,0.17293399572372437,244.40977913992745,256.6666346958705,2.9569393566676547
ISMN_SNOTEL_LostDog,train,40.81557,-106.74833,SNOTEL,0.18196634096758707,0.20450754250798905,246.54961722237724,256.3394208635603,5.961622306278774
ISMN_SNOTEL_HickersonPark,train,40.90663,-109.96287,SNOTEL,0.15679691944803512,0.17146094143390656,247.92191859654017,258.5824977329799,4.5052627835954935
ISMN_SNOTEL_BlackhallMtn,train,41.05623,-106.714,SNOTEL,0.1625593602657318,0.18491533824375697,247.02589634486608,257.93202427455356,5.984415599278042
ISMN_SNOTEL_LittleSnakeRiver,train,41.07051,-106.94284,SNOTEL,0.19118998731885636,0.22018347893442428,248.44549560546875,257.90905325753346,8.38730103628976
ISMN_SNOTEL_CinnabarPark,train,41.23843,-106.23101,SNOTEL,0.15571408825261251,0.17761839713369096,246.20853533063615,258.73106602260043,7.578121866498675
ISMN_SNOTEL_SouthBrushCreek,train,41.3295,-106.5025,SNOTEL,0.1575482189655304,0.17851785463946207,246.04965209960938,258.17171369280135,6.03270012991769
ISMN_SNOTEL_BrooklynLake,train,41.36038,-106.23038,SNOTEL,0.14978280663490295,0.1691891231707164,245.38588169642858,258.2778102329799,6.755600316183908
ISMN_SNOTEL_MedBow,train,41.37833,-106.34697,SNOTEL,0.17417806812695094,0.19875711415495192,246.61458478655135,258.0571855817522,8.211921691894531
ISMN_SNOTEL_SageCreekBasin,train,41.40107,-107.2574,SNOTEL,0.11625782719680242,0.12585742345878057,245.22125898088728,260.78091866629467,1.8269260099955968
ISMN_SNOTEL_WindyPeak,train,42.27991,-105.57782,SNOTEL,0.12507048568555287,0.13790039185966765,243.48782566615515,259.2251935686384,1.3175842591694422
ISMN_SNOTEL_BigSandyOpening,train,42.6458,-109.25965,SNOTEL,0.1405931200299944,0.16125832498073578,246.71207754952567,257.64501953125,3.2328641414642334
ISMN_SNOTEL_PocketCreek,train,42.7121,-109.4112,SNOTEL,0.15889770005430495,0.18223883637360164,245.60081699916296,256.2669241768973,3.5113110882895335
ISMN_SCAN_CPER,train,40.8228,-104.71068,SCAN,0.10759672735418592,0.11729835186685834,240.28409903390067,263.04439435686385,0.423244480575834
ISMN_SCAN_Nunn#1,train,40.85989,-104.74033,SCAN,0.10412270362888064,0.11595331983906883,239.93475559779577,263.02018083844865,0.31345707178115845
ISMN_SCAN_Torrington#1,train,42.06667,-104.13333,SCAN,0.11737645949636187,0.12966552270310266,239.68721444266183,261.7159729003906,0.5131541575704303
ISMN_SCAN_RogersFarm#1,val,40.85,-96.46667,SCAN,0.22344758680888585,0.22509607672691345,231.79158891950334,254.1461421421596,1.6652759994779314
ISMN_SCAN_ShagbarkHills,train,42.43333,-95.76667,SCAN,0.19514666071959905,0.20317359268665314,237.88792637416296,257.08323669433594,1.5821040868759155
ISMN_SCAN_Spickard,train,40.25,-93.71667,SCAN,0.27089799514838625,0.27299802218164715,228.62255641392298,249.30914306640625,2.5606559344700406
ISMN_SCAN_Ames,train,42.01667,-93.73333,SCAN,0.2038819385426385,0.20226675059114183,234.45506940569197,255.35482788085938,1.6359404836382185
ISMN_SCAN_UWPlatteville,train,42.70785,-90.3899,SCAN,0.2468842097691127,0.2544220622096743,233.15865434919084,251.71256365094865,2.3340654373168945
ISMN_SCAN_MahantangoCk,train,40.66667,-76.66667,SCAN,0.2529188799006598,0.2712394084249224,245.01798357282365,256.65806579589844,7.613158157893589
ISMN_SCAN_RockSpringsPa,train,40.71667,-77.93333,SCAN,0.2572809500353677,0.27526527430330006,248.42203848702567,257.8444279261998,8.6726929800851
ISMN_SCAN_Geneva#1,train,42.88333,-77.03333,SCAN,0.2286569263253893,0.23083372626985824,233.4984588623047,250.64264569963728,3.090063674109323
ISMN_SCAN_LyeBrook,train,43.05753,-73.03834,SCAN,0.3479324110916683,0.383819328887122,252.2339826311384,257.99023001534596,11.848633357456752
ISMN_SCAN_HubbardBrook,train,43.94843,-71.72644,SCAN,0.36148171765463694,0.3984706231525966,253.73326982770647,258.5983407156808,12.088143212454659
ISMN_REMEDHUS_Canizal,train,41.19603,-5.35997,REMEDHUS,0.12796348865543092,0.12403070607355662,241.81304495675224,264.314697265625,1.027927109173366
ISMN_REMEDHUS_LasEritas,train,41.20548,-5.41558,REMEDHUS,0.12796348865543092,0.12403070607355662,241.81304495675224,264.314697265625,1.027927109173366
ISMN_REMEDHUS_Carretoro,train,41.26504,-5.38049,REMEDHUS,0.12796348865543092,0.12403070607355662,241.81304495675224,264.314697265625,1.027927109173366
ISMN_REMEDHUS_LasTresRayas,train,41.27473,-5.5919,REMEDHUS,0.14525146037340164,0.14255900042397635,239.31493922642298,262.13572910853793,1.2485384259905135
ISMN_REMEDHUS_LaCruzdeElias,train,41.28546,-5.30003,REMEDHUS,0.12616191378661565,0.12174951391560691,241.94677516392298,264.4282008579799,0.9989877939224243
ISMN_REMEDHUS_Guarrati,train,41.2892,-5.46713,REMEDHUS,0.13087975127356394,0.12763854754822596,241.4760022844587,264.06406947544644,1.0678477116993494
ISMN_REMEDHUS_Granja-g,train,41.30582,-5.37566,REMEDHUS,0.12796348865543092,0.12403070607355662,241.81304495675224,264.314697265625,1.027927109173366
ISMN_REMEDHUS_ElTomillar,train,41.34888,-5.49027,REMEDHUS,0.13152922370604106,0.12742131309849875,241.96686226981026,263.9327697753906,0.9809378470693316
ISMN_REMEDHUS_LlanosdelaBoveda,train,41.35757,-5.33113,REMEDHUS,0.12550194987228938,0.12033816639866148,242.70613534109933,264.64950125558033,0.9696695293698993
ISMN_REMEDHUS_LasArenas,train,41.37338,-5.5485,REMEDHUS,0.13894825215850556,0.13457803641046798,240.87977818080358,262.98756190708707,1.076114467212132
ISMN_REMEDHUS_ElCoto,train,41.38134,-5.42922,REMEDHUS,0.13152922370604106,0.12742131309849875,241.96686226981026,263.9327697753906,0.9809378470693316
ISMN_REMEDHUS_CasaPeriles,train,41.39392,-5.32146,REMEDHUS,0.12550194987228938,0.12033816639866148,242.70613534109933,264.64950125558033,0.9696695293698993
ISMN_REMEDHUS_LasVictorias,train,41.42413,-5.37403,REMEDHUS,0.12941998562642507,0.12385469462190356,242.76680428641183,264.30672781808033,1.0129162924630302
ISMN_REMEDHUS_LasBrozas,train,41.44649,-5.3587,REMEDHUS,0.12941998562642507,0.12385469462190356,242.76680428641183,264.30672781808033,1.0129162924630302
ISMN_REMEDHUS_Paredinas,train,41.45586,-5.411,REMEDHUS,0.12941998562642507,0.12385469462190356,242.76680428641183,264.30672781808033,1.0129162924630302
ISMN_SMOSMANIA_Urgons,train,43.6397,-0.435,SMOSMANIA,0.22736341612679617,0.23181109130382538,244.64575413295202,258.52791922433033,2.6707036835806712
ISMN_SMOSMANIA_CreondArmagnac,train,43.9936,-0.0469,SMOSMANIA,0.22089700613703048,0.22461851792676107,250.79706246512276,261.58544921875,6.722118854522705
ISMN_SMOSMANIA_Sabres,train,44.1475,-0.8456,SMOSMANIA,0.20981352031230927,0.20974017466817582,252.56054033551897,262.64822823660717,4.225617953709194
ISMN_FR_Aqui_fraye,train,44.467,-0.7269,FR_Aqui,0.24716573527881078,0.23878351279667445,251.37491716657365,261.54654802594865,7.205238342285156
ISMN_FR_Aqui_hillan2,train,44.49126,-0.758,FR_Aqui,0.24212825298309326,0.23574191331863403,251.77539934430803,261.97676740373885,7.011517797197614
ISMN_FR_Aqui_parcmeteo,train,44.7899,-0.5765,FR_Aqui,0.23964365039552962,0.23082423210144043,246.8675057547433,259.1587219238281,4.863171577453613
ISMN_XMS-CAT_RiberadeSio,train,41.80319,0.90969,XMS-CAT,0.1739504826920373,0.17481049469539098,243.56787109375,263.2317374093192,1.8965474707739693
ISMN_XMS-CAT_ElMiracle,train,41.91393,1.5276,XMS-CAT,0.18666897927011764,0.19626671501568385,249.4827139718192,264.0263148716518,2.3659901278359547
ISMN_XMS-CAT_Clarella,train,42.11946,2.28235,XMS-CAT,0.18764477329594748,0.21222607365676335,257.02436392647877,265.5773402622768,8.407039642333984
ISMN_XMS-CAT_LosCoscolls,train,42.14571,0.98318,XMS-CAT,0.20307376555034093,0.21799304442746298,251.93576049804688,262.34458705357144,3.4367828369140625
ISMN_XMS-CAT_CamidelsNerets,train,42.1554,0.9255,XMS-CAT,0.19674845891339438,0.2096369926418577,251.69056483677454,262.36926705496654,2.9157967567443848
ISMN_XMS-CAT_ClotdelesPeresII,train,42.15623,0.83767,XMS-CAT,0.19887057372501918,0.20977687409945897,251.33600071498327,262.1824733189174,3.0696942465645924
ISMN_XMS-CAT_ColldePaller,train,42.19748,1.24688,XMS-CAT,0.22196188143321446,0.2455387200628008,252.87334551130022,262.11727033342635,5.722780091421945
ISMN_XMS-CAT_SerradeCostaAmpla,train,42.2112,0.8939,XMS-CAT,0.21219061740807124,0.22773921063968114,252.1080082484654,261.408447265625,3.998198543276106
ISMN_XMS-CAT_Pessonada,val,42.218,1.0196,XMS-CAT,0.21392461444650376,0.2322957749877657,252.47150312151228,261.431649344308,4.397330352238247
ISMN_XMS-CAT_ElBoixer,train,42.39871,0.95839,XMS-CAT,0.22309635792459762,0.2466147541999817,252.27403259277344,259.2673557826451,4.780142715999058
ISMN_XMS-CAT_BordaColl,train,42.4142,1.46531,XMS-CAT,0.23903049102851323,0.2776588499546051,254.97855704171317,260.8047398158482,8.75044550214495
ISMN_XMS-CAT_BatlliudeSort,train,42.42841,1.1244,XMS-CAT,0.2320988029241562,0.2645096012524196,253.23543439592635,259.84598650251115,6.593271051134382
ISMN_XMS-CAT_Llivia,train,42.46915,1.97235,XMS-CAT,0.19433307221957616,0.2287903598376683,252.3024684361049,259.3605477469308,5.238996233258929
ISMN_XMS-CAT_LaCultiadAreu,train,42.58803,1.3299,XMS-CAT,0.22601060356412614,0.26605139885629925,254.7410147530692,259.5875156947545,7.431058134351458
ISMN_SMOSMANIA_Mouthoumet,train,42.96,2.53,SMOSMANIA,0.24408033703054702,0.25100055975573404,254.79603140694755,264.20204380580356,8.860897472926549
ISMN_SMOSMANIA_Narbonne,train,43.15,2.9567,SMOSMANIA,0.1851366013288498,0.18974269500800542,249.47083173479353,263.9334237234933,2.1483211176736012
ISMN_SMOSMANIA_LezignanCorbieres,train,43.1733,2.7283,SMOSMANIA,0.19584881833621434,0.19926993335996354,251.76080976213728,263.4425136021205,4.594344139099121
ISMN_SMOSMANIA_Montaut,train,43.1922,1.6436,SMOSMANIA,0.21622963036809648,0.21220421578202928,241.1289345877511,258.71857779366627,1.9357354130063738
ISMN_SMOSMANIA_Prades-le-Lez,train,43.43767,3.40033,SMOSMANIA,0.18109122770173208,0.19523454989705766,248.9418705531529,264.0121503557478,2.6317592688969205
ISMN_SMOSMANIA_Pezenas,train,43.43833,3.40333,SMOSMANIA,0.18109122770173208,0.19523454989705766,248.9418705531529,264.0121503557478,2.6317592688969205
ISMN_SMOSMANIA_Lahas,train,43.5472,0.8878,SMOSMANIA,0.22202883235045842,0.21720811937536513,239.43777465820312,258.25645664760043,1.8619720935821533
ISMN_SMOSMANIA_PeyrusseGrande,train,43.6664,0.2217,SMOSMANIA,0.23535707592964172,0.23464464715548924,241.0053449358259,257.9478193010603,2.2067789350237166
ISMN_SMOSMANIA_Villevielle,train,43.79517,4.09083,SMOSMANIA,0.22217262429850443,0.23129395714827947,243.67001342773438,260.3204781668527,3.3001736913408553
ISMN_SMOSMANIA_Savenes,train,43.825,1.1767,SMOSMANIA,0.2210020614521844,0.21406767623765127,239.61320059640067,257.8572213309152,1.9344017505645752
ISMN_SMOSMANIA_Condom,train,43.9744,0.3361,SMOSMANIA,0.22912002035549708,0.2253788879939488,241.94436645507812,258.86219569614957,2.6182427406311035
ISMN_SMOSMANIA_Mejannes-le-Clap,val,44.222,4.34483,SMOSMANIA,0.2234316063778741,0.22653557998793467,251.23528834751673,263.02406529017856,5.8534031595502585
ISMN_SMOSMANIA_LaGrandCombe,train,44.243,4.01017,SMOSMANIA,0.23890418665749685,0.2552098163536617,253.81903730119978,262.42010498046875,8.101762635367256
ISMN_SMOSMANIA_Berzeme,train,44.62833,4.56667,SMOSMANIA,0.23589335807732173,0.24303825412477767,250.51393127441406,261.10374232700894,6.373285838535854
ISMN_SMOSMANIA_Barnas,train,44.666,4.15983,SMOSMANIA,0.24463878571987152,0.27369357858385357,253.1112343924386,260.7181091308594,9.848111016409737
ISMN_SMOSMANIA_Mazan-Abbaye,val,44.73383,4.08383,SMOSMANIA,0.24627965475831712,0.2778723069599697,251.65226527622767,259.774161202567,9.991452489580427
ISMN_SMOSMANIA_CabrieresdAvignon,train,43.88367,5.16483,SMOSMANIA,0.19992014552865708,0.20349654981068202,250.47031729561942,263.55652291434154,4.0537775584629605
ISMN_STEMS_CarpenetopermanentGrassCoverTrackposition,train,44.68277,8.62669,STEMS,0.2272180595568248,0.23376418863024032,249.96712384905135,261.8213457380022,6.134161676679339
ISMN_STEMS_CarpenetopermanentGrassCoverNoTrackposition,train,44.68278,8.6267,STEMS,0.2272180595568248,0.23376418863024032,249.96712384905135,261.8213457380022,6.134161676679339
ISMN_RSMN_RosioriideVede,train,44.10711,24.97872,RSMN,0.2016448357275554,0.19544442423752376,237.72987583705358,258.2180698939732,1.8278230598994665
ISMN_RSMN_Bacles,train,44.47617,23.1129,RSMN,0.21023083797522954,0.21441765555313655,243.18420192173548,258.83412170410156,2.543402297156198
ISMN_WATERLINE_Kerasia,train,41.18,25.28,WATERLINE,0.2070415871483939,0.2141657088484083,249.9435097830636,262.06493704659596,4.688087735857282
ISMN_WATERLINE_Nymfaia,train,41.264,25.436,WATERLINE,0.20231915158884867,0.2090391218662262,249.69108363560267,262.2084699358259,4.394920076642718
ISMN_RSMN_Calarasi,train,44.20572,27.33852,RSMN,0.2023608194930213,0.20127541891166142,240.19248526436942,259.10995701381137,2.1017617157527377
ISMN_ROMPS_Kokomeren,train,41.84843,74.33435,ROMPS,0.1756906339100429,0.19399708722318923,250.34684317452567,258.1287318638393,0.3398971004145486
ISMN_ROMPS_Maydantal,train,41.99651,70.63916,ROMPS,0.17302756862980978,0.19937890342303685,252.22275870186942,257.9930201939174,0.28639088783945355
ISMN_ROMPS_GolubinGlacier,train,42.48161,74.48417,ROMPS,0.18449255185467855,0.21701862982341222,246.01901027134485,253.98452976771765,0.5084643959999084
ISMN_SNOTEL_ClackamasLake,train,45.09658,-121.75443,SNOTEL,0.29445840631212505,0.32727071217128206,251.9792022705078,258.5383998325893,13.508057185581752
ISMN_SNOTEL_Fifteenmile,train,45.35265,-121.53,SNOTEL,0.24365290360791342,0.27293430055890766,252.56267656598772,258.968985421317,12.512119565691266
ISMN_SNOTEL_BlazedAlder,val,45.4287,-121.85605,SNOTEL,0.33591029047966003,0.3625735895974295,253.70465523856026,258.50496564592635,14.193042073931013
ISMN_SNOTEL_BurntMountain,train,47.0444,-121.94032,SNOTEL,0.32296895129340036,0.33139789530209135,251.4802485874721,257.2777535574777,13.137216567993164
ISMN_SNOTEL_Trough,train,47.23328,-120.29412,SNOTEL,0.15233745958123887,0.15884773220334733,247.9088592529297,260.3422284807478,5.0920321600777765
ISMN_USCRN_Quinault-4-NE,train,47.5139,-123.812,USCRN,0.6657113262585231,0.6514790739331927,248.1975838797433,252.97638157435827,14.508684975760323
ISMN_SNOTEL_Buckinghorse,train,47.7086,-123.45747,SNOTEL,0.35607960394450594,0.3995805765901293,255.3211713518415,258.1535949707031,12.333396775381905
ISMN_SNOTEL_BrownTop,train,48.92753,-121.19717,SNOTEL,0.32183948159217834,0.3704128009932382,254.9571533203125,257.65000697544644,10.512613432747978
ISMN_SNOTEL_Touchet,train,46.11868,-117.8505,SNOTEL,0.19981226112161363,0.21519701395715987,251.0957772391183,259.46356201171875,8.984148297991071
ISMN_SNOTEL_SourdoughGulch,train,46.23713,-117.39435,SNOTEL,0.17441429836409433,0.18384409163679397,248.87782505580358,260.0402526855469,5.299653462001255
ISMN_SNOTEL_PierceR.S.,train,46.49597,-115.7957,SNOTEL,0.35384937269347055,0.3841536215373448,251.1824471609933,257.3402753557478,13.379609652927943
ISMN_SNOTEL_CraterMeadows,train,46.56394,-115.28903,SNOTEL,0.3575677147933415,0.40960502198764254,254.5732705252511,258.3542698451451,13.218830789838519
ISMN_SNOTEL_ShanghiSummit,train,46.56603,-115.74216,SNOTEL,0.3550733668463571,0.3910053329808371,252.21092006138392,257.6854989188058,13.5560941696167
ISMN_SNOTEL_Sherwin,val,46.95028,-116.33972,SNOTEL,0.3281887684549604,0.36385982377188547,251.1989484514509,257.5022931780134,13.736831801278251
ISMN_SCAN_Lind#1,train,47.0,-118.56667,SCAN,0.12661687284708023,0.14706329149859293,246.5008065359933,263.5917184012277,0.43063255293028696
ISMN_SNOTEL_MicaCreek,train,47.15045,-116.26643,SNOTEL,0.31871578097343445,0.35205836806978497,251.655766078404,257.56282697405135,13.363125256129674
ISMN_USCRN_Spokane-17-SSW,train,47.4174,-117.5264,USCRN,0.17760227620601654,0.1787214321749551,237.3647962297712,256.0214320591518,2.58279596056257
ISMN_SNOTEL_Lookout,train,47.45749,-115.70457,SNOTEL,0.33068915775844027,0.38711181708744596,254.95662580217635,258.8980625697545,12.969084058489118
ISMN_SNOTEL_Sunset,train,47.55545,-115.82422,SNOTEL,0.32052166547094074,0.3747974123273577,254.7934112548828,258.91182599748885,13.062360082353864
ISMN_SNOTEL_RaggedMountain,val,47.85583,-117.03667,SNOTEL,0.2166050672531128,0.22402420427118028,246.47312709263392,258.16385759626115,9.654973575047084
ISMN_SNOTEL_MosesMtn,train,48.36166,-119.08158,SNOTEL,0.18238514874662673,0.20239948800631932,248.88296726771765,259.5910906110491,9.333904947553362
ISMN_SNOTEL_GoldAxeCamp,train,48.9516,-118.9864,SNOTEL,0.18672219131674087,0.2129527841295515,251.7469722202846,260.03238351004467,9.909535816737584
ISMN_SCAN_TableMountain,train,45.80272,-111.58655,SCAN,0.1473282447883061,0.16080585760729654,236.79611206054688,256.8722185407366,0.4129157704966409
ISMN_SNOTEL_SavagePass,train,46.46633,-114.63333,SNOTEL,0.32754323312214445,0.39728807125772747,252.27718244280135,257.1460396902902,11.97702693939209
ISMN_SCAN_ConradAgRc,val,48.30453,-111.92363,SCAN,0.12873396916048868,0.14554582216909953,240.8281489780971,260.25648716517856,0.41206482904297964
ISMN_SCAN_Violett,train,48.43578,-111.18423,SCAN,0.12416271758931023,0.1403782857315881,243.0029057094029,261.7184055873326,0.24600824075085775
ISMN_SCAN_Moccasin,train,47.05818,-109.95082,SCAN,0.16547411467347825,0.18230833538940974,234.13719831194197,255.3655548095703,0.490061559847423
ISMN_SCAN_Jordan,train,47.522,-107.12731,SCAN,0.1455006045954568,0.15673303178378514,237.76954432896204,258.73309108189176,0.3338416942528316
ISMN_SCAN_Mandan#1,train,46.76667,-100.91667,SCAN,0.18520928067820414,0.19506783996309554,232.52828107561385,255.03580801827567,1.2465178966522217
ISMN_SCAN_Sidney,train,47.77102,-104.247,SCAN,0.15815858755792891,0.172304276909147,234.47404261997767,256.7513667515346,0.5472790684018817
ISMN_SCAN_CrescentLake#1,val,45.41667,-93.95,SCAN,0.22825597439493453,0.2319294171673911,234.74247305733817,252.1536363874163,2.363165787288121
ISMN_SCAN_Wabeno#1,train,45.46667,-88.58333,SCAN,0.34869541014943806,0.37210607528686523,252.28238786969865,258.1830051967076,11.694927760532924
ISMN_USCRN_Chatham-1-SE,train,46.3345,-86.92,USCRN,0.39183870383671354,0.3711199632712773,247.31358773367745,254.21843610491072,11.252728870936803
ISMN_LABFLUX_Bussolenobosco,train,45.1186,7.1625,LABFLUX,0.23439250034945353,0.27794542057173593,251.28740801130022,257.2928205217634,5.503675324576242
ISMN_RSMN_Banloc,train,45.3829,21.13626,RSMN,0.2110022625752858,0.20670678998742784,235.1656951904297,256.58619907924106,1.9813429287501745
ISMN_RSMN_Dumbraveni,train,46.22786,24.59161,RSMN,0.25443983929497854,0.268728643655777,240.630610874721,254.32816859654017,4.563216618129185
ISMN_RSMN_Oradea,train,47.0358,21.89612,RSMN,0.23450144699641637,0.23460343054362706,234.72129385811942,253.63439287458147,2.9689992495945523
ISMN_RSMN_Tecuci,train,45.84164,27.40901,RSMN,0.192494164620127,0.18848668251718795,238.82523890904017,258.3112553187779,1.6387269326618739
ISMN_RSMN_Barlad,train,46.23313,27.64438,RSMN,0.19360457360744476,0.19252307287284307,240.46853855678015,258.67067173549106,1.8893670865467616
ISMN_RSMN_Cotnari,train,47.3583,26.92546,RSMN,0.21413548503603255,0.21608444622584752,235.00880214146204,254.84869166782923,1.8450393165860857
ISMN_RSMN_Darabani,train,48.19477,26.57325,RSMN,0.20773662413869584,0.20861155433314188,236.1710924421038,255.4724600655692,2.1910263470241
ISMN_COSMOS-UK_Fivemiletown,train,54.2985,-7.29186,COSMOS-UK,0.3661369723933084,0.3752367751938956,235.55863734654017,247.09852382114954,3.168023245675223
ISMN_COSMOS-UK_PortonDown,train,51.11988,-1.68125,COSMOS-UK,0.23402639159134456,0.23735245423657553,234.10587419782365,253.721684047154,3.024721452168056
ISMN_COSMOS-UK_AliceHolt,train,51.15355,-0.85823,COSMOS-UK,0.21550643231187547,0.2276106689657484,241.9993155343192,258.7812064034598,6.813744408743722
ISMN_COSMOS-UK_Heytesbury,train,51.20289,-2.0796,COSMOS-UK,0.25478083533900125,0.2556226359946387,232.55245971679688,251.66615731375558,2.781054360525949
ISMN_COSMOS-UK_Sheepdrove,train,51.53032,-1.48187,COSMOS-UK,0.2461877933570317,0.2463956390108381,230.24435424804688,251.5550275530134,2.583887951714652
ISMN_COSMOS-UK_Waddesdon,train,51.83948,-0.94842,COSMOS-UK,0.22893659557615006,0.2227104731968471,231.5330047607422,253.80676923479353,3.0540884903499057
ISMN_COSMOS-UK_Cardington,train,52.1056,-0.42464,COSMOS-UK,0.2134941475731986,0.20703973514693125,231.1361846923828,254.58426775251115,2.4226139954158237
ISMN_COSMOS-UK_MoretonMorrell,train,52.19941,-1.56308,COSMOS-UK,0.2537106169121606,0.247183158993721,229.19422912597656,250.65999276297433,2.6552724157060896
ISMN_COSMOS-UK_Stoughton,train,52.60164,-1.04701,COSMOS-UK,0.24420043400355748,0.23739988889013017,229.0755658830915,251.3304443359375,2.8957955156053816
ISMN_COSMOS-UK_BunnyPark,train,52.86073,-1.12685,COSMOS-UK,0.23179344407149724,0.22323400846549443,230.24403381347656,252.29178946358817,3.0330613681248257
ISMN_COSMOS-UK_SpenFarm,train,53.86886,-1.31886,COSMOS-UK,0.22894173009055002,0.223921360714095,228.59635707310267,250.83978053501673,2.6595007351466586
ISMN_COSMOS-UK_HollinHill,train,54.11068,-0.95952,COSMOS-UK,0.25731930136680603,0.25383633375167847,226.16556658063615,248.01856994628906,3.016122647694179
ISMN_COSMOS-UK_LullingtonHeath,train,50.79372,0.18887,COSMOS-UK,0.24262219667434692,0.24403492680617742,237.51986258370536,253.93211582728796,2.386989491326468
ISMN_COSMOS-UK_Redhill,train,51.26287,0.42914,COSMOS-UK,0.17598685409341538,0.15962308858122146,240.44896371023995,260.1924046107701,3.299466473715646
ISMN_COSMOS-UK_Writtle,train,51.734,0.4179,COSMOS-UK,0.18478075947080339,0.17280631618840353,235.90643964494978,258.95550537109375,2.662954330444336
ISMN_COSMOS-UK_Elmsett,train,52.09465,0.99307,COSMOS-UK,0.21339250675269536,0.21179188787937164,231.9221431187221,253.98854064941406,2.3328395911625455
ISMN_COSMOS-UK_Euston,train,52.33639,0.79592,COSMOS-UK,0.21329094895294734,0.2120723660503115,234.3252890450614,254.74157932826452,3.482058354786464
ISMN_COSMOS-UK_Redmere,train,52.44577,0.42104,COSMOS-UK,0.22826584109238215,0.22514283231326512,230.17957196916853,252.18017578125,2.540228469031198
ISMN_COSMOS-UK_Morley,train,52.54815,1.03423,COSMOS-UK,0.2122167902333396,0.21106502200875962,233.95343235560827,254.43521554129464,2.5220397540501187
ISMN_COSMOS-UK_Fincham,val,52.61777,0.51073,COSMOS-UK,0.22679944336414337,0.2228452776159559,231.13150024414062,252.61093139648438,3.1961608614240373
ISMN_TERENO_Schoeneseiffen,train,50.5149,6.37559,TERENO,0.29725463475499836,0.2990100766931261,242.47640337262834,255.24243818010603,9.7074556350708
ISMN_TERENO_Merzenhausen,train,50.9303,6.29747,TERENO,0.2243731724364417,0.21357021161488124,234.7118203299386,253.69878932407923,4.175406796591623
ISMN_TWENTE_Hupsel,train,52.06747,6.65677,TWENTE,0.22821748895304544,0.22615420605455125,233.57420567103796,250.54051644461495,3.6207453182765414
ISMN_TWENTE_ITCSM-08b,train,52.13578,6.74507,TWENTE,0.22462216445377894,0.22261291955198562,233.80609566824776,250.96824428013392,3.8278663839612688
ISMN_TWENTE_ITCSM-09,train,52.14639,6.84306,TWENTE,0.2177942203623908,0.21536284472261155,233.99629865373885,251.40644182477678,3.7870661190577914
ISMN_TWENTE_ITCSM-13,train,52.19389,6.4175,TWENTE,0.25249938666820526,0.25297676239694866,232.9298095703125,249.52517700195312,4.268427848815918
ISMN_TWENTE_ITCSM-15b,train,52.31036,6.61053,TWENTE,0.2647668421268463,0.2637173980474472,231.7786908830915,248.67577907017298,4.5576395988464355
ISMN_TWENTE_ITCSM-16b,train,52.36781,6.53525,TWENTE,0.27131503394671846,0.27220789875303,231.6305650983538,248.37763323102678,4.6207267216273715
ISMN_TWENTE_ITCSM-17c,train,52.41877,6.5407,TWENTE,0.27579415908881594,0.27630421945026945,230.28812299455916,247.4936806815011,4.57204464503697
ISMN_MOL-RAO_Falkenberg,train,52.16694,14.12417,MOL-RAO,0.22343745401927403,0.23299021806035722,244.6082262311663,257.5331813267299,7.926761490958078
ISMN_Berlin_PSA17suedpark,train,52.40145,13.51,Berlin,0.20281648635864258,0.1896135572876249,242.0751451764788,256.9241376604353,4.9653231757027765
ISMN_Berlin_PSA7Ruebezahl,val,52.42399,13.6251,Berlin,0.2122913215841566,0.2020201257296971,242.41498674665178,256.9827553885324,6.075125966753278
ISMN_Berlin_PSA18Pfaueninsel,train,52.43147,13.12135,Berlin,0.2278364556176322,0.21832719019481114,240.56414576939173,256.0263192313058,7.191633428846087
ISMN_Berlin_PSA1BerlinerStr,val,52.43899,13.2726,Berlin,,,241.413325718471,256.66514805385043,5.458022117614746
ISMN_Berlin_PSA6Plaenterwald,train,52.47629,13.48714,Berlin,,,241.81619480678015,256.91627720424106,4.4021013123648505
ISMN_Berlin_PSA4Heerstrasse,train,52.50821,13.24764,Berlin,0.21859515139034816,0.20612381611551558,241.06312125069755,256.38180759974887,6.394690036773682
ISMN_Berlin_PflABerlin12Schi,train,52.50847,13.42852,Berlin,,,241.81619480678015,256.91627720424106,4.4021013123648505
ISMN_Berlin_PSA2Tiergarten,train,52.51474,13.36619,Berlin,,,241.6306370326451,256.85702732631137,4.54537752696446
ISMN_Berlin_PflABerlin13Marz,train,52.54064,13.57653,Berlin,0.20281648635864258,0.1896135572876249,242.0751451764788,256.9241376604353,4.9653231757027765
ISMN_Berlin_PflABerlin11Humb,train,52.54434,13.38112,Berlin,,,241.6306370326451,256.85702732631137,4.54537752696446
ISMN_Berlin_PSA16krugwiesen,train,52.56089,13.52688,Berlin,0.20509361795016698,0.19391281477042607,242.48807634626115,257.14605494907926,5.775109154837472
ISMN_Berlin_PSA15bucherchaus,train,52.62005,13.48854,Berlin,0.2091821985585349,0.19557329160826548,242.30340794154577,257.06781005859375,5.890229565756662
ISMN_Berlin_PSA14wiltinger,train,52.63489,13.28991,Berlin,0.2125684916973114,0.2045056883777891,241.96566772460938,256.36878967285156,6.185637405940464
ISMN_SNOTEL_McneilRiverSGS,train,59.08358,-154.27785,SNOTEL,0.2558405931506838,0.27281494651521954,241.69957842145647,252.238276890346,1.827155351638794
ISMN_SNOTEL_PortGraham,train,59.35065,-151.84768,SNOTEL,,,78.76078360421317,117.17790004185268,8.67531612941197
ISMN_SNOTEL_NukaGlacier,train,59.69804,-150.71163,SNOTEL,0.1984152070113591,0.22587643137999944,248.59167698451452,256.8385445731027,3.208500725882394
ISMN_SNOTEL_AnchorRiverDivide,train,59.8608,-151.31494,SNOTEL,0.14802351593971252,0.18068767019680568,252.44918823242188,259.04844883510043,2.5481019701276506
ISMN_SNOTEL_MooreCreekBridge,train,59.58668,-135.19455,SNOTEL,0.24716460704803467,0.2781588350023542,249.1558619907924,254.84952654157365,1.9204495123454504
ISMN_COSMOS-UK_HartwoodHome,val,55.81026,-3.82896,COSMOS-UK,0.2693597972393036,0.2643525302410126,234.97252328055245,249.65737915039062,2.836819955280849
ISMN_COSMOS-UK_Cochno,train,55.94142,-4.40354,COSMOS-UK,0.26590366448674885,0.26444878961358753,237.19875008719308,251.02393668038505,3.276024103164673
ISMN_COSMOS-UK_Balruddery,val,56.4823,-3.11149,COSMOS-UK,0.24367864855698176,0.24755771245275224,227.63371058872767,248.14842442103796,2.801682642527989
ISMN_HOBE_2.01,train,55.9398,9.2207,HOBE,0.23414445562022074,0.24006504033293044,233.4394749232701,251.38245718819755,3.701337848390852
ISMN_HOBE_2.11,train,55.9704,9.0225,HOBE,0.23978955830846513,0.24367510420935495,232.8114231654576,250.84255981445312,3.7141538688114712
ISMN_HOBE_1.07,train,56.0426,9.1413,HOBE,0.23939598883901322,0.24399440842015402,233.79336983816964,251.27110726492745,4.401509761810303
ISMN_SNOTEL_Aniak,train,61.58337,-159.57708,SNOTEL,0.2656149012701852,0.28358757495880127,244.654292515346,253.79970223563058,1.8406756605420793
ISMN_SNOTEL_McGrath,train,62.94652,-155.6102,SNOTEL,0.22093420156410762,0.2348275205918721,249.87491934640067,257.4194859095982,2.536750112261091
ISMN_SNOTEL_GalenaAK,train,64.69662,-156.71497,SNOTEL,0.3065432139805385,0.3359171875885555,247.03020804268974,254.52907017299108,2.620480980191912
ISMN_SNOTEL_KenaiMoosePens,train,60.72499,-150.47369,SNOTEL,0.36848141465868267,0.3726455569267273,246.60763113839286,254.9543173653739,9.469312259129115
ISMN_SNOTEL_TelaquanaLake,val,60.98347,-153.91866,SNOTEL,0.2083861529827118,0.23748167497771128,253.26683044433594,258.21020943777904,2.432924883706229
ISMN_SNOTEL_SusitnaValleyHigh,train,62.13245,-150.04391,SNOTEL,0.3183955763067518,0.34034173829214914,250.55593872070312,257.62927682059154,5.458145890917097
ISMN_SNOTEL_TokositnaValley,train,62.62918,-150.7741,SNOTEL,0.2527933248451778,0.27038766869476866,248.2935028076172,255.48819623674666,2.3850484234946117
ISMN_SNOTEL_ExitGlacier,train,60.18957,-149.6228,SNOTEL,0.16146120641912734,0.1780701449939183,251.0417720249721,258.4360613141741,1.6200811181749617
ISMN_SNOTEL_SummitCreek,train,60.61713,-149.53128,SNOTEL,0.21468048649174826,0.2489314866917474,252.17979431152344,256.8697400774275,2.9049766744886125
ISMN_SNOTEL_UpperTsainaRiver,train,61.19112,-145.64807,SNOTEL,0.19997531175613403,0.21718186140060425,249.95727321079798,256.0342755998884,0.6575225761958531
ISMN_SNOTEL_SpringCreek,train,61.65653,-149.12926,SNOTEL,0.21034375045980727,0.23435565190655844,251.63274710518974,258.08275059291293,4.8071072442190985
ISMN_SNOTEL_GulkanaRiver,train,62.40962,-145.37513,SNOTEL,0.18765156822545187,0.2056864925793239,252.24508231026786,258.72850254603793,3.180004392351423
ISMN_SNOTEL_FieldingLake,train,63.2026,-145.63442,SNOTEL,0.1949333825281688,0.2168236928326743,249.04313441685267,256.7653547014509,1.523747273853847
ISMN_SNOTEL_GraniteCrk,train,63.94382,-145.39993,SNOTEL,0.16729931959084102,0.19215224470411027,253.61249215262276,260.8860778808594,5.5345997129167825
ISMN_SNOTEL_Chisana,train,62.06947,-142.04919,SNOTEL,0.1869693739073617,0.2138127897466932,249.51582554408483,255.5642351422991,1.2023611068725586
ISMN_SNOTEL_Tok,train,63.32529,-143.03834,SNOTEL,0.15200066140719823,0.1780606210231781,255.90951102120536,260.89603097098217,4.468391282217843
ISMN_SNOTEL_JackWadeJct,train,64.14797,-141.32985,SNOTEL,0.1333745579634394,0.16712293028831482,257.1479012625558,261.9150870186942,2.7530360562460765
ISMN_SNOTEL_KellyStation,train,67.9297,-162.2906,SNOTEL,0.19959640290055955,0.21780300353254592,246.14607674734933,255.37601797921317,1.199500594820295
ISMN_SNOTEL_GobblersKnob,train,66.745,-150.6675,SNOTEL,0.15799477057797567,0.180027859551566,252.43560573032923,259.9596383231027,1.7971833944320679
ISMN_SNOTEL_Coldfoot,train,67.25333,-150.183,SNOTEL,0.16094777839524405,0.18605664585317885,253.75816127232142,259.39160592215404,1.6502579280308314
ISMN_SNOTEL_Mt.Ryan,train,65.25113,-146.15133,SNOTEL,0.12183270922728948,0.15148010849952698,255.71918378557478,261.72330583844865,1.963804772921971
ISMN_SNOTEL_UpperNomeCreek,train,65.3671,-146.592,SNOTEL,0.12480856265340533,0.15199731928961618,255.06746782575334,261.2992597307478,1.630088107926505
ISMN_SNOTEL_EagleSummit,train,65.48588,-145.41212,SNOTEL,0.11711911750691277,0.14438411593437195,255.53160531180245,261.6501944405692,1.7174623012542725
ISMN_SNOTEL_ImnaviatCreek,val,68.61652,-149.3033,SNOTEL,0.18683426933629171,0.2070719791310174,245.73876081194197,255.0731201171875,1.0239080020359583
ISMN_FMI_SOD130,train,67.25729,26.74857,FMI,0.26531629051480976,0.26889708851064953,244.5915745326451,253.5769282749721,3.438068764550345
ISMN_FMI_SOD073,val,67.35681,26.68478,FMI,0.3050844541617802,0.30205524819237844,242.85474286760603,252.26089913504464,3.463708366666521
ISMN_FMI_SOD071,val,67.35687,26.68492,FMI,0.3050844541617802,0.30205524819237844,242.85474286760603,252.26089913504464,3.463708366666521
ISMN_FMI_SOD072,val,67.35693,26.68506,FMI,0.3050844541617802,0.30205524819237844,242.85474286760603,252.26089913504464,3.463708366666521
ISMN_FMI_SOD103,val,67.35917,26.68594,FMI,0.3050844541617802,0.30205524819237844,242.85474286760603,252.26089913504464,3.463708366666521
ISMN_FMI_SOD101,val,67.35919,26.68595,FMI,0.3050844541617802,0.30205524819237844,242.85474286760603,252.26089913504464,3.463708366666521
ISMN_FMI_SOD102,val,67.35922,26.68595,FMI,0.3050844541617802,0.30205524819237844,242.85474286760603,252.26089913504464,3.463708366666521
ISMN_FMI_SOD012,val,67.36179,26.63378,FMI,0.28265228654657093,0.28102727447237286,243.4651881626674,252.75862339564733,3.447239024298532
ISMN_FMI_SOD011,val,67.36187,26.63378,FMI,0.28265228654657093,0.28102727447237286,243.4651881626674,252.75862339564733,3.447239024298532
ISMN_FMI_SOD013,val,67.36195,26.63378,FMI,0.28265228654657093,0.28102727447237286,243.4651881626674,252.75862339564733,3.447239024298532
ISMN_FMI_SOD081,val,67.38425,26.62529,FMI,0.28265228654657093,0.28102727447237286,243.4651881626674,252.75862339564733,3.447239024298532
ISMN_FMI_SOD083,val,67.38431,26.62515,FMI,0.28265228654657093,0.28102727447237286,243.4651881626674,252.75862339564733,3.447239024298532
