station_id,region_id,latitude,longitude,laea_x,laea_y,tile_x_min,tile_y_min,tile_x_max,tile_y_max
ISMN_SCAN_BlueCreek,0,41.93531,-112.4336,-68946.715,233255.256,-70080.0,232110.0,-67800.0,234390.0
ISMN_SCAN_BuffaloJump,0,41.34363,-111.18798,34690.922,167308.09,33570.0,166170.0,35820.0,168450.0
ISMN_SCAN_CacheJunction,0,41.81568,-111.98043,-31414.543,219714.657,-32550.0,218580.0,-30270.0,220860.0
ISMN_SCAN_CaveValley,0,37.35524,-113.12341,-134770.25,-274423.809,-135900.0,-275550.0,-133650.0,-273300.0
ISMN_SCAN_ChickenRidge,0,41.33136,-111.3036,25017.554,165906.798,23880.0,164760.0,26160.0,167040.0
ISMN_SCAN_Circleville,0,38.15133,-112.25122,-56872.229,-186998.55,-58020.0,-188130.0,-55740.0,-185850.0
ISMN_SCAN_Enterprise,0,37.63343,-113.64324,-180144.043,-242656.372,-181290.0,-243780.0,-179010.0,-241530.0
ISMN_SCAN_Ephraim,0,39.36798,-111.57803,2101.657,-52144.306,960.0,-53280.0,3240.0,-51000.0
ISMN_SCAN_Grantsville,0,40.59089,-112.39258,-66891.007,83934.658,-68040.0,82800.0,-65760.0,85080.0
ISMN_SCAN_Holden,0,39.19216,-112.40155,-69037.299,-71358.084,-70170.0,-72480.0,-67890.0,-70230.0
ISMN_SCAN_LittleRedFox,0,40.17957,-110.30464,110527.369,38766.574,109380.0,37620.0,111660.0,39900.0
ISMN_SCAN_Manderfield,0,38.36649,-112.64291,-90934.485,-162797.888,-92070.0,-163920.0,-89790.0,-161670.0
ISMN_SCAN_Milford,0,38.34196,-113.01053,-123101.611,-165085.762,-124230.0,-166230.0,-121980.0,-163950.0
ISMN_SCAN_Morgan,0,40.9999,-111.68555,-6994.851,129060.535,-8130.0,127920.0,-5850.0,130200.0
ISMN_SCAN_MountainHome,0,40.37263,-110.40602,101605.554,60082.233,100470.0,58950.0,102750.0,61230.0
ISMN_SCAN_Nephi,0,39.64554,-111.87044,-23005.235,-21294.086,-24150.0,-22440.0,-21870.0,-20160.0
ISMN_SCAN_Panguitch,0,37.86975,-112.43437,-73208.076,-218118.113,-74340.0,-219240.0,-72060.0,-216990.0
ISMN_SCAN_Price,0,39.53288,-110.80604,68465.529,-33533.562,67320.0,-34680.0,69600.0,-32400.0
ISMN_SCAN_SplitMountain,0,40.39136,-109.35326,190940.112,63881.776,189810.0,62760.0,192090.0,65010.0
ISMN_SCAN_Vermillion,0,37.19061,-112.19252,-52405.379,-293648.022,-53550.0,-294780.0,-51270.0,-292500.0
ISMN_SNOTEL_AguaCanyon,0,37.52217,-112.27118,-59126.805,-256809.242,-60270.0,-257940.0,-57990.0,-255660.0
ISMN_SNOTEL_Atwater,0,40.59124,-111.63775,-2991.061,83678.636,-4140.0,82530.0,-1860.0,84810.0
ISMN_SNOTEL_BearRiverRS,0,40.8852,-110.8277,65296.926,116603.618,64170.0,115470.0,66420.0,117750.0
ISMN_SNOTEL_BeaverDams,0,39.13683,-111.55813,3829.13,-77805.942,2700.0,-78930.0,4950.0,-76680.0
ISMN_SNOTEL_BeaverDivide,0,40.61233,-111.09782,42703.518,86140.398,41580.0,85020.0,43830.0,87270.0
ISMN_SNOTEL_BenLomondPeak,0,41.37603,-111.94405,-28582.618,170880.162,-29730.0,169740.0,-27450.0,172020.0
ISMN_SNOTEL_BenLomondTrail,0,41.38291,-111.92103,-26653.879,171637.03,-27780.0,170490.0,-25530.0,172770.0
ISMN_SNOTEL_BevansCabin,0,40.46182,-112.25233,-55123.623,69507.224,-56250.0,68370.0,-54000.0,70650.0
ISMN_SNOTEL_BigFlat,0,38.30183,-112.35672,-65982.678,-170222.808,-67110.0,-171360.0,-64860.0,-169080.0
ISMN_SNOTEL_BlackFlat-U.M.Ck,0,38.6799,-111.59765,414.901,-128531.58,-720.0,-129660.0,1560.0,-127410.0
ISMN_SNOTEL_BlacksForkJct,0,40.95814,-110.5828,85843.397,124910.272,84720.0,123780.0,86970.0,126060.0
ISMN_SNOTEL_BobsHollow,0,38.94569,-112.15349,-47774.082,-98880.431,-48900.0,-100020.0,-46650.0,-97740.0
ISMN_SNOTEL_BoxCreek,0,38.50809,-112.01856,-36298.499,-147519.638,-37440.0,-148650.0,-35160.0,-146370.0
ISMN_SNOTEL_BoxSprings,0,38.49746,-112.00779,-35364.31,-148703.843,-36510.0,-149850.0,-34230.0,-147570.0
ISMN_SNOTEL_BrianHead,0,37.67994,-112.85674,-110657.517,-238754.452,-111780.0,-239880.0,-109530.0,-237630.0
ISMN_SNOTEL_Brighton,0,40.59936,-111.58167,1756.229,84579.91,630.0,83430.0,2880.0,85710.0
ISMN_SNOTEL_BrownDuck,0,40.58102,-110.58587,86067.253,83032.287,84930.0,81900.0,87210.0,84180.0
ISMN_SNOTEL_BuckFlat,0,39.134,-111.43722,14283.542,-78107.972,13140.0,-79230.0,15420.0,-76980.0
ISMN_SNOTEL_BuckPasture,0,40.84456,-110.66068,79421.74,112226.217,78300.0,111090.0,80550.0,113370.0
ISMN_SNOTEL_BugLake,0,41.68541,-111.41987,15201.006,205197.11,14070.0,204060.0,16350.0,206340.0
ISMN_SNOTEL_BurtsMillerRanch,0,40.98492,-110.85075,63259.679,127660.185,62130.0,126540.0,64380.0,128790.0
ISMN_SNOTEL_CascadeMountain,0,40.283,-111.60992,-637.983,49451.036,-1770.0,48330.0,510.0,50580.0
ISMN_SNOTEL_CastleValley,0,37.66098,-112.74093,-100467.247,-240993.033,-101610.0,-242130.0,-99330.0,-239850.0
ISMN_SNOTEL_ChalkCreek#1,0,40.85464,-111.04765,46780.245,113072.14,45660.0,111930.0,47910.0,114210.0
ISMN_SNOTEL_ChalkCreek#2,0,40.88529,-111.06954,44913.843,116464.381,43770.0,115320.0,46050.0,117600.0
ISMN_SNOTEL_Chepeta,0,40.77458,-110.0105,134388.777,105233.851,133260.0,104100.0,135510.0,106380.0
ISMN_SNOTEL_ClaytonSprings,0,37.9725,-111.83355,-20310.404,-207024.313,-21450.0,-208170.0,-19170.0,-205890.0
ISMN_SNOTEL_ClearCreek#1,0,39.86671,-111.28363,27275.331,3276.561,26130.0,2130.0,28410.0,4410.0
ISMN_SNOTEL_ClearCreek#2,0,39.89275,-111.25154,30009.58,6178.066,28860.0,5040.0,31140.0,7320.0
ISMN_SNOTEL_CurrantCreek,0,40.35747,-111.08993,43534.825,57844.641,42390.0,56700.0,44670.0,58980.0
ISMN_SNOTEL_Daniels-Strawberry,0,40.2953,-111.25677,29389.07,50873.481,28260.0,49740.0,30510.0,52020.0
ISMN_SNOTEL_DillsCamp,0,39.04554,-111.46875,11571.847,-87932.998,10440.0,-89070.0,12720.0,-86790.0
ISMN_SNOTEL_DonkeyReservoir,0,38.2084,-111.47412,11237.544,-180859.935,10110.0,-181980.0,12360.0,-179730.0
ISMN_SNOTEL_DryBreadPond,0,41.41289,-111.5377,5411.614,174920.544,4290.0,173790.0,6540.0,176070.0
ISMN_SNOTEL_DryFork,0,40.56533,-112.17343,-48357.626,80955.294,-49500.0,79830.0,-47220.0,82080.0
ISMN_SNOTEL_EFBlacksForkGS,0,40.88472,-110.54056,89497.747,116799.182,88350.0,115650.0,90630.0,117930.0
ISMN_SNOTEL_Farmington,0,40.97462,-111.80975,-17451.824,126270.312,-18600.0,125130.0,-16320.0,127410.0
ISMN_SNOTEL_FarmingtonLower,0,40.992,-111.81702,-18059.054,128201.727,-19200.0,127080.0,-16920.0,129330.0
ISMN_SNOTEL_FarnsworthLake,0,38.77246,-111.67662,-6448.535,-118254.097,-7590.0,-119400.0,-5310.0,-117120.0
ISMN_SNOTEL_FishLakeUtah,0,38.50455,-111.76693,-14350.527,-147983.054,-15480.0,-149130.0,-13230.0,-146850.0
ISMN_SNOTEL_FivePointsLake,0,40.71785,-110.46721,95917.989,98346.291,94770.0,97200.0,97050.0,99480.0
ISMN_SNOTEL_FranklinBasin,0,42.0505,-111.6012,100.855,245724.356,-1020.0,244590.0,1230.0,246870.0
ISMN_SNOTEL_GBRCHQ,0,39.32019,-111.48827,9843.508,-57444.096,8700.0,-58590.0,10980.0,-56310.0
ISMN_SNOTEL_GBRCMeadows,0,39.30229,-111.45383,12816.695,-59427.044,11670.0,-60570.0,13950.0,-58290.0
ISMN_SNOTEL_GardenCitySummit,0,41.9215,-111.4693,11044.735,231407.323,9900.0,230280.0,12180.0,232530.0
ISMN_SNOTEL_GardnerPeak,0,37.40083,-113.45988,-164477.792,-268811.987,-165600.0,-269940.0,-163350.0,-267690.0
ISMN_SNOTEL_GooseberryRS,0,38.80034,-111.68333,-7028.918,-115158.666,-8160.0,-116280.0,-5880.0,-114030.0
ISMN_SNOTEL_GooseberryRSUp,0,38.7882,-111.68892,-7515.808,-116505.867,-8640.0,-117630.0,-6390.0,-115380.0
ISMN_SNOTEL_GutzPeak,0,37.49617,-113.94235,-206922.854,-257248.637,-208050.0,-258390.0,-205800.0,-256110.0
ISMN_SNOTEL_Hardscrabble,0,40.86833,-111.71865,-9799.222,114453.436,-10920.0,113310.0,-8670.0,115590.0
ISMN_SNOTEL_HarrisFlat,0,37.48997,-112.57602,-86114.652,-260138.844,-87240.0,-261270.0,-84990.0,-258990.0
ISMN_SNOTEL_HaydenFork,0,40.79669,-110.88472,60571.164,106735.126,59430.0,105600.0,61710.0,107880.0
ISMN_SNOTEL_Hewinta,0,40.95009,-110.48419,94156.333,124115.816,93030.0,122970.0,95280.0,125250.0
ISMN_SNOTEL_HickersonPark,0,40.90663,-109.96287,138136.383,119968.351,137010.0,118830.0,139260.0,121110.0
ISMN_SNOTEL_HobbleCreek,0,40.18538,-111.35971,20669.815,38639.502,19530.0,37500.0,21810.0,39780.0
ISMN_SNOTEL_Hole-in-Rock,0,40.92167,-110.18623,119293.166,121316.31,118170.0,120180.0,120420.0,122460.0
ISMN_SNOTEL_HorseRidge,0,41.31372,-111.44624,13079.01,163917.426,11940.0,162780.0,14220.0,165060.0
ISMN_SNOTEL_HuntingtonHorse,0,39.61774,-111.30576,25473.34,-24372.928,24330.0,-25500.0,26610.0,-23250.0
ISMN_SNOTEL_JonesCorral,0,38.07125,-112.16788,-49621.602,-195935.455,-50760.0,-197070.0,-48480.0,-194790.0
ISMN_SNOTEL_KilfoilCreek,0,41.24764,-111.41249,15921.289,156584.911,14790.0,155460.0,17070.0,157710.0
ISMN_SNOTEL_KimberlyMine,0,38.48383,-112.39273,-68958.336,-149994.738,-70080.0,-151140.0,-67830.0,-148860.0
ISMN_SNOTEL_KingsCabin,0,40.71632,-109.54401,173911.957,99570.014,172770.0,98430.0,175050.0,100710.0
ISMN_SNOTEL_KlondikeNarrows,0,41.96769,-111.59713,438.43,236528.41,-690.0,235380.0,1560.0,237660.0
ISMN_SNOTEL_Kolob,0,37.52664,-113.05386,-128311.764,-255506.218,-129450.0,-256650.0,-127170.0,-254370.0
ISMN_SNOTEL_Lakefork#1,0,40.59709,-110.43316,98972.114,84974.615,97830.0,83850.0,100110.0,86100.0
ISMN_SNOTEL_LakeforkBasin,0,40.73785,-110.62121,82882.048,100413.014,81750.0,99270.0,84030.0,101550.0
ISMN_SNOTEL_LightningRidge,0,41.35891,-111.48749,9617.971,168930.414,8490.0,167790.0,10740.0,170070.0
ISMN_SNOTEL_LilyLake,0,40.86493,-110.79813,67809.681,114374.836,66660.0,113250.0,68940.0,115500.0
ISMN_SNOTEL_LittleBear,0,41.40562,-111.82607,-18703.459,174134.743,-19830.0,173010.0,-17580.0,175260.0
ISMN_SNOTEL_LittleGrassy,0,37.48631,-113.84582,-198415.404,-258557.796,-199560.0,-259680.0,-197280.0,-257430.0
ISMN_SNOTEL_LonesomeBeaver,0,38.07,-110.77241,72837.101,-195895.469,71700.0,-197040.0,73980.0,-194760.0
ISMN_SNOTEL_LongFlat,0,37.51255,-113.39661,-158637.207,-256528.615,-159780.0,-257670.0,-157500.0,-255390.0
ISMN_SNOTEL_LongValleyJct,0,37.48756,-112.51458,-80683.192,-260462.631,-81810.0,-261600.0,-79560.0,-259320.0
ISMN_SNOTEL_LookoutPeak,0,40.83731,-111.70965,-9044.646,111007.886,-10170.0,109860.0,-7920.0,112140.0
ISMN_SNOTEL_LostCreekResv,0,41.22155,-111.35947,20373.869,153698.488,19230.0,152550.0,21510.0,154830.0
ISMN_SNOTEL_LouisMeadow,0,40.83033,-111.76457,-13678.377,110239.782,-14820.0,109110.0,-12540.0,111360.0
ISMN_SNOTEL_Mammoth-Cottonwood,0,39.68338,-111.31818,24383.805,-17088.508,23250.0,-18210.0,25530.0,-15960.0
ISMN_SNOTEL_MerchantValley,0,38.30285,-112.43637,-72948.789,-170048.473,-74070.0,-171180.0,-71820.0,-168900.0
ISMN_SNOTEL_MidwayValley,0,37.56933,-112.83849,-109211.132,-251050.618,-110340.0,-252180.0,-108090.0,-249930.0
ISMN_SNOTEL_Mill-DNorth,0,40.65883,-111.63683,-2910.258,91183.958,-4050.0,90060.0,-1770.0,92310.0
ISMN_SNOTEL_MiningFork,0,40.49384,-112.61141,-85537.82,73344.855,-86670.0,72210.0,-84390.0,74490.0
ISMN_SNOTEL_MonteCristo,0,41.46547,-111.49688,8817.86,180762.716,7680.0,179640.0,9960.0,181890.0
ISMN_SNOTEL_MosbyMtn.,0,40.60798,-109.8881,145078.921,86927.488,143940.0,85800.0,146220.0,88050.0
ISMN_SNOTEL_MtBaldy,0,39.13648,-111.50527,8399.433,-77841.212,7260.0,-78990.0,9540.0,-76710.0
ISMN_SNOTEL_MtPennell,0,37.97793,-110.7933,71093.657,-206130.363,69960.0,-207270.0,72240.0,-204990.0
ISMN_SNOTEL_OakCreek,0,39.3485,-112.192,-50821.37,-54140.889,-51960.0,-55290.0,-49680.0,-53010.0
ISMN_SNOTEL_PanguitchLakeRS,0,37.70463,-112.65037,-92421.584,-236245.332,-93570.0,-237390.0,-91290.0,-235110.0
ISMN_SNOTEL_ParleysSummit,0,40.76184,-111.62917,-2258.98,102622.3,-3390.0,101490.0,-1110.0,103770.0
ISMN_SNOTEL_ParleysUpper,0,40.70194,-111.60619,-318.798,95970.466,-1440.0,94830.0,810.0,97110.0
ISMN_SNOTEL_ParrishCreek,0,40.93417,-111.81372,-17796.776,121779.319,-18930.0,120630.0,-16650.0,122910.0
ISMN_SNOTEL_PaysonR.S.,0,39.92976,-111.63109,-2450.925,10229.13,-3600.0,9090.0,-1320.0,11370.0
ISMN_SNOTEL_PickleKeg,0,39.01219,-111.58259,1717.351,-91643.736,570.0,-92790.0,2850.0,-90510.0
ISMN_SNOTEL_PineCreek,0,38.88185,-112.24915,-56117.388,-105912.283,-57240.0,-107040.0,-54990.0,-104790.0
ISMN_SNOTEL_PowderMountain,0,41.37428,-111.76673,-13747.553,170643.695,-14880.0,169500.0,-12600.0,171780.0
ISMN_SNOTEL_ReddenMineLwr,0,40.67505,-111.21765,32532.247,93054.519,31410.0,91920.0,33660.0,94200.0
ISMN_SNOTEL_ReesFlat,0,39.49667,-111.72508,-10551.055,-37849.731,-11700.0,-38970.0,-9420.0,-36720.0
ISMN_SNOTEL_RockCreek,0,40.54875,-110.69292,77040.996,79351.506,75900.0,78210.0,78180.0,80490.0
ISMN_SNOTEL_RockwoodGS,0,38.67101,-112.3305,-63363.086,-129263.121,-64500.0,-130410.0,-62220.0,-128130.0
ISMN_SNOTEL_RockyBasin-Settleme,0,40.44293,-112.22377,-52715.996,67392.499,-53850.0,66270.0,-51570.0,68520.0
ISMN_SNOTEL_SantaquinMeadows,0,39.92076,-111.71802,-9883.117,9235.806,-11010.0,8100.0,-8760.0,10380.0
ISMN_SNOTEL_SeeleyCreek,0,39.31042,-111.43297,14614.311,-58521.265,13470.0,-59670.0,15750.0,-57390.0
ISMN_SNOTEL_SmithMorehouse,0,40.78931,-111.09192,43089.274,105795.434,41940.0,104670.0,44220.0,106920.0
ISMN_SNOTEL_Snowbird,0,40.56914,-111.65852,-4750.918,81225.509,-5880.0,80100.0,-3630.0,82350.0
ISMN_SNOTEL_SpiritLk,0,40.83868,-110.00527,134701.352,112358.91,133560.0,111210.0,135840.0,113490.0
ISMN_SNOTEL_SteelCreekPark,0,40.90862,-110.50462,92493.638,119489.652,91350.0,118350.0,93630.0,120630.0
ISMN_SNOTEL_StrawberryDivide,0,40.16483,-111.20665,33714.954,36404.137,32580.0,35280.0,34860.0,37530.0
ISMN_SNOTEL_SunflowerFlat,0,38.048,-111.33981,23052.44,-198637.328,21930.0,-199770.0,24180.0,-197490.0
ISMN_SNOTEL_SuuRanch,0,37.59711,-112.92949,-117206.477,-247854.624,-118350.0,-249000.0,-116070.0,-246720.0
ISMN_SNOTEL_TempleFork,0,41.793,-111.54605,4686.094,217130.742,3540.0,216000.0,5820.0,218280.0
ISMN_SNOTEL_ThaynesCanyon,0,40.6235,-111.53322,5855.215,87262.531,4710.0,86130.0,6990.0,88410.0
ISMN_SNOTEL_ThistleFlat,0,39.23803,-111.51998,7117.333,-66568.538,5970.0,-67710.0,8250.0,-65430.0
ISMN_SNOTEL_Timberline,0,39.67712,-110.43395,100244.288,-17170.411,99120.0,-18300.0,101370.0,-16050.0
ISMN_SNOTEL_TimpanogosDivide,0,40.42817,-111.61633,-1180.575,65570.666,-2310.0,64440.0,-60.0,66720.0
ISMN_SNOTEL_TonyGroveLake,0,41.89833,-111.62957,-2253.595,228826.387,-3390.0,227700.0,-1110.0,229950.0
ISMN_SNOTEL_TonyGroveRS,0,41.88573,-111.56918,2759.264,227427.342,1620.0,226290.0,3900.0,228570.0
ISMN_SNOTEL_TrialLake,0,40.678,-110.94873,55266.649,93514.145,54120.0,92370.0,56400.0,94650.0
ISMN_SNOTEL_TroutCreek,0,40.739,-109.6728,162978.04,101845.32,161850.0,100710.0,164100.0,102990.0
ISMN_SNOTEL_UpperJoesValley,0,39.4155,-111.2491,30426.708,-46809.046,29280.0,-47940.0,31560.0,-45660.0
ISMN_SNOTEL_UsuDocDaniel,0,41.86425,-111.50603,8004.331,225045.836,6870.0,223920.0,9150.0,226170.0
ISMN_SNOTEL_WebsterFlat,0,37.575,-112.90155,-114773.389,-250343.729,-115920.0,-251490.0,-113640.0,-249210.0
ISMN_SNOTEL_WhiteRiver#1,0,39.9645,-110.98845,52455.837,14265.491,51330.0,13140.0,53580.0,15390.0
ISMN_SNOTEL_Widtsoe#3,0,37.83633,-111.88163,-24581.033,-222124.934,-25710.0,-223260.0,-23460.0,-220980.0
ISMN_SNOTEL_WilburBench,0,39.89166,-110.74604,73243.429,6347.762,72120.0,5220.0,74370.0,7470.0
ISMN_SNOTEL_WolfCreekPeak,0,40.47733,-111.04469,47294.165,71176.692,46170.0,70050.0,48420.0,72300.0
ISMN_SNOTEL_WrigleyCreek,0,39.13233,-111.35685,21233.07,-78277.535,20100.0,-79410.0,22380.0,-77130.0
ISMN_SNOTEL_YankeeReservoir,0,37.74797,-112.77495,-103346.95,-231301.501,-104490.0,-232440.0,-102210.0,-230160.0
ISMN_SNOTEL_ArapahoRidge,1,40.35098,-106.38141,-4469.189,34972.697,-5610.0,33840.0,-3330.0,36120.0
ISMN_SNOTEL_BerthoudSummit,1,39.80364,-105.77786,47181.197,-25657.849,46050.0,-26790.0,48330.0,-24510.0
ISMN_SNOTEL_BlackhallMtn,1,41.05623,-106.714,-32382.759,113355.773,-33510.0,112230.0,-31260.0,114480.0
ISMN_SNOTEL_BrooklynLake,1,41.36038,-106.23038,8236.41,147065.953,7110.0,145920.0,9360.0,148200.0
ISMN_SNOTEL_BuckskinJoe,1,39.30378,-106.11316,18600.416,-81278.148,17460.0,-82410.0,19740.0,-80130.0
ISMN_SNOTEL_Butte,1,38.89435,-106.95327,-54176.508,-126565.564,-55320.0,-127710.0,-53040.0,-125430.0
ISMN_SNOTEL_CinnabarPark,1,41.23843,-106.23101,8198.833,133523.322,7050.0,132390.0,9330.0,134670.0
ISMN_SNOTEL_DryLake,1,40.5337,-106.7814,-38346.85,55358.191,-39480.0,54210.0,-37200.0,56490.0
ISMN_SNOTEL_FremontPass,1,39.38014,-106.19784,11284.022,-72814.657,10140.0,-73950.0,12420.0,-71670.0
ISMN_SNOTEL_GrizzlyPeak,1,39.64646,-105.8694,39431.545,-43153.568,38310.0,-44280.0,40560.0,-42030.0
ISMN_SNOTEL_HighLonesome,1,40.0359,-105.75472,48997.106,142.846,47850.0,-990.0,50130.0,1290.0
ISMN_SNOTEL_HoosierPass,1,39.36092,-106.05999,23167.679,-74922.037,22020.0,-76050.0,24300.0,-73800.0
ISMN_SNOTEL_JackwhackerGulch,1,39.57096,-105.80355,45132.535,-51504.979,44010.0,-52650.0,46260.0,-50370.0
ISMN_SNOTEL_JonesPass,1,39.7645,-105.90655,36181.192,-30063.46,35040.0,-31200.0,37320.0,-28920.0
ISMN_SNOTEL_LittleSnakeRiver,1,41.07051,-106.94284,-51609.508,115049.58,-52740.0,113910.0,-50460.0,116190.0
ISMN_SNOTEL_LongDrawResv,1,40.51154,-105.7654,47750.728,52950.991,46620.0,51810.0,48900.0,54090.0
ISMN_SNOTEL_LostDog,1,40.81557,-106.74833,-35396.273,86644.381,-36540.0,85500.0,-34260.0,87780.0
ISMN_SNOTEL_MedBow,1,41.37833,-106.34697,-1519.77,149054.904,-2640.0,147930.0,-390.0,150180.0
ISMN_SNOTEL_MichiganCreek,1,39.43579,-105.91072,35993.801,-66560.585,34860.0,-67710.0,37140.0,-65430.0
ISMN_SNOTEL_MiddleForkCamp,1,39.79565,-106.02802,25761.379,-26646.886,24630.0,-27780.0,26910.0,-25500.0
ISMN_SNOTEL_ParkCone,1,38.81982,-106.58962,-22651.446,-134994.314,-23790.0,-136140.0,-21510.0,-133860.0
ISMN_SNOTEL_PhantomValley,1,40.39803,-105.84606,40983.241,40306.675,39840.0,39180.0,42120.0,41430.0
ISMN_SNOTEL_PorphyryCreek,1,38.48864,-106.33967,-948.078,-171789.297,-2070.0,-172920.0,180.0,-170640.0
ISMN_SNOTEL_RoughAndTumble,1,39.02611,-106.08063,21490.898,-112096.986,20370.0,-113220.0,22620.0,-110970.0
ISMN_SNOTEL_SageCreekBasin,1,41.40107,-107.2574,-77657.706,151986.139,-78780.0,150840.0,-76530.0,153120.0
ISMN_SNOTEL_SandstoneRS,1,41.11179,-107.17043,-70693.722,119790.071,-71820.0,118650.0,-69570.0,120930.0
ISMN_SNOTEL_Sawtooth,1,40.13632,-105.58486,63400.888,11399.691,62280.0,10260.0,64530.0,12540.0
ISMN_SNOTEL_SchofieldPass,1,39.01467,-107.04933,-62404.031,-113146.569,-63540.0,-114270.0,-61260.0,-112020.0
ISMN_SNOTEL_SouthBrushCreek,1,41.3295,-106.5025,-14542.2,143646.367,-15690.0,142500.0,-13410.0,144780.0
ISMN_SNOTEL_StillwaterCreek,1,40.22532,-105.9198,34811.37,21097.864,33690.0,19950.0,35940.0,22230.0
ISMN_SNOTEL_SummitRanch,1,39.71803,-106.1577,14671.106,-35294.312,13530.0,-36420.0,15810.0,-34170.0
ISMN_SNOTEL_UpperTaylor,1,38.99071,-106.74504,-36062.344,-115973.051,-37200.0,-117120.0,-34920.0,-114840.0
ISMN_SNOTEL_WildBasin,1,40.201,-105.6025,61838.998,18569.079,60690.0,17430.0,62970.0,19710.0
ISMN_SNOTEL_Zirkel,1,40.79492,-106.59544,-22503.634,84301.594,-23640.0,83160.0,-21360.0,85440.0
ISMN_iRON_BrushCreek,1,39.23353,-106.90815,-50021.253,-88938.266,-51150.0,-90060.0,-48900.0,-87810.0
ISMN_iRON_NorthstarAspenGrove,1,39.17067,-106.79944,-40671.61,-95971.684,-41820.0,-97110.0,-39540.0,-94830.0
ISMN_iRON_NorthstarTransitionZone,1,39.17114,-106.79917,-40648.006,-95919.628,-41790.0,-97050.0,-39510.0,-94770.0
ISMN_iRON_SkyMountain,1,39.22098,-106.91313,-50460.235,-90328.747,-51600.0,-91470.0,-49320.0,-89190.0
AmeriFlux_US-GLE,1,41.3665,-106.2399,7439.058,147744.742,6300.0,146610.0,8580.0,148890.0
AmeriFlux_US-xRM,1,40.2759,-105.5459,66584.638,26926.365,65460.0,25800.0,67710.0,28050.0
ISMN_TxSON_CR1000-1,2,30.4205,-98.8033,-3838.759,9725.311,-4980.0,8580.0,-2700.0,10860.0
ISMN_TxSON_CR1000-2,2,30.2454,-98.7059,5528.96,-9685.217,4380.0,-10830.0,6660.0,-8550.0
ISMN_TxSON_CR1000-3,2,30.2758,-98.7242,3766.465,-6315.911,2640.0,-7440.0,4890.0,-5190.0
ISMN_TxSON_CR1000-4,2,30.46,-98.9407,-17032.888,14116.853,-18180.0,12990.0,-15900.0,15240.0
ISMN_TxSON_CR1000-5,2,30.3989,-98.6105,14688.119,7339.929,13560.0,6210.0,15810.0,8460.0
ISMN_TxSON_CR1000-6,2,30.4421,-98.8427,-7622.52,12121.858,-8760.0,10980.0,-6480.0,13260.0
ISMN_TxSON_CR200-1,2,30.4376,-98.8059,-4087.848,11621.098,-5220.0,10500.0,-2940.0,12750.0
ISMN_TxSON_CR200-10,2,30.3072,-98.7703,-668.985,-2835.613,-1800.0,-3960.0,480.0,-1710.0
ISMN_TxSON_CR200-11,2,30.2317,-98.7685,-496.227,-11205.333,-1620.0,-12330.0,630.0,-10080.0
ISMN_TxSON_CR200-12,2,30.2108,-98.8331,-6716.12,-13520.189,-7860.0,-14670.0,-5580.0,-12390.0
ISMN_TxSON_CR200-13,2,30.4327,-98.8583,-9121.865,11080.924,-10260.0,9960.0,-7980.0,12210.0
ISMN_TxSON_CR200-14,2,30.4151,-98.8025,-3762.104,9126.644,-4890.0,7980.0,-2640.0,10260.0
ISMN_TxSON_CR200-15,2,30.2501,-98.7069,5432.453,-9164.238,4290.0,-10290.0,6570.0,-8040.0
ISMN_TxSON_CR200-16,2,30.2836,-98.7417,2082.48,-5451.673,960.0,-6600.0,3210.0,-4320.0
ISMN_TxSON_CR200-17,2,30.2754,-98.7268,3516.311,-6360.337,2370.0,-7500.0,4650.0,-5220.0
ISMN_TxSON_CR200-18,2,30.2456,-98.6988,6212.307,-9662.68,5070.0,-10800.0,7350.0,-8520.0
ISMN_TxSON_CR200-19,2,30.4175,-98.8542,-8729.348,9395.54,-9870.0,8250.0,-7590.0,10530.0
ISMN_TxSON_CR200-2,2,30.2896,-98.745,1764.878,-4786.584,630.0,-5910.0,2910.0,-3660.0
ISMN_TxSON_CR200-21,2,30.4218,-98.7839,-1974.838,9868.933,-3120.0,8730.0,-840.0,11010.0
ISMN_TxSON_CR200-22,2,30.4315,-98.8604,-9323.715,10948.063,-10470.0,9810.0,-8190.0,12090.0
ISMN_TxSON_CR200-23,2,30.2022,-98.6543,10499.932,-14470.588,9360.0,-15600.0,11640.0,-13350.0
ISMN_TxSON_CR200-24,2,30.2534,-98.699,6192.569,-8798.008,5070.0,-9930.0,7320.0,-7650.0
ISMN_TxSON_CR200-25,2,30.2492,-98.6995,6144.71,-9263.634,5010.0,-10410.0,7290.0,-8130.0
ISMN_TxSON_CR200-26,2,30.4193,-98.8046,-3963.708,9592.324,-5100.0,8460.0,-2820.0,10740.0
ISMN_TxSON_CR200-28,2,30.4613,-98.8451,-7851.518,14250.529,-9000.0,13110.0,-6720.0,15390.0
ISMN_TxSON_CR200-29,2,30.4487,-98.848,-8131.07,12853.899,-9270.0,11730.0,-6990.0,13980.0
ISMN_TxSON_CR200-3,2,30.4283,-98.8065,-4145.877,10590.126,-5280.0,9450.0,-3000.0,11730.0
ISMN_TxSON_CR200-4,2,30.4298,-98.7792,-1523.158,10755.737,-2670.0,9630.0,-390.0,11880.0
ISMN_TxSON_CR200-5,2,30.2381,-98.7701,-650.202,-10495.843,-1800.0,-11640.0,480.0,-9360.0
ISMN_TxSON_CR200-6,2,30.2383,-98.7037,5741.117,-10472.191,4620.0,-11610.0,6870.0,-9330.0
ISMN_TxSON_CR200-7,2,30.2318,-98.7084,5289.067,-11192.985,4140.0,-12330.0,6420.0,-10050.0
ISMN_TxSON_CR200-8,2,30.2834,-98.6864,7402.945,-5471.545,6270.0,-6600.0,8550.0,-4350.0
ISMN_TxSON_CR200-9,2,30.4319,-98.8133,-4798.973,10989.488,-5940.0,9840.0,-3660.0,12120.0
ISMN_TxSON_LCRA-1,2,30.4306,-98.6136,14385.576,10853.771,13260.0,9720.0,15510.0,12000.0
ISMN_TxSON_LCRA-2,2,30.4206,-98.8518,-8498.488,9739.022,-9630.0,8610.0,-7350.0,10860.0
ISMN_TxSON_LCRA-3,2,30.1713,-98.6136,14423.427,-17891.588,13290.0,-19020.0,15570.0,-16770.0
ISMN_TxSON_LCRA-4,2,30.3423,-98.8679,-10053.321,1060.09,-11190.0,-60.0,-8910.0,2190.0
ISMN_TxSON_LCRA-5,2,30.33,-98.6116,14592.618,-298.364,13470.0,-1440.0,15720.0,840.0
ISMN_TxSON_LCRA-6,2,30.2408,-98.6253,13287.152,-10188.512,12150.0,-11310.0,14430.0,-9060.0
ISMN_TxSON_LCRA-7,2,30.1658,-98.9498,-17960.323,-18496.087,-19110.0,-19620.0,-16830.0,-17370.0
ISMN_SCAN_BodieHills,3,38.26477,-119.12645,67576.533,-67732.323,66450.0,-68880.0,68700.0,-66600.0
ISMN_SNOTEL_BigMeadow,3,39.455,-119.9422,-3750.539,64115.099,-4890.0,62970.0,-2610.0,65250.0
ISMN_SNOTEL_BlueLakes,3,38.60801,-119.92455,-2258.123,-29914.417,-3390.0,-31050.0,-1110.0,-28770.0
ISMN_SNOTEL_CarsonPass,3,38.6927,-120.0022,-9010.988,-20508.291,-10140.0,-21630.0,-7890.0,-19380.0
ISMN_SNOTEL_CssLab,3,39.32565,-120.36807,-40479.672,49857.587,-41610.0,48720.0,-39330.0,51000.0
ISMN_SNOTEL_EbbettsPass,3,38.5497,-119.80468,8189.428,-36383.406,7050.0,-37530.0,9330.0,-35250.0
ISMN_SNOTEL_EchoPeak,3,38.849,-120.0795,-15701.777,-3146.823,-16830.0,-4290.0,-14580.0,-2010.0
ISMN_SNOTEL_FallenLeaf,3,38.93403,-120.0545,-13515.428,6288.65,-14640.0,5160.0,-12390.0,7410.0
ISMN_SNOTEL_ForestdaleCreek,3,38.68245,-119.9597,-5314.262,-21649.458,-6450.0,-22770.0,-4170.0,-20520.0
ISMN_SNOTEL_HagansMeadow,3,38.8519,-119.9374,-3365.928,-2839.665,-4500.0,-3960.0,-2220.0,-1710.0
ISMN_SNOTEL_HeavenlyValley,3,38.92431,-119.91641,-1542.292,5198.248,-2670.0,4050.0,-420.0,6330.0
ISMN_SNOTEL_HorseMeadow,3,38.83652,-119.88732,981.56,-4547.69,-150.0,-5670.0,2130.0,-3420.0
ISMN_SNOTEL_IndependenceCamp,3,39.45269,-120.29367,-34002.849,63931.25,-35130.0,62790.0,-32880.0,65070.0
ISMN_SNOTEL_IndependenceCreek,3,39.49001,-120.28226,-33003.203,68070.374,-34140.0,66930.0,-31860.0,69210.0
ISMN_SNOTEL_IndependenceLake,3,39.42752,-120.31342,-35715.579,61144.394,-36840.0,60000.0,-34590.0,62280.0
ISMN_SNOTEL_LeavittLake,3,38.27594,-119.61281,25009.48,-66737.28,23880.0,-67860.0,26130.0,-65610.0
ISMN_SNOTEL_LeavittMeadows,3,38.30367,-119.55111,30396.751,-63640.623,29250.0,-64770.0,31530.0,-62520.0
ISMN_SNOTEL_LittleValley,3,39.25259,-119.8771,1858.009,41642.812,720.0,40500.0,3000.0,42780.0
ISMN_SNOTEL_LobdellLake,3,38.43745,-119.36572,46526.542,-48713.09,45390.0,-49860.0,47670.0,-47580.0
ISMN_SNOTEL_MarletteLake,3,39.16395,-119.89672,164.643,31801.934,-960.0,30660.0,1290.0,32940.0
ISMN_SNOTEL_MonitorPass,3,38.6683,-119.6087,25231.884,-23182.152,24090.0,-24330.0,26370.0,-22050.0
ISMN_SNOTEL_MtRoseSkiArea,3,39.31573,-119.89473,335.91,48652.363,-810.0,47520.0,1470.0,49800.0
ISMN_SNOTEL_PalisadesTahoe,3,39.18986,-120.26576,-31718.603,34742.037,-32850.0,33600.0,-30570.0,35880.0
ISMN_SNOTEL_PoisonFlat,3,38.50576,-119.62624,23758.913,-41229.999,22620.0,-42360.0,24900.0,-40080.0
ISMN_SNOTEL_Rubicon#2,3,38.99927,-120.13139,-20163.83,13545.368,-21300.0,12420.0,-19020.0,14670.0
ISMN_SNOTEL_SonoraPass,3,38.31021,-119.6003,26091.832,-62929.782,24960.0,-64050.0,27240.0,-61800.0
ISMN_SNOTEL_SprattCreek,3,38.66627,-119.81741,7068.275,-23444.233,5940.0,-24570.0,8190.0,-22320.0
ISMN_SNOTEL_SummitMeadow,3,38.39747,-119.53522,31745.584,-53223.212,30600.0,-54360.0,32880.0,-52080.0
ISMN_SNOTEL_TahoeCityCross,3,39.17162,-120.15362,-22035.995,32684.139,-23160.0,31560.0,-20910.0,33810.0
ISMN_SNOTEL_Truckee#2,3,39.30087,-120.18407,-24622.322,47041.031,-25770.0,45900.0,-23490.0,48180.0
ISMN_SNOTEL_VirginiaLakesRidge,3,38.07298,-119.23433,58288.635,-89094.232,57150.0,-90240.0,59430.0,-87960.0
ISMN_SNOTEL_WardCreek#3,3,39.13545,-120.21865,-27669.809,28686.307,-28800.0,27540.0,-26520.0,29820.0
AmeriFlux_US-SHC,3,39.4315,-120.2398,-29374.971,61560.037,-30510.0,60420.0,-28230.0,62700.0
ISMN_SCAN_Alcalde,4,36.0908,-106.05668,-10984.81,-6609.646,-12120.0,-7740.0,-9840.0,-5460.0
ISMN_SNOTEL_Culebra#2,4,37.20939,-105.19988,65231.62,117759.077,64110.0,116610.0,66360.0,118890.0
ISMN_SNOTEL_ElkCabin,4,35.7073,-105.80584,11661.985,-49160.965,10530.0,-50310.0,12810.0,-48030.0
ISMN_SNOTEL_GallegosPeak,4,36.19418,-105.55742,33933.993,4920.342,32790.0,3780.0,35070.0,6060.0
ISMN_SNOTEL_GaritaPeak,4,36.00469,-106.54805,-55297.26,-15997.598,-56430.0,-17130.0,-54150.0,-14850.0
ISMN_SNOTEL_Palo,4,36.40869,-105.33038,54205.796,28825.789,53070.0,27690.0,55350.0,29970.0
ISMN_SNOTEL_Quemazon,4,35.92195,-106.39179,-41252.454,-25255.481,-42390.0,-26400.0,-40110.0,-24120.0
ISMN_SNOTEL_RioSantaBarbara,4,36.07196,-105.62949,27494.458,-8664.018,26370.0,-9810.0,28620.0,-7530.0
ISMN_SNOTEL_SantaFe,4,35.77154,-105.78487,13548.776,-42030.561,12420.0,-43170.0,14670.0,-40890.0
ISMN_SNOTEL_SenoritaDivide#2,4,36.00152,-106.83408,-81087.291,-16149.566,-82230.0,-17280.0,-79950.0,-15000.0
ISMN_SNOTEL_Shuree,4,36.78765,-105.2392,62080.974,70932.331,60960.0,69810.0,63210.0,72060.0
ISMN_SNOTEL_TaosPowderhorn,4,36.58195,-105.45617,42827.916,47989.086,41700.0,46860.0,43950.0,49110.0
ISMN_SNOTEL_TaosPueblo,4,36.54099,-105.35944,51511.945,43490.764,50370.0,42360.0,52650.0,44640.0
ISMN_SNOTEL_TresRitos,4,36.1279,-105.52706,36695.434,-2423.194,35550.0,-3570.0,37830.0,-1290.0
ISMN_SNOTEL_VacasLocas,4,36.02653,-106.81361,-79216.779,-13391.335,-80340.0,-14520.0,-78090.0,-12270.0
ISMN_SNOTEL_WesnerSprings,4,35.77584,-105.54337,35383.864,-41493.024,34260.0,-42630.0,36510.0,-40350.0
ISMN_USCRN_Los-Alamos-13-W,4,35.8584,-106.5214,-52992.132,-32244.252,-54120.0,-33390.0,-51870.0,-31110.0
AmeriFlux_US-Vcm,4,35.8884,-106.5321,-53938.235,-28909.722,-55080.0,-30030.0,-52800.0,-27780.0
AmeriFlux_US-Vcp,4,35.8642,-106.5967,-59788.997,-31557.258,-60930.0,-32700.0,-58650.0,-30420.0
ISMN_REMEDHUS_Canizal,5,41.19603,-5.35997,3224.633,-14572.462,2100.0,-15720.0,4350.0,-13440.0
ISMN_REMEDHUS_Carretoro,5,41.26504,-5.38049,1501.729,-6908.869,360.0,-8040.0,2640.0,-5760.0
ISMN_REMEDHUS_CasaPeriles,5,41.39392,-5.32146,6435.596,7407.268,5310.0,6270.0,7560.0,8550.0
ISMN_REMEDHUS_ConcejodelMonte,5,41.3001,-5.24704,12677.672,-3004.264,11550.0,-4140.0,13800.0,-1860.0
ISMN_REMEDHUS_ElCoto,5,41.38134,-5.42922,-2577.126,6007.729,-3720.0,4860.0,-1440.0,7140.0
ISMN_REMEDHUS_ElTomillar,5,41.34888,-5.49027,-7687.679,2406.292,-8820.0,1260.0,-6540.0,3540.0
ISMN_REMEDHUS_Granja-g,5,41.30582,-5.37566,1905.284,-2379.768,780.0,-3510.0,3030.0,-1230.0
ISMN_REMEDHUS_Guarrati,5,41.2892,-5.46713,-5756.336,-4223.559,-6900.0,-5370.0,-4620.0,-3090.0
ISMN_REMEDHUS_LaCruzdeElias,5,41.28546,-5.30003,8241.48,-4636.538,7110.0,-5760.0,9390.0,-3510.0
ISMN_REMEDHUS_LasArenas,5,41.37338,-5.5485,-12556.239,5134.048,-13680.0,3990.0,-11430.0,6270.0
ISMN_REMEDHUS_LasBrozas,5,41.44649,-5.3587,3318.454,13243.7,2190.0,12120.0,4440.0,14370.0
ISMN_REMEDHUS_LasEritas,5,41.20548,-5.41558,-1440.019,-13523.533,-2580.0,-14670.0,-300.0,-12390.0
ISMN_REMEDHUS_LasTresRayas,5,41.27473,-5.5919,-16211.417,-5814.857,-17340.0,-6960.0,-15090.0,-4680.0
ISMN_REMEDHUS_LasVacas,5,41.34709,-5.22474,14534.914,2217.932,13410.0,1080.0,15660.0,3360.0
ISMN_REMEDHUS_LasVictorias,5,41.42413,-5.37403,2038.099,10759.881,900.0,9630.0,3180.0,11880.0
ISMN_REMEDHUS_LlanosdelaBoveda,5,41.35757,-5.33113,5630.0,3369.529,4500.0,2220.0,6750.0,4500.0
ISMN_REMEDHUS_Paredinas,5,41.45586,-5.411,-1051.85,14283.673,-2190.0,13140.0,90.0,15420.0
ISMN_REMEDHUS_Zamarron,5,41.23923,-5.54427,-12227.37,-9765.22,-13350.0,-10890.0,-11100.0,-8640.0
ISMN_ARM_Anthony,6,37.2134,-98.0969,-50848.946,67245.087,-51990.0,66120.0,-49710.0,68370.0
ISMN_ARM_Ashton,6,37.133,-97.266,22929.195,58201.704,21780.0,57060.0,24060.0,59340.0
ISMN_ARM_Byron,6,36.881,-98.285,-67838.969,30472.855,-68970.0,29340.0,-66690.0,31620.0
ISMN_ARM_Lamont-CF1,6,36.605,-97.485,3493.176,-422.756,2370.0,-1560.0,4620.0,720.0
ISMN_ARM_Lamont-CF2,6,36.607,-97.488,3224.683,-200.92,2100.0,-1350.0,4350.0,930.0
ISMN_ARM_MapleCity,6,37.0694,-97.7606,-21037.501,51138.639,-22170.0,50010.0,-19890.0,52260.0
ISMN_ARM_Marshall,6,36.1166,-97.5112,1156.265,-54619.119,30.0,-55740.0,2280.0,-53490.0
ISMN_ARM_Medford,6,36.819,-97.8199,-26397.103,23365.058,-27540.0,22230.0,-25260.0,24510.0
ISMN_ARM_Morrison,6,36.37354,-97.06905,40829.196,-26012.051,39690.0,-27150.0,41970.0,-24870.0
ISMN_ARM_Newkirk,6,36.926,-97.082,39385.266,35289.183,38250.0,34140.0,40530.0,36420.0
ISMN_ARM_Ringwood,6,36.431,-98.284,-68144.572,-19463.967,-69270.0,-20610.0,-67020.0,-18330.0
ISMN_ARM_Tryon,6,35.8615,-97.0695,41054.895,-82828.423,39930.0,-83970.0,42180.0,-81690.0
ISMN_ARM_Waukomis,6,36.311,-97.928,-36278.476,-32972.163,-37410.0,-34110.0,-35130.0,-31830.0
ISMN_SCAN_Abrams,6,37.1313,-97.0859,38933.267,58070.951,37800.0,56940.0,40080.0,59220.0
ISMN_USCRN_Stillwater-2-W,6,36.1181,-97.0914,38950.254,-54365.688,37830.0,-55500.0,40080.0,-53220.0
ISMN_USCRN_Stillwater-5-WNW,6,36.1346,-97.1082,37429.942,-52541.465,36300.0,-53670.0,38550.0,-51420.0
AmeriFlux_US-ARM,6,36.6058,-97.4888,3153.158,-334.111,2010.0,-1470.0,4290.0,810.0
ISMN_Berlin_DWDBerlin-Spaeth,7,52.45366,13.4577,-69.681,-2944.925,-1200.0,-4080.0,1080.0,-1800.0
ISMN_Berlin_DWDBerlinTempel,7,52.45388,13.4312,-1871.184,-2920.089,-3000.0,-4050.0,-750.0,-1800.0
ISMN_Berlin_PSA14wiltinger,7,52.63489,13.28991,-11429.179,17235.225,-12570.0,16110.0,-10290.0,18360.0
ISMN_Berlin_PSA15bucherchaus,7,52.62005,13.48854,2019.231,15570.935,870.0,14430.0,3150.0,16710.0
ISMN_Berlin_PSA16krugwiesen,7,52.56089,13.52688,4622.032,8989.473,3480.0,7860.0,5760.0,10110.0
ISMN_Berlin_PSA17suedpark,7,52.40145,13.51,3489.873,-8753.387,2340.0,-9900.0,4620.0,-7620.0
ISMN_Berlin_PSA18Pfaueninsel,7,52.43147,13.12135,-22946.708,-5360.695,-24090.0,-6510.0,-21810.0,-4230.0
ISMN_Berlin_PSA1BerlinerStr,7,52.43899,13.2726,-12657.257,-4561.08,-13800.0,-5700.0,-11520.0,-3420.0
ISMN_Berlin_PSA2Tiergarten,7,52.51474,13.36619,-6281.974,3855.858,-7410.0,2730.0,-5160.0,4980.0
ISMN_Berlin_PSA4Heerstrasse,7,52.50821,13.24764,-14332.146,3146.095,-15480.0,2010.0,-13200.0,4290.0
ISMN_Berlin_PSA6Plaenterwald,7,52.47629,13.48714,1930.707,-426.366,810.0,-1560.0,3060.0,720.0
ISMN_Berlin_PSA7Ruebezahl,7,52.42399,13.6251,11318.018,-6233.479,10170.0,-7380.0,12450.0,-5100.0
ISMN_Berlin_PflABerlin11Humb,7,52.54434,13.38112,-5264.876,7148.474,-6390.0,6000.0,-4140.0,8280.0
ISMN_Berlin_PflABerlin12Schi,7,52.50847,13.42852,-2050.835,3154.566,-3180.0,2010.0,-930.0,4290.0
ISMN_Berlin_PflABerlin13Marz,7,52.54064,13.57653,7992.792,6740.428,6870.0,5610.0,9120.0,7890.0
ISMN_MOL-RAO_Falkenberg,7,52.16694,14.12417,45530.412,-34640.283,44400.0,-35790.0,46680.0,-33510.0
ISMN_SNOTEL_BearCreek,8,41.83391,-115.45278,20191.941,16975.656,19050.0,15840.0,21330.0,18120.0
ISMN_SNOTEL_BigBend,8,41.76168,-115.6931,229.769,8924.744,-900.0,7800.0,1350.0,10050.0
ISMN_SNOTEL_DrawCreek,8,41.661,-115.3234,31021.948,-2190.752,29880.0,-3330.0,32160.0,-1050.0
ISMN_SNOTEL_FawnCreek,8,41.82098,-116.10153,-33703.811,15590.23,-34830.0,14460.0,-32580.0,16740.0
ISMN_SNOTEL_FryCanyon,8,41.58008,-115.9364,-20059.091,-11217.129,-21180.0,-12360.0,-18930.0,-10080.0
ISMN_SNOTEL_JackCreekUpper,8,41.54675,-116.00517,-25807.246,-14900.688,-26940.0,-16050.0,-24660.0,-13770.0
ISMN_SNOTEL_JacksPeak,8,41.5136,-116.0117,-26365.527,-18580.488,-27510.0,-19710.0,-25230.0,-17460.0
ISMN_SNOTEL_LaurelDraw,8,41.77637,-116.02957,-27744.441,10609.89,-28890.0,9480.0,-26610.0,11730.0
ISMN_SNOTEL_ONeilCreek,8,41.86411,-115.08251,50924.417,20482.311,49800.0,19350.0,52050.0,21630.0
ISMN_SNOTEL_PoleCreekR.S.,8,41.87255,-115.24713,37251.933,21335.734,36120.0,20190.0,38400.0,22470.0
ISMN_SNOTEL_SeventysixCreek,8,41.73732,-115.47215,18610.82,6243.195,17490.0,5100.0,19740.0,7380.0
ISMN_SNOTEL_TaylorCanyon,8,41.2287,-116.0293,-27956.472,-50216.189,-29100.0,-51360.0,-26820.0,-49080.0
ISMN_SNOTEL_ToeJam,8,41.3187,-116.3408,-53998.915,-40073.634,-55140.0,-41220.0,-52860.0,-38940.0
ISMN_SNOTEL_WilsonCreek,8,42.01257,-115.00278,57410.945,37021.627,56280.0,35880.0,58560.0,38160.0
ISMN_XMS-CAT_BatlliudeSort,9,42.42841,1.1244,-10180.399,21968.99,-11310.0,20820.0,-9060.0,23100.0
ISMN_XMS-CAT_BordaColl,9,42.4142,1.46531,17878.158,20405.875,16740.0,19260.0,19020.0,21540.0
ISMN_XMS-CAT_CamidelsNerets,9,42.1554,0.9255,-26663.155,-8313.747,-27810.0,-9450.0,-25530.0,-7170.0
ISMN_XMS-CAT_Clarella,9,42.11946,2.28235,85524.333,-11839.44,84390.0,-12960.0,86670.0,-10710.0
ISMN_XMS-CAT_ClotdelesPeresII,9,42.15623,0.83767,-33921.666,-8190.47,-35070.0,-9330.0,-32790.0,-7050.0
ISMN_XMS-CAT_ColldePaller,9,42.19748,1.24688,-101.508,-3689.882,-1230.0,-4830.0,1020.0,-2550.0
ISMN_XMS-CAT_ElBoixer,9,42.39871,0.95839,-23853.059,18702.941,-24990.0,17580.0,-22710.0,19830.0
ISMN_XMS-CAT_ElMiracle,9,41.91393,1.5276,23187.113,-35147.268,22050.0,-36270.0,24330.0,-34020.0
ISMN_XMS-CAT_LaCultiadAreu,9,42.58803,1.3299,6713.779,39695.783,5580.0,38550.0,7860.0,40830.0
ISMN_XMS-CAT_Llivia,9,42.46915,1.97235,59560.622,26739.446,58440.0,25590.0,60690.0,27870.0
ISMN_XMS-CAT_LosCoscolls,9,42.14571,0.98318,-21899.348,-9406.435,-23040.0,-10530.0,-20760.0,-8280.0
ISMN_XMS-CAT_Pessonada,9,42.218,1.0196,-18867.355,-1385.382,-20010.0,-2520.0,-17730.0,-240.0
ISMN_XMS-CAT_RiberadeSio,9,41.80319,0.90969,-28124.369,-47429.551,-29250.0,-48570.0,-27000.0,-46290.0
ISMN_XMS-CAT_SerradeCostaAmpla,9,42.2112,0.8939,-29249.125,-2105.365,-30390.0,-3240.0,-28110.0,-960.0
ISMN_FMI_SOD011,10,67.36187,26.63378,-1665.542,2503.179,-2790.0,1380.0,-540.0,3630.0
ISMN_FMI_SOD012,10,67.36179,26.63378,-1665.548,2494.257,-2790.0,1350.0,-540.0,3630.0
ISMN_FMI_SOD013,10,67.36195,26.63378,-1665.537,2512.101,-2790.0,1380.0,-540.0,3660.0
ISMN_FMI_SOD071,10,67.35687,26.68492,532.088,1945.079,-600.0,810.0,1680.0,3090.0
ISMN_FMI_SOD072,10,67.35693,26.68506,538.104,1951.771,-600.0,810.0,1680.0,3090.0
ISMN_FMI_SOD073,10,67.35681,26.68478,526.072,1938.386,-600.0,810.0,1650.0,3060.0
ISMN_FMI_SOD081,10,67.38425,26.62529,-2028.464,4999.405,-3150.0,3870.0,-900.0,6120.0
ISMN_FMI_SOD083,10,67.38431,26.62515,-2034.469,5006.101,-3180.0,3870.0,-900.0,6150.0
ISMN_FMI_SOD101,10,67.35919,26.68595,576.301,2203.83,-570.0,1080.0,1710.0,3330.0
ISMN_FMI_SOD102,10,67.35922,26.68595,576.3,2207.176,-570.0,1080.0,1710.0,3330.0
ISMN_FMI_SOD103,10,67.35917,26.68594,575.872,2201.599,-570.0,1080.0,1710.0,3330.0
ISMN_FMI_SOD130,10,67.25729,26.74857,3281.333,-9158.744,2160.0,-10290.0,4410.0,-8010.0
ISMN_FMI_SOD140,10,67.15288,26.72914,2453.369,-20803.942,1320.0,-21930.0,3600.0,-19680.0
ISMN_SCAN_AlkaliMesa,11,37.67455,-109.36429,-5632.432,-39889.625,-6780.0,-41010.0,-4500.0,-38760.0
ISMN_SCAN_Eastland,11,37.77853,-109.17193,11321.531,-28342.866,10200.0,-29490.0,12450.0,-27210.0
ISMN_SCAN_HarmsWay,11,38.31347,-109.23998,5288.06,31027.924,4140.0,29880.0,6420.0,32160.0
ISMN_SCAN_MccrackenMesa,11,37.44671,-109.33776,-3302.034,-65178.443,-4440.0,-66300.0,-2160.0,-64050.0
ISMN_SCAN_WestSummit,11,38.01394,-109.12745,15191.594,-2207.312,14070.0,-3330.0,16320.0,-1080.0
ISMN_SNOTEL_BuckboardFlat,11,37.86943,-109.44717,-12910.087,-18251.212,-14040.0,-19380.0,-11790.0,-17130.0
ISMN_SNOTEL_CampJackson,11,37.81333,-109.48723,-16447.319,-24471.664,-17580.0,-25620.0,-15300.0,-23340.0
ISMN_SNOTEL_GoldBasin,11,38.46516,-109.26332,3240.038,47864.834,2100.0,46740.0,4380.0,48990.0
ISMN_SNOTEL_LasalMountain,11,38.48226,-109.27198,2483.642,49762.732,1350.0,48630.0,3630.0,50910.0
ISMN_SNOTEL_LasalMountain-Lower,11,38.48167,-109.29164,768.204,49696.896,-360.0,48570.0,1890.0,50820.0
ISMN_SNOTEL_Cascade#2,12,37.65751,-107.80287,-25054.035,4402.629,-26190.0,3270.0,-23910.0,5550.0
ISMN_SNOTEL_LilyPond,12,37.38028,-106.54823,85969.686,-25962.124,84840.0,-27090.0,87090.0,-24840.0
ISMN_SNOTEL_LizardHeadPass,12,37.79895,-107.92475,-35740.653,20140.475,-36870.0,19020.0,-34620.0,21270.0
ISMN_SNOTEL_LoneCone,12,37.89169,-108.19636,-59586.874,30571.385,-60720.0,29430.0,-58440.0,31710.0
ISMN_SNOTEL_Sharkstooth,12,37.50356,-108.11405,-52620.047,-12555.814,-53760.0,-13680.0,-51480.0,-11430.0
ISMN_SNOTEL_Slumgullion,12,37.99076,-107.20392,27672.456,41399.476,26550.0,40260.0,28800.0,42540.0
ISMN_SNOTEL_UpperRioGrande,12,37.72172,-107.25971,22854.326,11523.027,21720.0,10380.0,24000.0,12660.0
ISMN_SNOTEL_UpperSanJuan,12,37.48563,-106.83528,60463.39,-14492.713,59340.0,-15630.0,61590.0,-13350.0
ISMN_SNOTEL_WolfCreekSummit,12,37.47903,-106.80234,63382.134,-15203.593,62250.0,-16350.0,64530.0,-14070.0
ISMN_USCRN_Cortez-8-SE,12,37.2553,-108.5035,-87341.306,-39819.746,-88470.0,-40950.0,-86220.0,-38670.0
ISMN_SNOTEL_AtlantaSummit,13,43.7569,-115.23907,-56033.262,-10540.845,-57180.0,-11670.0,-54900.0,-9420.0
ISMN_SNOTEL_BannerSummit,13,44.30342,-115.23447,-55154.666,50179.565,-56280.0,49050.0,-54030.0,51300.0
ISMN_SNOTEL_BearCanyon,13,43.74367,-113.93797,48757.347,-12067.866,47610.0,-13200.0,49890.0,-10920.0
ISMN_SNOTEL_ChocolateGulch,13,43.7685,-114.41812,10077.377,-9479.193,8940.0,-10620.0,11220.0,-8340.0
ISMN_SNOTEL_CouchSummit,13,43.51762,-114.80214,-20929.719,-37328.35,-22050.0,-38460.0,-19800.0,-36180.0
ISMN_SNOTEL_GalenaSummit,13,43.87497,-114.71363,-13691.939,2357.022,-14820.0,1230.0,-12570.0,3480.0
ISMN_SNOTEL_HiltsCreek,13,44.01896,-113.47242,85859.406,18896.216,84720.0,17760.0,87000.0,20040.0
ISMN_SNOTEL_JacksonPeak,13,44.05092,-115.44322,-72117.737,22284.372,-73260.0,21150.0,-70980.0,23430.0
ISMN_SNOTEL_StickneyMill,13,43.86117,-114.20902,26871.907,863.773,25740.0,-270.0,28020.0,2010.0
ISMN_SNOTEL_SwedePeak,13,43.626,-113.96887,46358.906,-25159.203,45210.0,-26280.0,47490.0,-24030.0
ISMN_SCAN_AAMU-JTG,14,34.78534,-86.55906,-5599.746,7042.693,-6720.0,5910.0,-4470.0,8190.0
ISMN_SCAN_AllenFarms,14,35.0747,-86.8938,-36110.379,39213.108,-37260.0,38070.0,-34980.0,40350.0
ISMN_SCAN_BraggFarm,14,34.89375,-86.60236,-9550.321,19072.657,-10680.0,17940.0,-8430.0,20220.0
ISMN_SCAN_Cullman-NAHRC,14,34.19492,-86.79897,-27752.588,-58413.907,-28890.0,-59550.0,-26610.0,-57270.0
ISMN_SCAN_EastviewFarm,14,35.13905,-86.19113,27955.342,46323.812,26820.0,45180.0,29100.0,47460.0
ISMN_SCAN_Hodges,14,34.4448,-86.16557,30539.113,-30686.228,29400.0,-31830.0,31680.0,-29550.0
ISMN_SCAN_McAllisterFarm,14,35.06445,-86.59137,-8528.106,38009.02,-9660.0,36870.0,-7380.0,39150.0
ISMN_SCAN_StanleyFarm,14,34.43333,-86.68333,-17045.405,-31993.116,-18180.0,-33120.0,-15900.0,-30870.0
ISMN_SCAN_Wtars,14,34.9,-86.53333,-3240.295,19761.647,-4380.0,18630.0,-2100.0,20910.0
ISMN_USCRN_Gadsden-19-N,14,34.2851,-85.9621,49331.373,-48321.322,48210.0,-49470.0,50460.0,-47190.0
ISMN_SCAN_Charkiln,15,36.36651,-115.82047,-13314.868,735.67,-14460.0,-390.0,-12180.0,1860.0
ISMN_SCAN_KyleCanyon,15,36.26527,-115.60852,5713.878,-10506.727,4590.0,-11640.0,6840.0,-9360.0
ISMN_SCAN_LovellSummit,15,36.16555,-115.61195,5412.516,-21572.173,4290.0,-22710.0,6540.0,-20430.0
ISMN_SCAN_PineNut,15,36.57285,-115.20422,41879.119,23723.578,40740.0,22590.0,43020.0,24870.0
ISMN_SCAN_TroughSprings,15,36.37355,-115.78127,-9796.001,1512.203,-10920.0,390.0,-8670.0,2640.0
ISMN_SNOTEL_BristleconeTrail,15,36.31575,-115.69543,-2094.561,-4906.857,-3240.0,-6030.0,-960.0,-3780.0
ISMN_SNOTEL_LeeCanyon,15,36.30537,-115.67508,-267.109,-6058.919,-1410.0,-7200.0,870.0,-4920.0
ISMN_SNOTEL_RainbowCanyon,15,36.2493,-115.62972,3809.607,-12279.86,2670.0,-13410.0,4950.0,-11130.0
ISMN_USCRN_Mercury-3-SSW,15,36.624,-116.0225,-31342.193,29355.259,-32490.0,28230.0,-30210.0,30480.0
ISMN_TERENO_Gevenich,16,50.9892,6.32355,5876.741,28671.77,4740.0,27540.0,7020.0,29820.0
ISMN_TERENO_Merzenhausen,16,50.9303,6.29747,4050.657,22117.59,2910.0,20970.0,5190.0,23250.0
ISMN_TERENO_Schoeneseiffen,16,50.5149,6.37559,9627.405,-24085.493,8490.0,-25230.0,10770.0,-22950.0
ISMN_TERENO_Selhausen,16,50.8691,6.44954,14760.946,15328.634,13620.0,14190.0,15900.0,16470.0
ICOS_BE-Maa,16,50.97987,5.631851,-42698.537,27805.594,-43830.0,26670.0,-41550.0,28950.0
ICOS_BE-Vie,16,50.304962,5.998099,-17222.791,-47419.192,-18360.0,-48540.0,-16080.0,-46290.0
ICOS_DE-RuR,16,50.621914,6.304126,4548.376,-12188.06,3420.0,-13320.0,5670.0,-11040.0
ICOS_DE-RuS,16,50.865906,6.4471445,14593.31,14972.843,13470.0,13830.0,15720.0,16110.0
ICOS_DE-RuW,16,50.50493,6.3309627,6463.492,-25199.381,5340.0,-26340.0,7590.0,-24060.0
ISMN_SCAN_WalnutGulch#1,17,31.73333,-110.05,23120.215,-521.991,21990.0,-1650.0,24270.0,600.0
ISMN_SOILSCAPE_Lucky-Hills-1503,17,31.74302,-110.05263,22868.606,551.905,21720.0,-570.0,24000.0,1680.0
ISMN_SOILSCAPE_Lucky-Hills-1506,17,31.74404,-110.05301,22832.349,664.925,21690.0,-480.0,23970.0,1800.0
ISMN_USCRN_Elgin-5-S,17,31.5907,-110.5087,-20379.788,-16342.749,-21510.0,-17490.0,-19230.0,-15210.0
AmeriFlux_US-SRG,17,31.7894,-110.8277,-50548.194,5792.722,-51690.0,4650.0,-49410.0,6930.0
AmeriFlux_US-SRM,17,31.8214,-110.8661,-54166.291,9359.349,-55290.0,8220.0,-53040.0,10500.0
AmeriFlux_US-Whs,17,31.7438,-110.0522,22909.159,638.483,21780.0,-510.0,24030.0,1770.0
AmeriFlux_US-Wkg,17,31.7365,-109.9419,33363.178,-142.602,32220.0,-1290.0,34500.0,990.0
ISMN_SNOTEL_CorralCanyon,18,40.27551,-115.54017,-19579.906,-45272.603,-20700.0,-46410.0,-18450.0,-44130.0
ISMN_SNOTEL_DorseyBasin,18,40.89343,-115.21104,8335.414,23324.08,7200.0,22200.0,9480.0,24450.0
ISMN_SNOTEL_DryCreek,18,40.8638,-115.22014,7571.917,20032.819,6450.0,18900.0,8700.0,21180.0
ISMN_SNOTEL_GreenMountain,18,40.3848,-115.52757,-18478.44,-33139.647,-19620.0,-34260.0,-17340.0,-32010.0
ISMN_SNOTEL_Hole-in-Mountain,18,40.94168,-115.0954,18067.386,28699.637,16920.0,27570.0,19200.0,29820.0
ISMN_SNOTEL_Lamoille#3,18,40.6448,-115.3812,-6026.524,-4288.33,-7170.0,-5430.0,-4890.0,-3150.0
ISMN_SNOTEL_LamoilleUpper,18,40.59965,-115.37902,-5846.059,-9302.235,-6990.0,-10440.0,-4710.0,-8160.0
ISMN_SNOTEL_PoleCanyon,18,40.86293,-115.12067,15958.28,19949.481,14820.0,18810.0,17100.0,21090.0
ISMN_FLUXNET-AMERIFLUX_BouldinIslandAlfalfa,19,38.09915,-121.49933,12487.055,-415.147,11340.0,-1560.0,13620.0,720.0
AmeriFlux_US-Bi1,19,38.0992,-121.4993,12489.678,-409.593,11340.0,-1530.0,13620.0,720.0
AmeriFlux_US-Bi2,19,38.1091,-121.5351,9348.261,685.098,8220.0,-450.0,10470.0,1830.0
AmeriFlux_US-DS2,19,38.1375,-121.514,11194.445,3839.787,10050.0,2700.0,12330.0,4980.0
AmeriFlux_US-Dmg,19,38.0015,-121.6691,-2407.347,-11263.235,-3540.0,-12390.0,-1260.0,-10140.0
AmeriFlux_US-Hsm,19,38.2368,-122.0212,-33225.716,14922.071,-34350.0,13800.0,-32100.0,16050.0
AmeriFlux_US-Sne,19,38.0369,-121.7547,-9920.869,-7328.285,-11070.0,-8460.0,-8790.0,-6180.0
AmeriFlux_US-Tw4,19,38.1027,-121.6413,34.295,-30.635,-1110.0,-1170.0,1170.0,1110.0
ISMN_TWENTE_Hupsel,20,52.06747,6.65677,-491.474,-20514.478,-1620.0,-21660.0,630.0,-19380.0
ISMN_TWENTE_ITCSM-07b,20,52.37328,6.96228,20318.737,13555.195,19170.0,12420.0,21450.0,14700.0
ISMN_TWENTE_ITCSM-08b,20,52.13578,6.74507,5555.169,-12910.582,4410.0,-14040.0,6690.0,-11790.0
ISMN_TWENTE_ITCSM-09,20,52.14639,6.84306,12261.611,-11717.994,11130.0,-12840.0,13410.0,-10590.0
ISMN_TWENTE_ITCSM-13,20,52.19389,6.4175,-16851.533,-6419.169,-18000.0,-7560.0,-15720.0,-5280.0
ISMN_TWENTE_ITCSM-15b,20,52.31036,6.61053,-3642.471,6513.458,-4770.0,5370.0,-2520.0,7650.0
ISMN_TWENTE_ITCSM-16b,20,52.36781,6.53525,-8765.37,12912.552,-9900.0,11790.0,-7620.0,14040.0
ISMN_TWENTE_ITCSM-17c,20,52.41877,6.5407,-8384.5,18582.446,-9510.0,17460.0,-7260.0,19710.0
ISMN_SCAN_LosLunasPMC,21,34.7715,-106.76288,-19025.188,37271.932,-20160.0,36150.0,-17880.0,38400.0
ISMN_SCAN_Sevilleta,21,34.35813,-106.69127,-12531.576,-8595.211,-13680.0,-9720.0,-11400.0,-7470.0
ISMN_USCRN_Socorro-20-N,21,34.3557,-106.8859,-30437.397,-8823.708,-31560.0,-9960.0,-29310.0,-7680.0
AmeriFlux_US-Mpj,21,34.4385,-106.2377,29166.733,357.294,28020.0,-780.0,30300.0,1500.0
AmeriFlux_US-Seg,21,34.3623,-106.702,-13518.014,-8131.265,-14640.0,-9270.0,-12390.0,-6990.0
AmeriFlux_US-Ses,21,34.3349,-106.7442,-17405.666,-11164.306,-18540.0,-12300.0,-16260.0,-10020.0
AmeriFlux_US-Wjs,21,34.4255,-105.8615,63751.456,-913.086,62610.0,-2040.0,64890.0,210.0
ISMN_SNOTEL_BerryCreek,22,39.31917,-114.62278,-4608.971,9147.129,-5730.0,8010.0,-3480.0,10290.0
ISMN_SNOTEL_BirdCreek,22,39.46138,-114.64863,-6824.334,24937.263,-7950.0,23790.0,-5700.0,26070.0
ISMN_SNOTEL_CaveMountain,22,39.16337,-114.6133,-3799.838,-8150.235,-4920.0,-9300.0,-2670.0,-7020.0
ISMN_SNOTEL_Kalamazoo,22,39.5579,-114.62762,-5009.266,35651.961,-6150.0,34530.0,-3870.0,36780.0
ISMN_SNOTEL_WardMountain,22,39.13242,-114.95575,-33411.153,-11516.237,-34560.0,-12660.0,-32280.0,-10380.0
ISMN_SNOTEL_WheelerPeak,22,39.00995,-114.31021,22443.741,-25151.502,21300.0,-26280.0,23580.0,-24030.0
ISMN_USCRN_Baker-5-W,22,39.0118,-114.209,31209.067,-24916.306,30060.0,-26040.0,32340.0,-23790.0
ISMN_SNOTEL_MudFlat,23,42.6004,-116.55925,15328.589,-46765.846,14190.0,-47910.0,16470.0,-45630.0
ISMN_SNOTEL_ReynoldsCreek,23,43.28863,-116.8431,-7878.011,29678.338,-9000.0,28530.0,-6750.0,30810.0
ISMN_SNOTEL_SouthMtn.,23,42.76476,-116.90029,-12626.266,-28513.032,-13770.0,-29640.0,-11490.0,-27390.0
AmeriFlux_US-Rls,23,43.1439,-116.7356,848.569,13594.871,-300.0,12450.0,1980.0,14730.0
AmeriFlux_US-Rms,23,43.0645,-116.7486,-209.26,4773.914,-1350.0,3630.0,930.0,5910.0
AmeriFlux_US-Rwf,23,43.1207,-116.7231,1866.156,11017.668,720.0,9870.0,3000.0,12150.0
AmeriFlux_US-Rws,23,43.1675,-116.7132,2669.798,16217.191,1530.0,15090.0,3810.0,17340.0
ISMN_COSMOS-UK_Cardington,24,52.1056,-0.42464,54096.539,54469.754,52950.0,53340.0,55230.0,55590.0
ISMN_COSMOS-UK_ChimneyMeadows,24,51.70802,-1.47877,-18289.077,9974.294,-19410.0,8850.0,-17160.0,11100.0
ISMN_COSMOS-UK_Heytesbury,24,51.20289,-2.0796,-60483.017,-45901.416,-61620.0,-47040.0,-59340.0,-44760.0
ISMN_COSMOS-UK_PortonDown,24,51.11988,-1.68125,-32701.991,-55388.992,-33840.0,-56520.0,-31560.0,-54240.0
ISMN_COSMOS-UK_Rothamsted,24,51.81387,-0.37832,57642.241,22047.365,56520.0,20910.0,58770.0,23190.0
ISMN_COSMOS-UK_Sheepdrove,24,51.53032,-1.48187,-18575.705,-9795.734,-19710.0,-10920.0,-17430.0,-8670.0
ISMN_COSMOS-UK_Waddesdon,24,51.83948,-0.94842,18317.557,24601.092,17190.0,23460.0,19440.0,25740.0
ISMN_SMOSMANIA_LezignanCorbieres,25,43.1733,2.7283,-41713.303,-23524.92,-42840.0,-24660.0,-40590.0,-22380.0
ISMN_SMOSMANIA_Mouthoumet,25,42.96,2.53,-58037.705,-47102.921,-59160.0,-48240.0,-56910.0,-45960.0
ISMN_SMOSMANIA_Narbonne,25,43.15,2.9567,-23150.89,-26201.844,-24300.0,-27330.0,-22020.0,-25080.0
ISMN_SMOSMANIA_Pezenas,25,43.43833,3.40333,13116.811,5804.599,11970.0,4680.0,14250.0,6930.0
ISMN_SMOSMANIA_Prades-le-Lez,25,43.43767,3.40033,12874.074,5730.807,11730.0,4590.0,14010.0,6870.0
ISMN_SMOSMANIA_Villevielle,25,43.79517,4.09083,68370.041,45785.847,67230.0,44640.0,69510.0,46920.0
ICOS_FR-Pue,25,43.7413,3.5957,28547.55,39513.486,27420.0,38370.0,29670.0,40650.0
ISMN_SNOTEL_BakerButte,26,34.45654,-111.40651,6027.998,-31265.733,4890.0,-32400.0,7170.0,-30120.0
ISMN_SNOTEL_BakerButteSmt,26,34.45552,-111.38262,8223.287,-31377.201,7080.0,-32520.0,9360.0,-30240.0
ISMN_SNOTEL_BarM,26,34.86142,-111.60497,-12148.805,13655.438,-13290.0,12510.0,-11010.0,14790.0
ISMN_SNOTEL_HappyJack,26,34.74594,-111.41219,5487.024,838.084,4350.0,-300.0,6630.0,1980.0
ISMN_SNOTEL_MormonMountain,26,34.94141,-111.51864,-4250.504,22522.378,-5400.0,21390.0,-3120.0,23670.0
ISMN_SNOTEL_MormonMtnSummit,26,34.96942,-111.50868,-3339.488,25629.408,-4470.0,24480.0,-2190.0,26760.0
ISMN_SCAN_Crossroads,27,33.53513,-103.242,-40964.165,-11255.968,-42090.0,-12390.0,-39840.0,-10110.0
ISMN_SCAN_Lehman,27,33.62647,-102.7453,5166.111,-1210.482,4020.0,-2340.0,6300.0,-90.0
ISMN_SCAN_Levelland,27,33.55125,-102.37392,39659.596,-9473.451,38520.0,-10620.0,40800.0,-8340.0
ISMN_SCAN_ReeseCenter,27,33.61536,-102.03869,70738.522,-2184.72,69600.0,-3330.0,71880.0,-1050.0
ISMN_SCAN_WillowWells,27,33.53382,-103.63097,-77093.655,-11180.462,-78240.0,-12330.0,-75960.0,-10050.0
ISMN_USCRN_Muleshoe-19-S,27,33.9557,-102.774,2493.581,35306.049,1350.0,34170.0,3630.0,36450.0
ISMN_SMOSMANIA_Lahas,28,43.5472,0.8878,-36980.107,2909.811,-38130.0,1770.0,-35850.0,4050.0
ISMN_SMOSMANIA_Montaut,28,43.1922,1.6436,24239.469,-36588.863,23100.0,-37710.0,25380.0,-35460.0
ISMN_SMOSMANIA_SaintFelixdeLauragais,28,43.4417,1.88,43277.815,-8774.346,42150.0,-9900.0,44400.0,-7650.0
ISMN_SMOSMANIA_Savenes,28,43.825,1.1767,-13570.608,33687.334,-14700.0,32550.0,-12450.0,34830.0
ICOS_FR-Aur,28,43.54965,1.106103,-19337.657,3108.382,-20460.0,1980.0,-18210.0,4230.0
ICOS_FR-Tou,28,43.572857,1.37474,2370.069,5659.466,1230.0,4530.0,3510.0,6780.0
ISMN_SCAN_JornadaExpRange,29,32.5566,-106.69997,416.901,-3216.888,-720.0,-4350.0,1560.0,-2070.0
ISMN_USCRN_Las-Cruces-20-N,29,32.6137,-106.7414,-3471.915,3115.929,-4620.0,1980.0,-2340.0,4260.0
AmeriFlux_US-Jo1,29,32.582,-106.635,6516.906,-398.001,5370.0,-1530.0,7650.0,750.0
AmeriFlux_US-Jo2,29,32.5849,-106.6032,9502.345,-74.017,8370.0,-1200.0,10650.0,1050.0
AmeriFlux_US-xJR,29,32.5907,-106.8425,-12964.299,573.062,-14100.0,-570.0,-11820.0,1710.0
ISMN_SNOTEL_EagleSummit,30,65.48588,-145.41212,34347.56,25174.271,33210.0,24030.0,35490.0,26310.0
ISMN_SNOTEL_LittleChenaRidge,30,65.12422,-146.7339,-27243.115,-15226.399,-28380.0,-16350.0,-26100.0,-14100.0
ISMN_SNOTEL_MonumentCreek,30,65.07738,-145.87358,13177.023,-20544.675,12030.0,-21690.0,14310.0,-19410.0
ISMN_SNOTEL_Mt.Ryan,30,65.25113,-146.15133,111.269,-1201.595,-1020.0,-2340.0,1260.0,-60.0
ISMN_SNOTEL_UpperNomeCreek,30,65.3671,-146.592,-20392.2,11799.497,-21540.0,10650.0,-19260.0,12930.0
ISMN_HOBE_1.05,31,56.033,9.1912,6204.914,5958.688,5070.0,4830.0,7350.0,7080.0
ISMN_HOBE_1.07,31,56.0426,9.1413,3093.399,7024.225,1950.0,5880.0,4230.0,8160.0
ISMN_HOBE_2.01,31,55.9398,9.2207,8063.288,-4415.295,6930.0,-5550.0,9210.0,-3270.0
ISMN_HOBE_2.11,31,55.9704,9.0225,-4318.755,-1013.611,-5460.0,-2160.0,-3180.0,120.0
ISMN_HOBE_3.06,31,55.9115,8.8831,-13042.696,-7554.112,-14190.0,-8700.0,-11910.0,-6420.0
ISMN_COSMOS-UK_Elmsett,32,52.09465,0.99307,16558.137,-34929.191,15420.0,-36060.0,17700.0,-33780.0
ISMN_COSMOS-UK_Euston,32,52.33639,0.79592,3030.413,-8057.013,1890.0,-9180.0,4170.0,-6930.0
ISMN_COSMOS-UK_Fincham,32,52.61777,0.51073,-16304.437,23280.049,-17430.0,22140.0,-15180.0,24420.0
ISMN_COSMOS-UK_Morley,32,52.54815,1.03423,19181.932,15543.22,18060.0,14400.0,20310.0,16680.0
ISMN_COSMOS-UK_Redmere,32,52.44577,0.42104,-22466.494,4164.506,-23610.0,3030.0,-21330.0,5310.0
ISMN_FR_Aqui_fraye,33,44.467,-0.7269,3660.422,-1213.754,2520.0,-2340.0,4800.0,-90.0
ISMN_FR_Aqui_hillan2,33,44.49126,-0.758,1185.168,1481.138,60.0,360.0,2310.0,2610.0
ISMN_FR_Aqui_parcmeteo,33,44.7899,-0.5765,15542.141,34685.804,14400.0,33540.0,16680.0,35820.0
ISMN_SMOSMANIA_Sabres,33,44.1475,-0.8456,-5816.511,-36714.553,-6960.0,-37860.0,-4680.0,-35580.0
ICOS_FR-Bil,33,44.493652,-0.956092,-14570.75,1763.099,-15720.0,630.0,-13440.0,2910.0
ISMN_SMOSMANIA_Barnas,34,44.666,4.15983,-5801.953,18581.532,-6930.0,17460.0,-4680.0,19710.0
ISMN_SMOSMANIA_Berzeme,34,44.62833,4.56667,26479.059,14446.773,25350.0,13320.0,27600.0,15570.0
ISMN_SMOSMANIA_LaGrandCombe,34,44.243,4.01017,-17798.449,-28401.154,-18930.0,-29550.0,-16650.0,-27270.0
ISMN_SMOSMANIA_Mazan-Abbaye,34,44.73383,4.08383,-11815.268,26127.326,-12960.0,24990.0,-10680.0,27270.0
ISMN_SMOSMANIA_Mejannes-le-Clap,34,44.222,4.34483,8936.64,-30752.674,7800.0,-31890.0,10080.0,-29610.0
ISMN_SNOTEL_Giveout,35,42.4132,-111.1663,-24579.684,-8235.749,-25710.0,-9360.0,-23430.0,-7110.0
ISMN_SNOTEL_KelleyR.S.,35,42.26554,-110.80181,5435.03,-24678.825,4290.0,-25800.0,6570.0,-23550.0
ISMN_SNOTEL_SaltRiverSummit,35,42.5075,-110.9099,-3469.618,2197.081,-4590.0,1050.0,-2340.0,3330.0
ISMN_SNOTEL_TriplePeak,35,42.76393,-110.5914,22614.736,30718.542,21480.0,29580.0,23760.0,31860.0
ISMN_SNOTEL_GrandTarghee,36,43.77933,-110.92783,-17488.781,-38135.83,-18630.0,-39270.0,-16350.0,-36990.0
ISMN_SNOTEL_LewisLakeDivide,36,44.20862,-110.66628,3541.067,9541.538,2400.0,8400.0,4680.0,10680.0
ISMN_SNOTEL_SnakeRiverStation,36,44.13361,-110.66917,3314.277,1206.648,2190.0,60.0,4440.0,2340.0
ISMN_SNOTEL_ThumbDivide,36,44.36917,-110.57717,10634.206,27389.086,9510.0,26250.0,11760.0,28530.0
ISMN_CW3E_BoyesCreekCanyon,37,39.34053,-123.16349,-2962.513,7853.092,-4110.0,6720.0,-1830.0,9000.0
ISMN_CW3E_Deerwood,37,39.19757,-123.15985,-2654.089,-8018.527,-3780.0,-9150.0,-1530.0,-6870.0
ISMN_CW3E_NorthCowMountain,37,39.17967,-123.08009,4237.042,-10005.077,3090.0,-11130.0,5370.0,-8880.0
ISMN_CW3E_PotterValleyNorth,37,39.36141,-123.11312,1379.464,10170.792,240.0,9030.0,2520.0,11310.0
ISMN_FLUXNET-AMERIFLUX_TonziRanch,38,38.4316,-120.966,-665.167,1035.145,-1800.0,-90.0,480.0,2160.0
ISMN_FLUXNET-AMERIFLUX_VairaRanch,38,38.4133,-120.95073,668.304,-996.237,-480.0,-2130.0,1800.0,150.0
AmeriFlux_US-Ton,38,38.4309,-120.966,-665.174,957.442,-1800.0,-180.0,480.0,2100.0
AmeriFlux_US-Var,38,38.4133,-120.9508,662.191,-996.237,-480.0,-2130.0,1800.0,150.0
ISMN_USCRN_McClellanville-7-NE,39,33.1532,-79.3637,-8523.459,-12075.976,-9660.0,-13200.0,-7380.0,-10950.0
AmeriFlux_US-HB1,39,33.3455,-79.1957,7133.848,9250.707,6000.0,8130.0,8280.0,10380.0
AmeriFlux_US-HB3,39,33.3482,-79.2322,3736.042,9548.274,2610.0,8400.0,4860.0,10680.0
AmeriFlux_US-HB4,39,33.2015,-79.2975,-2346.294,-6722.557,-3480.0,-7860.0,-1200.0,-5580.0
ISMN_SCAN_CarverFarm,40,38.52557,-92.13475,-3135.081,-50902.257,-4260.0,-52050.0,-2010.0,-49770.0
AmeriFlux_US-Mo1,40,39.2298,-92.1167,-1545.768,27276.073,-2670.0,26130.0,-420.0,28410.0
AmeriFlux_US-Mo2,40,38.9488,-91.9945,9041.46,-3914.669,7920.0,-5040.0,10170.0,-2790.0
AmeriFlux_US-Mo3,40,39.2322,-92.1493,-4360.502,27543.573,-5490.0,26400.0,-3240.0,28680.0
ISMN_SCAN_LTSP,41,37.18167,-91.11778,20782.11,-16118.469,19650.0,-17250.0,21930.0,-14970.0
ISMN_SCAN_SinkinForest,41,37.50138,-91.2594,8171.721,19342.599,7050.0,18210.0,9300.0,20490.0
ISMN_SCAN_TwinPinesConservationArea,41,36.99024,-91.30943,3773.234,-37388.039,2640.0,-38520.0,4920.0,-36240.0
ISMN_USCRN_Salem-10-W,41,37.6344,-91.7226,-32728.159,34166.235,-33870.0,33030.0,-31590.0,35310.0
ISMN_SCAN_Mayday,42,32.86153,-90.51989,22328.906,-7035.368,21180.0,-8160.0,23460.0,-5910.0
ISMN_SCAN_NorthIssaquena,42,32.9972,-91.05993,-28175.146,8025.851,-29310.0,6900.0,-27030.0,9150.0
ISMN_SCAN_Onward,42,32.75358,-90.94208,-17208.312,-19017.389,-18330.0,-20160.0,-16080.0,-17880.0
ISMN_SCAN_SilverCity,42,33.0875,-90.51151,23054.587,18027.351,21930.0,16890.0,24180.0,19170.0
ISMN_LABFLUX_Bussolenobosco,43,45.1186,7.1625,-16113.66,-50889.212,-17250.0,-52020.0,-14970.0,-49740.0
ISMN_LABFLUX_Nivolet,43,45.51918,7.17144,-15302.025,-6371.306,-16440.0,-7500.0,-14160.0,-5250.0
ICOS_IT-Tor,43,45.84444,7.578055,16372.352,29782.496,15240.0,28650.0,17520.0,30930.0
ICOS_IT-TrF,43,45.82376,7.56089,15044.527,27480.623,13920.0,26340.0,16170.0,28620.0
AmeriFlux_CA-TP1,44,42.6609,-80.5595,-5817.534,-753.954,-6960.0,-1890.0,-4680.0,390.0
AmeriFlux_CA-TP3,44,42.7068,-80.3483,11489.858,4351.984,10350.0,3210.0,12630.0,5490.0
AmeriFlux_CA-TPD,44,42.6353,-80.5577,-5672.279,-3597.874,-6810.0,-4740.0,-4530.0,-2460.0
ISMN_SNOTEL_BlazedAlder,45,45.4287,-121.85605,-11156.22,15122.026,-12300.0,13980.0,-10020.0,16260.0
ISMN_SNOTEL_ClackamasLake,45,45.09658,-121.75443,-3222.475,-21797.794,-4350.0,-22920.0,-2100.0,-20670.0
ISMN_SNOTEL_Fifteenmile,45,45.35265,-121.53,14378.665,6676.37,13230.0,5550.0,15510.0,7800.0
AmeriFlux_CA-DB2,46,49.119,-122.9951,-2675.206,741.094,-3810.0,-390.0,-1530.0,1890.0
AmeriFlux_CA-DBB,46,49.1293,-122.9849,-1930.234,1886.27,-3060.0,750.0,-810.0,3030.0
AmeriFlux_CA-DSM,46,49.0887,-122.8954,4605.427,-2627.357,3480.0,-3750.0,5730.0,-1500.0
ISMN_SCAN_CPER,47,40.8228,-104.71068,1815.598,-1102.621,690.0,-2250.0,2940.0,30.0
ISMN_SCAN_Nunn#1,47,40.85989,-104.74033,-685.297,3016.063,-1830.0,1890.0,450.0,4140.0
AmeriFlux_US-xCP,47,40.8155,-104.7456,-1130.38,-1913.426,-2280.0,-3060.0,0.0,-780.0
ISMN_SNOTEL_BigSandyOpening,48,42.6458,-109.25965,-550.846,-33.97,-1680.0,-1170.0,570.0,1110.0
ISMN_SNOTEL_LarsenCreek,48,42.58019,-109.08829,13516.159,-7309.192,12390.0,-8430.0,14640.0,-6180.0
ISMN_SNOTEL_PocketCreek,48,42.7121,-109.4112,-12965.342,7343.128,-14100.0,6210.0,-11820.0,8490.0
ISMN_SCAN_GrouseCreek,49,41.77846,-113.82048,-26140.499,-4860.074,-27270.0,-6000.0,-25020.0,-3720.0
ISMN_SCAN_ParkValley,49,41.77318,-113.28596,18299.527,-5470.815,17160.0,-6600.0,19440.0,-4350.0
ISMN_SNOTEL_GeorgeCreek,49,41.91562,-113.41154,7840.908,10330.979,6720.0,9210.0,8970.0,11460.0
ISMN_SNOTEL_BuckskinLower,50,41.75067,-117.53182,3748.301,11684.478,2610.0,10560.0,4890.0,12810.0
ISMN_SNOTEL_GranitePeak,50,41.67032,-117.56668,849.926,2759.278,-300.0,1620.0,1980.0,3900.0
ISMN_SNOTEL_LamanceCreek,50,41.51542,-117.63197,-4598.203,-14443.352,-5730.0,-15570.0,-3450.0,-13320.0
ISMN_SCAN_AshValley,51,41.05204,-120.6872,-1167.223,29560.679,-2310.0,28440.0,-30.0,30690.0
ISMN_SCAN_EagleLake,51,40.6175,-120.72472,-4349.781,-18694.044,-5490.0,-19830.0,-3210.0,-17550.0
ISMN_SNOTEL_FredonyerPeak,51,40.68799,-120.60805,5516.971,-10865.537,4380.0,-12000.0,6660.0,-9720.0
ISMN_SNOTEL_CraterMeadows,52,46.56394,-115.28903,24535.915,2465.692,23400.0,1320.0,25680.0,3600.0
ISMN_SNOTEL_PierceR.S.,52,46.49597,-115.7957,-14329.536,-5122.666,-15450.0,-6270.0,-13200.0,-3990.0
ISMN_SNOTEL_ShanghiSummit,52,46.56603,-115.74216,-10206.258,2657.017,-11340.0,1530.0,-9060.0,3780.0
ISMN_SNOTEL_MicaCreek,53,47.15045,-116.26643,16740.407,20209.638,15600.0,19080.0,17880.0,21330.0
ISMN_SNOTEL_MoscowMountain,53,46.805,-116.8535,-27963.684,-18152.571,-29100.0,-19290.0,-26820.0,-17010.0
ISMN_SNOTEL_Sherwin,53,46.95028,-116.33972,11223.778,-2056.574,10080.0,-3180.0,12360.0,-930.0
ISMN_SCAN_EvergladesARS,54,25.5,-80.55,-4172.622,7685.551,-5310.0,6540.0,-3030.0,8820.0
AmeriFlux_US-Esm,54,25.4379,-80.5946,-8661.045,808.256,-9810.0,-330.0,-7530.0,1950.0
AmeriFlux_US-EvM,54,25.3539,-80.381,12833.706,-8493.854,11700.0,-9630.0,13980.0,-7350.0
AmeriFlux_US-Ro4,55,44.6781,-93.0723,-771.701,-1088.985,-1920.0,-2220.0,360.0,60.0
AmeriFlux_US-Ro5,55,44.691,-93.0576,393.732,344.502,-750.0,-780.0,1530.0,1470.0
AmeriFlux_US-Ro6,55,44.6946,-93.0578,377.854,744.553,-750.0,-390.0,1500.0,1890.0
ISMN_SCAN_Perthshire,56,33.9737,-90.90496,-4163.703,24702.482,-5310.0,23580.0,-3030.0,25830.0
ISMN_SCAN_SandyRidge,56,33.65911,-90.57297,26613.759,-10155.568,25470.0,-11280.0,27750.0,-9030.0
ISMN_SCAN_Scott,56,33.61962,-91.10184,-22450.175,-14546.285,-23580.0,-15690.0,-21330.0,-13410.0
ISMN_SCAN_RogersFarm#1,57,40.85,-96.46667,374.911,-23321.163,-750.0,-24450.0,1500.0,-22200.0
AmeriFlux_US-Ne1,57,41.1651,-96.4766,-460.245,11671.995,-1590.0,10530.0,660.0,12810.0
AmeriFlux_US-Ne2,57,41.1649,-96.4701,85.268,11649.77,-1050.0,10500.0,1230.0,12780.0
ISMN_SNOTEL_ImnaviatCreek,58,68.61652,-149.3033,115.362,778.58,-1020.0,-360.0,1260.0,1920.0
AmeriFlux_US-ICs,58,68.6058,-149.311,-198.172,-417.166,-1320.0,-1560.0,930.0,720.0
AmeriFlux_US-ICt,58,68.6063,-149.3041,82.834,-361.401,-1050.0,-1500.0,1230.0,780.0
ISMN_NAQU_NQKema,59,31.27209,92.11031,18057.493,-2240.962,16920.0,-3390.0,19200.0,-1110.0
ISMN_NAQU_NQMS,59,31.22623,91.7833,-13090.614,-7332.969,-14220.0,-8460.0,-11970.0,-6210.0
ISMN_NAQU_NQNorth,59,31.37878,91.86848,-4966.848,9574.021,-6090.0,8430.0,-3840.0,10710.0
ISMN_NGARI_ALI01,60,33.43287,79.74763,7145.393,-1605.046,6000.0,-2730.0,8280.0,-480.0
ISMN_NGARI_ALI02,60,33.45517,79.63061,-3735.831,866.391,-4860.0,-270.0,-2610.0,2010.0
ISMN_NGARI_ALI03,60,33.45402,79.63412,-3409.549,738.721,-4530.0,-390.0,-2280.0,1860.0
ISMN_NGARI_SQ19,61,32.62528,80.00139,8980.794,-6683.699,7860.0,-7830.0,10110.0,-5550.0
ISMN_NGARI_SQ20,61,32.68417,79.91861,1211.418,-156.849,90.0,-1290.0,2340.0,990.0
ISMN_NGARI_SQ21,61,32.74722,79.79694,-10192.209,6840.483,-11340.0,5700.0,-9060.0,7980.0
ISMN_FMI_SAA111,62,68.33019,27.55062,206.743,-322.677,-930.0,-1470.0,1350.0,810.0
ISMN_FMI_SAA112,62,68.33025,27.55076,212.514,-315.985,-930.0,-1440.0,1350.0,810.0
ISMN_FMI_SAA120,62,68.33881,27.53543,-419.304,638.826,-1560.0,-510.0,720.0,1770.0
ICOS_ES-LM1,63,39.94269,-5.778683,-194.69,387.065,-1320.0,-750.0,930.0,1530.0
ICOS_ES-LM2,63,39.934593,-5.775881,44.789,-511.975,-1080.0,-1650.0,1170.0,630.0
ICOS_ES-LMa,63,39.94033,-5.77465,149.997,125.025,-990.0,-1020.0,1290.0,1260.0
ISMN_WATERLINE_Kerasia,64,41.18,25.28,-7325.735,-997.855,-8460.0,-2130.0,-6180.0,150.0
ISMN_WATERLINE_Komotini,64,41.123,25.386,1569.642,-7331.592,420.0,-8460.0,2700.0,-6210.0
ISMN_WATERLINE_Nymfaia,64,41.264,25.436,5756.217,8329.631,4620.0,7200.0,6900.0,9450.0
ICOS_DE-Kli,65,50.893044,13.5223,-4447.179,1830.227,-5580.0,690.0,-3300.0,2970.0
ICOS_DE-Obe,65,50.78666,13.72129,9575.276,-9997.613,8430.0,-11130.0,10710.0,-8850.0
ICOS_DE-Gri,65,50.950005,13.512533,-5128.116,8167.578,-6270.0,7020.0,-3990.0,9300.0
ISMN_COSMOS-UK_Cochno,66,55.94142,-4.40354,-36172.269,10442.751,-37320.0,9300.0,-35040.0,11580.0
ISMN_COSMOS-UK_HartwoodHome,66,55.81026,-3.82896,-269.727,-4311.474,-1410.0,-5460.0,870.0,-3180.0
ICOS_UK-AMo,66,55.792545,-3.2436917,36441.519,-6131.293,35310.0,-7260.0,37590.0,-5010.0
ISMN_COSMOS-UK_BunnyPark,67,52.86073,-1.12685,-8553.601,18905.294,-9690.0,17760.0,-7410.0,20040.0
ISMN_COSMOS-UK_Loddington,67,52.61016,-0.82642,11748.456,-8971.847,10620.0,-10110.0,12870.0,-7830.0
ISMN_COSMOS-UK_Stoughton,67,52.60164,-1.04701,-3194.98,-9933.006,-4320.0,-11070.0,-2070.0,-8790.0
ICOS_CH-Cha,68,47.21022,8.41044,-2066.654,-6440.04,-3210.0,-7590.0,-930.0,-5310.0
ICOS_CH-Fru,68,47.11583,8.53778,7593.683,-16929.281,6450.0,-18060.0,8730.0,-15780.0
ICOS_CH-Lae,68,47.47833,8.36439,-5527.248,23369.948,-6660.0,22230.0,-4380.0,24510.0
ISMN_SMOSMANIA_Condom,69,43.9744,0.3361,13294.935,10697.02,12150.0,9570.0,14430.0,11820.0
ISMN_SMOSMANIA_CreondArmagnac,69,43.9936,-0.0469,-17431.664,12839.926,-18570.0,11700.0,-16290.0,13980.0
ISMN_SMOSMANIA_PeyrusseGrande,69,43.6664,0.2217,4136.584,-23536.5,3000.0,-24660.0,5280.0,-22410.0
ISMN_SCAN_Combate,70,17.98333,-67.16667,-8574.548,-9223.594,-9720.0,-10350.0,-7440.0,-8100.0
ISMN_SCAN_MaricaoForest,70,18.15,-67.00468,8574.523,9223.638,7440.0,8100.0,9720.0,10350.0
AmeriFlux_US-Ho1,71,45.2041,-68.7402,267.126,-277.834,-870.0,-1410.0,1410.0,870.0
AmeriFlux_US-Ho2,71,45.2091,-68.747,-267.102,277.845,-1410.0,-870.0,870.0,1410.0
ISMN_SCAN_HubbardBrook,72,43.94843,-71.72644,-17608.898,-6415.046,-18750.0,-7560.0,-16470.0,-5280.0
AmeriFlux_US-xBR,72,44.0639,-71.2873,17609.103,6415.156,16470.0,5280.0,18750.0,7560.0
AmeriFlux_US-UMB,73,45.5598,-84.7138,-636.314,-150.01,-1770.0,-1290.0,510.0,990.0
AmeriFlux_US-UMd,73,45.5625,-84.6975,636.283,150.075,-510.0,-990.0,1770.0,1290.0
AmeriFlux_US-ALQ,74,46.0308,-89.6067,-2681.525,-11287.562,-3810.0,-12420.0,-1560.0,-10140.0
AmeriFlux_US-xUN,74,46.2339,-89.5373,2681.571,11287.796,1560.0,10140.0,3810.0,12420.0
ISMN_SCAN_Watkinsville#1,75,33.88333,-83.43333,-2023.955,5525.461,-3150.0,4380.0,-900.0,6660.0
ISMN_USCRN_Watkinsville-5-SSE,75,33.7837,-83.3896,2023.893,-5525.437,900.0,-6660.0,3150.0,-4380.0
ISMN_SCAN_Mandan#1,76,46.76667,-100.91667,-48.505,-168.417,-1170.0,-1290.0,1080.0,960.0
AmeriFlux_US-xNG,76,46.7697,-100.9154,48.503,168.417,-1080.0,-960.0,1170.0,1290.0
ISMN_USCRN_Tucson-11-W,77,32.2395,-111.1696,-20902.358,-9786.203,-22050.0,-10920.0,-19770.0,-8640.0
AmeriFlux_US-MtB,77,32.416,-110.7256,20902.543,9786.401,19770.0,8640.0,22050.0,10920.0
ISMN_SNOTEL_Baldy,78,33.97845,-109.50357,12093.999,401.567,10950.0,-720.0,13230.0,1530.0
ISMN_SNOTEL_HawleyLake,78,33.97121,-109.76531,-12093.914,-401.509,-13230.0,-1530.0,-10950.0,720.0
AmeriFlux_US-Me2,79,44.4526,-121.5589,1948.224,7183.889,810.0,6060.0,3090.0,8310.0
AmeriFlux_US-Me6,79,44.3233,-121.6078,-1948.205,-7183.904,-3090.0,-8310.0,-810.0,-6060.0
ISMN_SNOTEL_LapreleCreek,80,42.43566,-105.86051,-11644.736,8650.419,-12780.0,7530.0,-10500.0,9780.0
ISMN_SNOTEL_WindyPeak,80,42.27991,-105.57782,11644.622,-8650.358,10500.0,-9780.0,12780.0,-7530.0
ISMN_SNOTEL_BigCreekSum,81,39.29148,-117.11506,21783.071,-9656.794,20640.0,-10800.0,22920.0,-8520.0
ISMN_SNOTEL_PorterCanyon,81,39.46544,-117.62069,-21783.359,9656.819,-22920.0,8520.0,-20640.0,10800.0
ISMN_SNOTEL_BurroMountain,82,39.87504,-107.59902,-11049.077,18367.813,-12180.0,17220.0,-9900.0,19500.0
ISMN_iRON_GlenwoodSprings,82,39.54418,-107.34133,11048.789,-18367.301,9900.0,-19500.0,12180.0,-17220.0
ISMN_SNOTEL_BostetterR.S.,83,42.16442,-114.19272,3880.556,-904.766,2760.0,-2040.0,5010.0,240.0
ISMN_SNOTEL_MagicMountain,83,42.18071,-114.28665,-3880.553,904.673,-5010.0,-240.0,-2760.0,2040.0
ISMN_SNOTEL_EastRimDivide,84,43.13097,-110.2023,9448.626,-11776.798,8310.0,-12900.0,10590.0,-10650.0
ISMN_SNOTEL_GraniteCreek,84,43.34298,-110.43495,-9448.723,11776.978,-10590.0,10650.0,-8310.0,12900.0
ISMN_SNOTEL_PebbleCreek,85,42.7674,-112.10648,15198.317,553.773,14070.0,-570.0,16320.0,1680.0
ISMN_SNOTEL_WildhorseDivide,85,42.75743,-112.47783,-15198.295,-553.779,-16320.0,-1680.0,-14070.0,570.0
ISMN_SNOTEL_SheepMtn.,86,43.2103,-111.68792,-13379.06,14306.294,-14520.0,13170.0,-12240.0,15450.0
ISMN_SNOTEL_SomsenRanch,86,42.95275,-111.35933,13378.845,-14306.114,12240.0,-15450.0,14520.0,-13170.0
ISMN_SNOTEL_CrabCreek,87,44.437,-111.99384,-24235.025,927.879,-25380.0,-210.0,-23100.0,2070.0
ISMN_SNOTEL_IslandPark,87,44.4203,-111.38512,24235.07,-927.851,23100.0,-2070.0,25380.0,210.0
ISMN_SCAN_Goshute,88,39.99003,-114.00025,-754.225,13823.102,-1890.0,12690.0,390.0,14970.0
ISMN_SNOTEL_TakkaWiiya,88,39.74104,-113.98262,754.21,-13822.763,-390.0,-14970.0,1890.0,-12690.0
ISMN_SCAN_OrchardRangeSite,89,43.32268,-115.99643,4057.747,-24502.854,2910.0,-25650.0,5190.0,-23370.0
ISMN_SNOTEL_BogusBasin,89,43.76377,-116.09685,-4057.938,24503.694,-5190.0,23370.0,-2910.0,25650.0
ISMN_SNOTEL_QuartzMountain,90,42.31923,-120.82533,-4528.936,18502.213,-5670.0,17370.0,-3390.0,19650.0
ISMN_SNOTEL_StateLine,90,41.98609,-120.71574,4528.853,-18501.726,3390.0,-19650.0,5670.0,-17370.0
ISMN_SCAN_MonoclineRidge,91,36.54417,-120.55463,6780.973,4683.425,5640.0,3540.0,7920.0,5820.0
ISMN_SCAN_Vallecitos,91,36.45976,-120.70601,-6780.977,-4683.416,-7920.0,-5820.0,-5640.0,-3540.0
AmeriFlux_US-RGB,92,39.5782,-121.8579,6211.532,-5678.989,5070.0,-6810.0,7350.0,-4530.0
AmeriFlux_US-RGo,92,39.6805,-122.0026,-6211.496,5679.131,-7350.0,4530.0,-5070.0,6810.0
ISMN_CW3E_BrownsValleySchool,93,39.23586,-121.40621,-13552.022,-13050.041,-14700.0,-14190.0,-12420.0,-11910.0
ISMN_CW3E_SkylineHarvest,93,39.47095,-121.09175,13552.349,13050.226,12420.0,11910.0,14700.0,14190.0
ISMN_SCAN_DoeRidge,94,37.63423,-118.82643,-17880.1,-7960.295,-19020.0,-9090.0,-16740.0,-6840.0
ISMN_SCAN_MarbleCreek,94,37.77767,-118.4209,17880.257,7960.295,16740.0,6840.0,19020.0,9090.0
ISMN_SNOTEL_Buckinghorse,95,47.7086,-123.45747,13327.567,10823.705,12180.0,9690.0,14460.0,11970.0
ISMN_USCRN_Quinault-4-NE,95,47.5139,-123.812,-13327.361,-10823.644,-14460.0,-11970.0,-12180.0,-9690.0
ISMN_SNOTEL_Bourne,96,44.83052,-118.18787,9436.504,9715.329,8310.0,8580.0,10560.0,10860.0
ISMN_SNOTEL_Tipton,96,44.65567,-118.42617,-9436.404,-9715.209,-10560.0,-10860.0,-8310.0,-8580.0
ISMN_SNOTEL_SourdoughGulch,97,46.23713,-117.39435,17610.784,6583.182,16470.0,5460.0,18750.0,7710.0
ISMN_SNOTEL_Touchet,97,46.11868,-117.8505,-17610.568,-6583.17,-18750.0,-7710.0,-16470.0,-5460.0
ISMN_SNOTEL_QuartzPeak,98,47.87927,-117.08938,-1971.785,1303.123,-3120.0,180.0,-840.0,2430.0
ISMN_SNOTEL_RaggedMountain,98,47.85583,-117.03667,1971.775,-1303.118,840.0,-2430.0,3120.0,-180.0
ISMN_SNOTEL_Lookout,99,47.45749,-115.70457,4506.839,-5445.662,3360.0,-6570.0,5640.0,-4320.0
ISMN_SNOTEL_Sunset,99,47.55545,-115.82422,-4506.9,5445.605,-5640.0,4320.0,-3360.0,6570.0
ISMN_SCAN_RockSpringsPa,100,40.71667,-77.93333,3052.36,-2050.554,1920.0,-3180.0,4200.0,-930.0
AmeriFlux_US-UC1,100,40.7536,-78.0056,-3052.364,2050.478,-4200.0,930.0,-1920.0,3180.0
ISMN_SCAN_PowderMill,101,39.01667,-76.85,-12569.063,7025.571,-13710.0,5880.0,-11430.0,8160.0
AmeriFlux_US-xSE,101,38.8901,-76.56,12569.024,-7025.569,11430.0,-8160.0,13710.0,-5880.0
ISMN_SCAN_NPiedmontArec,102,38.23333,-78.11667,15299.73,13088.554,14160.0,11940.0,16440.0,14220.0
ISMN_USCRN_Charlottesville-2-SSE,102,37.9975,-78.4656,-15299.402,-13088.321,-16440.0,-14220.0,-14160.0,-11940.0
AmeriFlux_US-MN2,103,45.627,-96.1271,-23.395,994.738,-1170.0,-150.0,1110.0,2130.0
AmeriFlux_US-MN3,103,45.6091,-96.1265,23.402,-994.737,-1110.0,-2130.0,1170.0,150.0
ISMN_USCRN_Newton-8-W,104,31.3127,-84.4706,-95.286,6536.039,-1230.0,5400.0,1050.0,7680.0
AmeriFlux_US-xJE,104,31.1948,-84.4686,95.214,-6535.985,-1050.0,-7680.0,1230.0,-5400.0
ISMN_ARM_Omega,105,35.88,-98.173,-7072.963,18307.621,-8220.0,17160.0,-5940.0,19440.0
ISMN_SCAN_FortReno#1,105,35.55,-98.01667,7072.761,-18307.114,5940.0,-19440.0,8220.0,-17160.0
ISMN_SCAN_MammothCave,106,37.1864,-86.04093,8501.478,-3551.458,7380.0,-4680.0,9630.0,-2430.0
ISMN_USCRN_Bowling-Green-21-NNE,106,37.2504,-86.2325,-8501.584,3551.379,-9630.0,2430.0,-7380.0,4680.0
AmeriFlux_US-Kon,107,39.0824,-96.5603,2275.196,-1554.246,1140.0,-2700.0,3420.0,-420.0
AmeriFlux_US-xKA,107,39.1104,-96.6129,-2275.163,1554.239,-3420.0,420.0,-1140.0,2700.0
AmeriFlux_US-KFS,108,39.0561,-95.1907,60.591,871.48,-1080.0,-270.0,1200.0,2010.0
AmeriFlux_US-xUK,108,39.0404,-95.1921,-60.604,-871.478,-1200.0,-2010.0,1080.0,270.0
ISMN_USCRN_Goodwell-2-E,109,36.5993,-101.595,657.742,1725.608,-480.0,600.0,1800.0,2850.0
ISMN_USCRN_Goodwell-2-SE,109,36.5682,-101.6097,-657.827,-1725.554,-1800.0,-2850.0,480.0,-600.0
AmeriFlux_US-BZB,110,64.6955,-148.3208,219.475,105.922,-930.0,-1020.0,1350.0,1230.0
AmeriFlux_US-BZo,110,64.6936,-148.33,-219.49,-105.906,-1350.0,-1230.0,930.0,1020.0
ISMN_SNOTEL_GraniteCrk,111,63.94382,-145.39993,8625.883,3495.957,7500.0,2370.0,9750.0,4620.0
AmeriFlux_US-xDJ,111,63.8811,-145.7514,-8625.894,-3495.845,-9750.0,-4620.0,-7500.0,-2370.0
ISMN_SNOTEL_ExitGlacier,112,60.18957,-149.6228,-2522.081,-23818.845,-3660.0,-24960.0,-1380.0,-22680.0
ISMN_SNOTEL_SummitCreek,112,60.61713,-149.53128,2522.198,23819.496,1380.0,22680.0,3660.0,24960.0
ISMN_SNOTEL_AnchorRiverDivide,113,59.8608,-151.31494,-16944.216,9066.619,-18090.0,7920.0,-15810.0,10200.0
ISMN_SNOTEL_NukaGlacier,113,59.69804,-150.71163,16943.979,-9066.437,15810.0,-10200.0,18090.0,-7920.0
ISMN_ROMPS_Baytik,114,42.64932,74.49644,503.746,9315.05,-630.0,8190.0,1650.0,10440.0
ISMN_ROMPS_GolubinGlacier,114,42.48161,74.48417,-503.78,-9314.892,-1650.0,-10440.0,630.0,-8190.0
ISMN_AMMA-CATCH_Banizoumbou,115,13.5325,2.6604,-1905.071,-857.465,-3030.0,-1980.0,-780.0,270.0
ISMN_AMMA-CATCH_Tondikiboro,115,13.548,2.6956,1905.164,857.38,780.0,-270.0,3030.0,1980.0
ICOS_FI-Hyy,116,61.84741,24.29477,2684.192,822.498,1560.0,-300.0,3810.0,1950.0
ICOS_FI-Sii,116,61.83265,24.19285,-2684.217,-822.401,-3810.0,-1950.0,-1560.0,300.0
ICOS_SE-Deg,117,64.18203,19.55654,-5290.76,-4129.289,-6420.0,-5250.0,-4170.0,-3000.0
ICOS_SE-Svb,117,64.25611,19.7745,5290.798,4129.216,4170.0,3000.0,6420.0,5250.0
ISMN_RSMN_Barlad,118,46.23313,27.64438,9110.116,21757.853,7980.0,20610.0,10260.0,22890.0
ISMN_RSMN_Tecuci,118,45.84164,27.40901,-9109.821,-21757.101,-10230.0,-22890.0,-7980.0,-20610.0
ISMN_RSMN_Alexandria,119,43.97781,25.35286,14993.363,-7183.49,13860.0,-8310.0,16140.0,-6060.0
ISMN_RSMN_RosioriideVede,119,44.10711,24.97872,-14993.491,7183.476,-16140.0,6060.0,-13860.0,8310.0
ICOS_CZ-Stn,120,49.035976,17.9699,0.0,0.0,-1140.0,-1140.0,1140.0,1140.0
ICOS_RU-Fy2,120,49.035976,17.9699,0.0,0.0,-1140.0,-1140.0,1140.0,1140.0
ISMN_COSMOS-UK_HollinHill,121,54.11068,-0.95952,11784.882,13458.03,10650.0,12330.0,12930.0,14580.0
ISMN_COSMOS-UK_SpenFarm,121,53.86886,-1.31886,-11784.626,-13457.793,-12930.0,-14580.0,-10650.0,-12330.0
ISMN_STEMS_CarpenetopermanentGrassCoverNoTrackposition,122,44.68278,8.6267,0.396,0.556,-1140.0,-1140.0,1140.0,1140.0
ISMN_STEMS_CarpenetopermanentGrassCoverTrackposition,122,44.68277,8.62669,-0.396,-0.556,-1140.0,-1140.0,1140.0,1140.0
ISMN_SCAN_Fortuna,123,18.02502,-66.5279,0.0,0.0,-1140.0,-1140.0,1140.0,1140.0
ISMN_SCAN_LyeBrook,124,43.05753,-73.03834,0.0,0.0,-1140.0,-1140.0,1140.0,1140.0
AmeriFlux_US-xHA,125,42.5369,-72.1727,0.0,0.0,-1140.0,-1140.0,1140.0,1140.0
ISMN_USCRN_Durham-2-N,126,43.1716,-70.9277,0.0,0.0,-1140.0,-1140.0,1140.0,1140.0
ISMN_SCAN_SunleafNursery,127,41.79618,-81.07653,0.0,0.0,-1140.0,-1140.0,1140.0,1140.0
AmeriFlux_CA-Cbo,128,44.3184,-79.9341,0.0,0.0,-1140.0,-1140.0,1140.0,1140.0
ISMN_SCAN_UWPlatteville,129,42.70785,-90.3899,0.0,0.0,-1140.0,-1140.0,1140.0,1140.0
AmeriFlux_US-DFC,130,43.3448,-89.7117,0.0,0.0,-1140.0,-1140.0,1140.0,1140.0
ISMN_SCAN_Wabeno#1,131,45.46667,-88.58333,0.0,0.0,-1140.0,-1140.0,1140.0,1140.0
ISMN_USCRN_Chatham-1-SE,132,46.3345,-86.92,0.0,0.0,-1140.0,-1140.0,1140.0,1140.0
ISMN_CW3E_YucaipaValley,133,34.0074,-117.0916,0.0,0.0,-1140.0,-1140.0,1140.0,1140.0
ISMN_USCRN_Fallbrook-5-NE,134,33.4392,-117.1904,0.0,0.0,-1140.0,-1140.0,1140.0,1140.0
ISMN_USCRN_Asheville-13-S,135,35.4185,-82.5567,0.0,0.0,-1140.0,-1140.0,1140.0,1140.0
AmeriFlux_US-xWD,136,47.1282,-99.2414,0.0,0.0,-1140.0,-1140.0,1140.0,1140.0
ISMN_SCAN_Jordan,137,47.522,-107.12731,0.0,0.0,-1140.0,-1140.0,1140.0,1140.0
ISMN_SCAN_Sidney,138,47.77102,-104.247,0.0,0.0,-1140.0,-1140.0,1140.0,1140.0
ISMN_SNOTEL_Chalender,139,35.26238,-112.06221,0.0,0.0,-1140.0,-1140.0,1140.0,1140.0
ISMN_SCAN_Stubblefield,140,34.97018,-119.47831,0.0,0.0,-1140.0,-1140.0,1140.0,1140.0
ISMN_USCRN_Santa-Barbara-11-W,141,34.4141,-119.8796,0.0,0.0,-1140.0,-1140.0,1140.0,1140.0
ISMN_SCAN_AdamsRanch#1,142,32.25296,-105.41975,0.0,0.0,-1140.0,-1140.0,1140.0,1140.0
ISMN_SNOTEL_HollandMeadows,143,43.66917,-122.56877,0.0,0.0,-1140.0,-1140.0,1140.0,1140.0
ISMN_USCRN_Corvallis-10-SSW,144,44.4185,-123.3257,0.0,0.0,-1140.0,-1140.0,1140.0,1140.0
ISMN_SNOTEL_BrownTop,145,48.92753,-121.19717,0.0,0.0,-1140.0,-1140.0,1140.0,1140.0
ISMN_SNOTEL_RainyPass,146,48.51865,-120.7358,0.0,0.0,-1140.0,-1140.0,1140.0,1140.0
ISMN_SNOTEL_GoldAxeCamp,147,48.9516,-118.9864,0.0,0.0,-1140.0,-1140.0,1140.0,1140.0
ISMN_SNOTEL_MosesMtn,148,48.36166,-119.08158,0.0,0.0,-1140.0,-1140.0,1140.0,1140.0
ISMN_USCRN_Stovepipe-Wells-1-SW,149,36.602,-117.1449,0.0,0.0,-1140.0,-1140.0,1140.0,1140.0
ISMN_SNOTEL_CrowCreek,150,41.22824,-105.38571,0.0,0.0,-1140.0,-1140.0,1140.0,1140.0
ISMN_SNOTEL_ParkReservoir,151,39.04433,-107.87951,0.0,0.0,-1140.0,-1140.0,1140.0,1140.0
ISMN_SNOTEL_Hopewell,152,36.71632,-106.2637,0.0,0.0,-1140.0,-1140.0,1140.0,1140.0
ISMN_SCAN_GreenRiver,153,39.01825,-110.16264,0.0,0.0,-1140.0,-1140.0,1140.0,1140.0
ISMN_SNOTEL_EastWillowCreek,154,39.31213,-109.53179,0.0,0.0,-1140.0,-1140.0,1140.0,1140.0
ISMN_SNOTEL_VernonCreek,155,39.93667,-112.41478,0.0,0.0,-1140.0,-1140.0,1140.0,1140.0
ISMN_SCAN_HalsCanyon,156,38.59445,-113.75102,0.0,0.0,-1140.0,-1140.0,1140.0,1140.0
ISMN_SCAN_TuleValley,157,39.23724,-113.45866,0.0,0.0,-1140.0,-1140.0,1140.0,1140.0
ISMN_SNOTEL_LongValley,158,44.78835,-116.08878,0.0,0.0,-1140.0,-1140.0,1140.0,1140.0
ISMN_SNOTEL_VacarroSprings,159,39.4495,-115.9834,0.0,0.0,-1140.0,-1140.0,1140.0,1140.0
ISMN_SCAN_LovelockNNR,160,40.09247,-118.49345,0.0,0.0,-1140.0,-1140.0,1140.0,1140.0
ISMN_SNOTEL_Sheldon,161,41.90435,-119.44464,0.0,0.0,-1140.0,-1140.0,1140.0,1140.0
ISMN_SNOTEL_SummitLk,162,41.48953,-118.99663,0.0,0.0,-1140.0,-1140.0,1140.0,1140.0
ISMN_SNOTEL_DisasterPeak,163,41.96737,-118.18934,0.0,0.0,-1140.0,-1140.0,1140.0,1140.0
ISMN_SNOTEL_Golconda,164,40.88358,-117.58812,0.0,0.0,-1140.0,-1140.0,1140.0,1140.0
ISMN_SNOTEL_LewisPeak,165,40.3572,-116.8647,0.0,0.0,-1140.0,-1140.0,1140.0,1140.0
ISMN_SNOTEL_Silvies,166,42.75333,-118.68785,0.0,0.0,-1140.0,-1140.0,1140.0,1140.0
ISMN_SCAN_Buckhorn,167,40.87959,-119.9534,0.0,0.0,-1140.0,-1140.0,1140.0,1140.0
ISMN_CW3E_FeatherRiverCollege,168,39.94597,-120.96972,0.0,0.0,-1140.0,-1140.0,1140.0,1140.0
ISMN_SCAN_DeepSprings,169,37.37222,-117.97383,0.0,0.0,-1140.0,-1140.0,1140.0,1140.0
ISMN_USCRN_Yosemite-Village-12-W,170,37.7592,-119.8208,0.0,0.0,-1140.0,-1140.0,1140.0,1140.0
AmeriFlux_US-xSJ,171,37.1088,-119.7323,0.0,0.0,-1140.0,-1140.0,1140.0,1140.0
ISMN_SCAN_Torrington#1,172,42.06667,-104.13333,0.0,0.0,-1140.0,-1140.0,1140.0,1140.0
ISMN_SNOTEL_NavajoWhiskeyCk,173,36.17716,-108.94556,0.0,0.0,-1140.0,-1140.0,1140.0,1140.0
ISMN_SCAN_FrenchGulch,174,40.79361,-122.55083,0.0,0.0,-1140.0,-1140.0,1140.0,1140.0
ISMN_SNOTEL_RockSprings,175,44.00883,-118.83842,0.0,0.0,-1140.0,-1140.0,1140.0,1140.0
ISMN_USCRN_John-Day-35-WNW,176,44.556,-119.6459,0.0,0.0,-1140.0,-1140.0,1140.0,1140.0
ISMN_SNOTEL_HighRidge,177,45.69682,-118.10657,0.0,0.0,-1140.0,-1140.0,1140.0,1140.0
ISMN_USCRN_Spokane-17-SSW,178,47.4174,-117.5264,0.0,0.0,-1140.0,-1140.0,1140.0,1140.0
ISMN_SNOTEL_SavagePass,179,46.46633,-114.63333,0.0,0.0,-1140.0,-1140.0,1140.0,1140.0
ISMN_SNOTEL_MosquitoRidge,180,48.05726,-116.23055,0.0,0.0,-1140.0,-1140.0,1140.0,1140.0
ISMN_SNOTEL_MyrtleCreek,181,48.72263,-116.46312,0.0,0.0,-1140.0,-1140.0,1140.0,1140.0
ISMN_SCAN_Lind#1,182,47.0,-118.56667,0.0,0.0,-1140.0,-1140.0,1140.0,1140.0
ISMN_SNOTEL_BurntMountain,183,47.0444,-121.94032,0.0,0.0,-1140.0,-1140.0,1140.0,1140.0
ISMN_SNOTEL_Trough,184,47.23328,-120.29412,0.0,0.0,-1140.0,-1140.0,1140.0,1140.0
ISMN_SCAN_TableMountain,185,45.80272,-111.58655,0.0,0.0,-1140.0,-1140.0,1140.0,1140.0
ISMN_SCAN_ConradAgRc,186,48.30453,-111.92363,0.0,0.0,-1140.0,-1140.0,1140.0,1140.0
ISMN_SCAN_Violett,187,48.43578,-111.18423,0.0,0.0,-1140.0,-1140.0,1140.0,1140.0
ISMN_SCAN_FortAssiniboine#1,188,48.48333,-109.8,0.0,0.0,-1140.0,-1140.0,1140.0,1140.0
ISMN_SCAN_Moccasin,189,47.05818,-109.95082,0.0,0.0,-1140.0,-1140.0,1140.0,1140.0
ISMN_USCRN_Everglades-City-5-NE,190,25.8996,-81.3183,0.0,0.0,-1140.0,-1140.0,1140.0,1140.0
AmeriFlux_US-ONA,191,27.3836,-81.9509,0.0,0.0,-1140.0,-1140.0,1140.0,1140.0
ISMN_SCAN_SellersLake#1,192,29.1,-81.63333,0.0,0.0,-1140.0,-1140.0,1140.0,1140.0
ISMN_USCRN_Brunswick-23-S,193,30.8078,-81.4596,0.0,0.0,-1140.0,-1140.0,1140.0,1140.0
ISMN_SCAN_PeeDee,194,34.3,-79.73333,0.0,0.0,-1140.0,-1140.0,1140.0,1140.0
ISMN_SCAN_YoumansFarm,195,32.66667,-81.2,0.0,0.0,-1140.0,-1140.0,1140.0,1140.0
ISMN_SCAN_TidewaterArec,196,36.68333,-76.76667,0.0,0.0,-1140.0,-1140.0,1140.0,1140.0
AmeriFlux_US-NC3,197,35.799,-76.656,0.0,0.0,-1140.0,-1140.0,1140.0,1140.0
ISMN_USCRN_Cape-Charles-5-ENE,198,37.2907,-75.927,0.0,0.0,-1140.0,-1140.0,1140.0,1140.0
ISMN_SCAN_MahantangoCk,199,40.66667,-76.66667,0.0,0.0,-1140.0,-1140.0,1140.0,1140.0
ISMN_SCAN_Shenandoah,200,37.91667,-79.2,0.0,0.0,-1140.0,-1140.0,1140.0,1140.0
AmeriFlux_US-xSC,201,38.8929,-78.1395,0.0,0.0,-1140.0,-1140.0,1140.0,1140.0
ISMN_USCRN_Elkins-21-ENE,202,39.013,-79.4743,0.0,0.0,-1140.0,-1140.0,1140.0,1140.0
ISMN_SCAN_ReynoldsHomestead,203,36.63333,-80.13333,0.0,0.0,-1140.0,-1140.0,1140.0,1140.0
ISMN_USCRN_Durham-11-W,204,35.9705,-79.0931,0.0,0.0,-1140.0,-1140.0,1140.0,1140.0
ISMN_SCAN_CrescentLake#1,205,45.41667,-93.95,0.0,0.0,-1140.0,-1140.0,1140.0,1140.0
ISMN_SCAN_Nacogdoches,206,31.504,-94.75994,0.0,0.0,-1140.0,-1140.0,1140.0,1140.0
ISMN_SCAN_PrairieView#1,207,30.08333,-95.98333,0.0,0.0,-1140.0,-1140.0,1140.0,1140.0
ISMN_USCRN_Bedford-5-WNW,208,38.8882,-86.5707,0.0,0.0,-1140.0,-1140.0,1140.0,1140.0
AmeriFlux_US-MMS,209,39.3232,-86.4131,0.0,0.0,-1140.0,-1140.0,1140.0,1140.0
ISMN_SCAN_RiverRoadFarms,210,31.01912,-85.03693,0.0,0.0,-1140.0,-1140.0,1140.0,1140.0
ISMN_SCAN_LittleRiver,211,31.5,-83.55,0.0,0.0,-1140.0,-1140.0,1140.0,1140.0
ISMN_SCAN_Wakulla#1,212,30.3,-84.41667,0.0,0.0,-1140.0,-1140.0,1140.0,1140.0
ISMN_SCAN_KoptisFarms,213,30.5238,-87.69797,0.0,0.0,-1140.0,-1140.0,1140.0,1140.0
ISMN_SCAN_PerdidoRivFarms,214,31.10923,-87.55277,0.0,0.0,-1140.0,-1140.0,1140.0,1140.0
ISMN_SCAN_TncFortBayou,215,30.4712,-88.74162,0.0,0.0,-1140.0,-1140.0,1140.0,1140.0
ISMN_SCAN_SudduthFarms,216,34.17973,-87.45618,0.0,0.0,-1140.0,-1140.0,1140.0,1140.0
ISMN_SCAN_IsbellFarms,217,34.81982,-87.98685,0.0,0.0,-1140.0,-1140.0,1140.0,1140.0
ISMN_USCRN_Crossville-7-NW,218,36.0138,-85.1345,0.0,0.0,-1140.0,-1140.0,1140.0,1140.0
ISMN_ARM_Pawhuska,219,36.841,-96.427,0.0,0.0,-1140.0,-1140.0,1140.0,1140.0
ISMN_ARM_Tyro,220,37.068,-95.788,0.0,0.0,-1140.0,-1140.0,1140.0,1140.0
ISMN_SCAN_MtVernon,221,37.06667,-93.88333,0.0,0.0,-1140.0,-1140.0,1140.0,1140.0
ISMN_USCRN_Joplin-24-N,222,37.4277,-94.5829,0.0,0.0,-1140.0,-1140.0,1140.0,1140.0
ISMN_SCAN_JournaganRanch,223,36.9973,-92.2594,0.0,0.0,-1140.0,-1140.0,1140.0,1140.0
ISMN_SCAN_ElsberryPMC,224,39.15306,-90.78278,0.0,0.0,-1140.0,-1140.0,1140.0,1140.0
ISMN_SCAN_Dexter,225,36.78333,-89.93333,0.0,0.0,-1140.0,-1140.0,1140.0,1140.0
ISMN_SCAN_UapbPointRemove,226,35.20842,-92.92462,0.0,0.0,-1140.0,-1140.0,1140.0,1140.0
ISMN_USCRN_Batesville-8-WNW,227,35.8201,-91.7812,0.0,0.0,-1140.0,-1140.0,1140.0,1140.0
ISMN_SCAN_UapbDewitt,228,34.27788,-91.35017,0.0,0.0,-1140.0,-1140.0,1140.0,1140.0
ISMN_SCAN_UapbCampus-PB,229,34.25188,-92.02632,0.0,0.0,-1140.0,-1140.0,1140.0,1140.0
ISMN_SCAN_Tunica,230,34.6764,-90.41142,0.0,0.0,-1140.0,-1140.0,1140.0,1140.0
ISMN_SCAN_Uapb-Earle,231,35.27732,-90.45031,0.0,0.0,-1140.0,-1140.0,1140.0,1140.0
ISMN_SCAN_GoodwinCkTimber,232,34.23333,-89.9,0.0,0.0,-1140.0,-1140.0,1140.0,1140.0
ISMN_USCRN_Monroe-26-N,233,32.8833,-92.1165,0.0,0.0,-1140.0,-1140.0,1140.0,1140.0
ISMN_SCAN_Selma,234,32.40392,-86.89137,0.0,0.0,-1140.0,-1140.0,1140.0,1140.0
AmeriFlux_US-xDL,235,32.5417,-87.8039,0.0,0.0,-1140.0,-1140.0,1140.0,1140.0
ISMN_SCAN_MorrisFarms,236,32.41222,-85.91028,0.0,0.0,-1140.0,-1140.0,1140.0,1140.0
ISMN_USCRN_Newton-5-ENE,237,32.3378,-89.0703,0.0,0.0,-1140.0,-1140.0,1140.0,1140.0
ISMN_SCAN_Starkville,238,33.47094,-88.78051,0.0,0.0,-1140.0,-1140.0,1140.0,1140.0
ISMN_SCAN_Mason#1,239,40.31667,-89.9,0.0,0.0,-1140.0,-1140.0,1140.0,1140.0
ISMN_SCAN_Princeton#1,240,37.1,-87.83333,0.0,0.0,-1140.0,-1140.0,1140.0,1140.0
ISMN_USCRN_Versailles-3-NNW,241,38.0945,-84.7465,0.0,0.0,-1140.0,-1140.0,1140.0,1140.0
ISMN_SCAN_CentraliaLake,242,39.70045,-96.1629,0.0,0.0,-1140.0,-1140.0,1140.0,1140.0
AmeriFlux_US-KLS,243,38.7745,-97.5684,0.0,0.0,-1140.0,-1140.0,1140.0,1140.0
ISMN_SCAN_PowellGardens,244,38.86667,-94.03333,0.0,0.0,-1140.0,-1140.0,1140.0,1140.0
ISMN_SCAN_ShagbarkHills,245,42.43333,-95.76667,0.0,0.0,-1140.0,-1140.0,1140.0,1140.0
ISMN_SCAN_Spickard,246,40.25,-93.71667,0.0,0.0,-1140.0,-1140.0,1140.0,1140.0
ISMN_SCAN_ErosDataCenter,247,43.73835,-96.61455,0.0,0.0,-1140.0,-1140.0,1140.0,1140.0
ISMN_SCAN_Ames,248,42.01667,-93.73333,0.0,0.0,-1140.0,-1140.0,1140.0,1140.0
ISMN_SCAN_Phillipsburg,249,39.78638,-99.32953,0.0,0.0,-1140.0,-1140.0,1140.0,1140.0
ISMN_SCAN_Bushland#1,250,35.16667,-102.1,0.0,0.0,-1140.0,-1140.0,1140.0,1140.0
ISMN_USCRN_Austin-33-NW,251,30.6222,-98.0846,0.0,0.0,-1140.0,-1140.0,1140.0,1140.0
ISMN_SCAN_Uvalde,252,29.21578,-99.75517,0.0,0.0,-1140.0,-1140.0,1140.0,1140.0
ISMN_SCAN_Stephenville,253,32.24535,-98.19563,0.0,0.0,-1140.0,-1140.0,1140.0,1140.0
AmeriFlux_US-xCL,254,33.4012,-97.57,0.0,0.0,-1140.0,-1140.0,1140.0,1140.0
ISMN_SCAN_SanAngelo,255,31.5496,-100.50748,0.0,0.0,-1140.0,-1140.0,1140.0,1140.0
ISMN_USCRN_Bronte-11-NNE,256,32.0408,-100.2495,0.0,0.0,-1140.0,-1140.0,1140.0,1140.0
ISMN_SCAN_KnoxCity,257,33.44635,-99.86657,0.0,0.0,-1140.0,-1140.0,1140.0,1140.0
ISMN_SCAN_Vernon,258,34.01635,-99.2464,0.0,0.0,-1140.0,-1140.0,1140.0,1140.0
ISMN_SCAN_JohnsonFarm,259,40.37042,-101.7201,0.0,0.0,-1140.0,-1140.0,1140.0,1140.0
ISMN_USCRN_Monahans-6-ENE,260,31.6219,-102.8071,0.0,0.0,-1140.0,-1140.0,1140.0,1140.0
ISMN_SCAN_GlacialRidge,261,47.71667,-96.26667,0.0,0.0,-1140.0,-1140.0,1140.0,1140.0
ISMN_SCAN_Geneva#1,262,42.88333,-77.03333,0.0,0.0,-1140.0,-1140.0,1140.0,1140.0
ISMN_USCRN_Panther-Junction-2-N,263,29.3483,-103.2093,0.0,0.0,-1140.0,-1140.0,1140.0,1140.0
ISMN_USCRN_Yuma-27-ENE,264,32.835,-114.1884,0.0,0.0,-1140.0,-1140.0,1140.0,1140.0
ISMN_USCRN_Lafayette-13-SE,265,30.0918,-91.8731,0.0,0.0,-1140.0,-1140.0,1140.0,1140.0
AmeriFlux_CA-Mer,266,45.4094,-75.5186,0.0,0.0,-1140.0,-1140.0,1140.0,1140.0
ISMN_SNOTEL_Coldfoot,267,67.25333,-150.183,0.0,0.0,-1140.0,-1140.0,1140.0,1140.0
ISMN_SNOTEL_GobblersKnob,268,66.745,-150.6675,0.0,0.0,-1140.0,-1140.0,1140.0,1140.0
ISMN_SNOTEL_Chisana,269,62.06947,-142.04919,0.0,0.0,-1140.0,-1140.0,1140.0,1140.0
ISMN_SNOTEL_MayCreek,270,61.34918,-142.69355,0.0,0.0,-1140.0,-1140.0,1140.0,1140.0
ISMN_SNOTEL_AmericanCreek,271,64.78969,-141.23376,0.0,0.0,-1140.0,-1140.0,1140.0,1140.0
ISMN_SNOTEL_JackWadeJct,272,64.14797,-141.32985,0.0,0.0,-1140.0,-1140.0,1140.0,1140.0
ISMN_SNOTEL_Tok,273,63.32529,-143.03834,0.0,0.0,-1140.0,-1140.0,1140.0,1140.0
ISMN_SNOTEL_FieldingLake,274,63.2026,-145.63442,0.0,0.0,-1140.0,-1140.0,1140.0,1140.0
ISMN_SNOTEL_GulkanaRiver,275,62.40962,-145.37513,0.0,0.0,-1140.0,-1140.0,1140.0,1140.0
ISMN_SNOTEL_UpperTsainaRiver,276,61.19112,-145.64807,0.0,0.0,-1140.0,-1140.0,1140.0,1140.0
ISMN_SNOTEL_SusitnaValleyHigh,277,62.13245,-150.04391,0.0,0.0,-1140.0,-1140.0,1140.0,1140.0
ISMN_SNOTEL_TokositnaValley,278,62.62918,-150.7741,0.0,0.0,-1140.0,-1140.0,1140.0,1140.0
ISMN_SNOTEL_SpringCreek,279,61.65653,-149.12926,0.0,0.0,-1140.0,-1140.0,1140.0,1140.0
ISMN_SNOTEL_KenaiMoosePens,280,60.72499,-150.47369,0.0,0.0,-1140.0,-1140.0,1140.0,1140.0
ISMN_SNOTEL_PortGraham,281,59.35065,-151.84768,0.0,0.0,-1140.0,-1140.0,1140.0,1140.0
ISMN_SNOTEL_McneilRiverSGS,282,59.08358,-154.27785,0.0,0.0,-1140.0,-1140.0,1140.0,1140.0
ISMN_SNOTEL_TelaquanaLake,283,60.98347,-153.91866,0.0,0.0,-1140.0,-1140.0,1140.0,1140.0
ISMN_SNOTEL_GalenaAK,284,64.69662,-156.71497,0.0,0.0,-1140.0,-1140.0,1140.0,1140.0
ISMN_SNOTEL_McGrath,285,62.94652,-155.6102,0.0,0.0,-1140.0,-1140.0,1140.0,1140.0
ISMN_SNOTEL_Aniak,286,61.58337,-159.57708,0.0,0.0,-1140.0,-1140.0,1140.0,1140.0
ISMN_SNOTEL_KellyStation,287,67.9297,-162.2906,0.0,0.0,-1140.0,-1140.0,1140.0,1140.0
ISMN_SNOTEL_MooreCreekBridge,288,59.58668,-135.19455,0.0,0.0,-1140.0,-1140.0,1140.0,1140.0
ICOS_GF-Guy,289,5.2787,-52.9248,0.0,0.0,-1140.0,-1140.0,1140.0,1140.0
ISMN_ROMPS_Kokomeren,290,41.84843,74.33435,0.0,0.0,-1140.0,-1140.0,1140.0,1140.0
ISMN_ROMPS_AbramovGlacier,291,39.64848,71.58556,0.0,0.0,-1140.0,-1140.0,1140.0,1140.0
ISMN_ROMPS_Maydantal,292,41.99651,70.63916,0.0,0.0,-1140.0,-1140.0,1140.0,1140.0
ISMN_ROMPS_Maidanak,293,38.6738,66.8969,0.0,0.0,-1140.0,-1140.0,1140.0,1140.0
ICOS_FI-Var,294,67.7549,29.61,0.0,0.0,-1140.0,-1140.0,1140.0,1140.0
ICOS_FI-Ken,295,67.98721,24.24301,0.0,0.0,-1140.0,-1140.0,1140.0,1140.0
ICOS_SE-Nor,296,60.0865,17.479504,0.0,0.0,-1140.0,-1140.0,1140.0,1140.0
ICOS_ES-Agu,297,36.939384,-2.034044,0.0,0.0,-1140.0,-1140.0,1140.0,1140.0
ICOS_ES-Cnd,298,37.914997,-3.227659,0.0,0.0,-1140.0,-1140.0,1140.0,1140.0
ICOS_ES-Abr,299,38.70184,-6.785881,0.0,0.0,-1140.0,-1140.0,1140.0,1140.0
ISMN_RSMN_Banloc,300,45.3829,21.13626,0.0,0.0,-1140.0,-1140.0,1140.0,1140.0
ISMN_RSMN_SannicolauMare,301,46.07156,20.60159,0.0,0.0,-1140.0,-1140.0,1140.0,1140.0
ISMN_RSMN_Oradea,302,47.0358,21.89612,0.0,0.0,-1140.0,-1140.0,1140.0,1140.0
ISMN_RSMN_SatuMare,303,47.72144,22.88737,0.0,0.0,-1140.0,-1140.0,1140.0,1140.0
ISMN_RSMN_Cotnari,304,47.3583,26.92546,0.0,0.0,-1140.0,-1140.0,1140.0,1140.0
ISMN_RSMN_Iasi,305,47.16315,27.62546,0.0,0.0,-1140.0,-1140.0,1140.0,1140.0
ISMN_RSMN_Darabani,306,48.19477,26.57325,0.0,0.0,-1140.0,-1140.0,1140.0,1140.0
ISMN_RSMN_Slatina,307,44.44211,24.35446,0.0,0.0,-1140.0,-1140.0,1140.0,1140.0
ISMN_RSMN_Bacles,308,44.47617,23.1129,0.0,0.0,-1140.0,-1140.0,1140.0,1140.0
ISMN_RSMN_Calarasi,309,44.20572,27.33852,0.0,0.0,-1140.0,-1140.0,1140.0,1140.0
ISMN_RSMN_Dumbraveni,310,46.22786,24.59161,0.0,0.0,-1140.0,-1140.0,1140.0,1140.0
ICOS_DK-Sor,311,55.48587,11.644645,0.0,0.0,-1140.0,-1140.0,1140.0,1140.0
ICOS_SE-Htm,312,56.09763,13.41897,0.0,0.0,-1140.0,-1140.0,1140.0,1140.0
ICOS_CZ-KrP,313,49.573257,15.078773,0.0,0.0,-1140.0,-1140.0,1140.0,1140.0
ICOS_CZ-wet,314,49.02465,14.77035,0.0,0.0,-1140.0,-1140.0,1140.0,1140.0
ICOS_CZ-BK1,315,49.502075,18.536882,0.0,0.0,-1140.0,-1140.0,1140.0,1140.0
ICOS_CZ-Lnz,316,48.68155,16.946331,0.0,0.0,-1140.0,-1140.0,1140.0,1140.0
ICOS_CZ-RAJ,317,49.44372,16.696512,0.0,0.0,-1140.0,-1140.0,1140.0,1140.0
ICOS_DE-Geb,318,51.09973,10.91463,0.0,0.0,-1140.0,-1140.0,1140.0,1140.0
ICOS_DE-HoH,319,52.08656,11.22235,0.0,0.0,-1140.0,-1140.0,1140.0,1140.0
ISMN_COSMOS-UK_Balruddery,320,56.4823,-3.11149,0.0,0.0,-1140.0,-1140.0,1140.0,1140.0
ISMN_COSMOS-UK_Redhill,321,51.26287,0.42914,0.0,0.0,-1140.0,-1140.0,1140.0,1140.0
ISMN_COSMOS-UK_Writtle,322,51.734,0.4179,0.0,0.0,-1140.0,-1140.0,1140.0,1140.0
ISMN_COSMOS-UK_LullingtonHeath,323,50.79372,0.18887,0.0,0.0,-1140.0,-1140.0,1140.0,1140.0
ISMN_COSMOS-UK_MoretonMorrell,324,52.19941,-1.56308,0.0,0.0,-1140.0,-1140.0,1140.0,1140.0
ISMN_COSMOS-UK_AliceHolt,325,51.15355,-0.85823,0.0,0.0,-1140.0,-1140.0,1140.0,1140.0
ISMN_COSMOS-UK_HolmeLacy,326,52.02088,-2.66211,0.0,0.0,-1140.0,-1140.0,1140.0,1140.0
ISMN_COSMOS-UK_BickleyHall,327,53.02635,-2.70053,0.0,0.0,-1140.0,-1140.0,1140.0,1140.0
ISMN_COSMOS-UK_CwmGarw,328,51.95136,-4.74658,0.0,0.0,-1140.0,-1140.0,1140.0,1140.0
ICOS_BE-Lon,329,50.55162,4.746234,0.0,0.0,-1140.0,-1140.0,1140.0,1140.0
ICOS_BE-Bra,330,51.30761,4.51984,0.0,0.0,-1140.0,-1140.0,1140.0,1140.0
ICOS_FR-EM2,331,49.87211,3.02065,0.0,0.0,-1140.0,-1140.0,1140.0,1140.0
ICOS_FR-Gri,332,48.84422,1.95191,0.0,0.0,-1140.0,-1140.0,1140.0,1140.0
ICOS_IT-MBo,333,46.01468,11.045831,0.0,0.0,-1140.0,-1140.0,1140.0,1140.0
ICOS_IT-BFt,334,45.197754,10.741966,0.0,0.0,-1140.0,-1140.0,1140.0,1140.0
ICOS_CH-Oe2,335,47.28642,7.73375,0.0,0.0,-1140.0,-1140.0,1140.0,1140.0
ICOS_DE-Har,336,47.93391,7.59814,0.0,0.0,-1140.0,-1140.0,1140.0,1140.0
ICOS_FR-Hes,337,48.6741,7.06465,0.0,0.0,-1140.0,-1140.0,1140.0,1140.0
ICOS_CH-Dav,338,46.81533,9.85591,0.0,0.0,-1140.0,-1140.0,1140.0,1140.0
ICOS_IT-Lsn,339,45.740482,12.750297,0.0,0.0,-1140.0,-1140.0,1140.0,1140.0
ISMN_SMOSMANIA_Urgons,340,43.6397,-0.435,0.0,0.0,-1140.0,-1140.0,1140.0,1140.0
ISMN_SMOSMANIA_CabrieresdAvignon,341,43.88367,5.16483,0.0,0.0,-1140.0,-1140.0,1140.0,1140.0
ICOS_FR-FBn,342,43.24079,5.67865,0.0,0.0,-1140.0,-1140.0,1140.0,1140.0
ICOS_FR-CLt,343,45.0414,6.41053,0.0,0.0,-1140.0,-1140.0,1140.0,1140.0
ICOS_IT-SR2,344,43.73202,10.29091,0.0,0.0,-1140.0,-1140.0,1140.0,1140.0
ISMN_COSMOS-UK_Fivemiletown,345,54.2985,-7.29186,0.0,0.0,-1140.0,-1140.0,1140.0,1140.0
ICOS_FR-Mej,346,48.1184,-1.79635,0.0,0.0,-1140.0,-1140.0,1140.0,1140.0
ICOS_IT-BCi,347,40.52375,14.957444,0.0,0.0,-1140.0,-1140.0,1140.0,1140.0
ICOS_RU-Fyo,348,56.46153,32.92208,0.0,0.0,-1140.0,-1140.0,1140.0,1140.0
ICOS_IL-Yat,349,31.345045,35.051987,0.0,0.0,-1140.0,-1140.0,1140.0,1140.0
ISMN_COSMOS_KLEE,350,0.2825,36.8669,0.0,0.0,-1140.0,-1140.0,1140.0,1140.0
ISMN_SD_DEM_Demokeya,351,13.2829,30.4783,0.0,0.0,-1140.0,-1140.0,1140.0,1140.0
ISMN_LAB-net_OromoCalibrationSite,352,-40.88502,-73.10873,0.0,0.0,-1140.0,-1140.0,1140.0,1140.0
