station_id,region_id,status,catchment_touches_region_edge,basin_cells,acc_at_station_cells,a_at_station_m,twi_at_station,hand_at_station,slope_at_station,tile_slope_floor_frac,tile_twi_sd,tile_hand_sd,tile_valid_frac
ISMN_SCAN_Alcalde,4,done,False,3209,821.451171875,24643.53515625,12.992814064025879,0.0,0.056045468896627426,0.0009613843935266784,2.498220443725586,4.058843612670898,1.0
ISMN_SNOTEL_Culebra#2,4,done,False,682,274.5254211425781,8235.7626953125,10.952569007873535,0.0,0.14324474334716797,0.0,1.8500782251358032,104.8203125,1.0
ISMN_SNOTEL_ElkCabin,4,done,False,1,15.001644134521484,450.04931640625,7.722563743591309,8.517822265625,0.19667206704616547,0.0,1.6811368465423584,80.51612854003906,1.0
ISMN_SNOTEL_GallegosPeak,4,done,False,6,17.783649444580078,533.5094604492188,8.045158386230469,69.34130859375,0.16943000257015228,0.0,1.302823781967163,49.406463623046875,1.0
ISMN_SNOTEL_GaritaPeak,4,done,False,2,4.140023231506348,124.20069885253906,6.401920318603516,38.35205078125,0.20312996208667755,0.0,1.3739231824874878,47.22560119628906,1.0
ISMN_SNOTEL_Palo,4,done,False,3,16.475528717041016,494.265869140625,8.095754623413086,32.012451171875,0.14954248070716858,0.0,1.1818376779556274,48.57754135131836,1.0
ISMN_SNOTEL_Quemazon,4,done,False,1,2.088653087615967,62.65959167480469,6.4355950355529785,26.402099609375,0.10013573616743088,0.0001602307322544464,1.1720718145370483,72.58509063720703,1.0
ISMN_SNOTEL_RioSantaBarbara,4,done,False,3,3.9472482204437256,118.41744995117188,6.750753402709961,195.94384765625,0.13767170906066895,0.0,1.2006480693817139,102.19047546386719,1.0
ISMN_SNOTEL_SantaFe,4,done,False,2,1.9877949953079224,59.63385009765625,6.863713264465332,325.5771484375,0.06223844736814499,0.0,1.4749491214752197,93.49388122558594,1.0
ISMN_SNOTEL_SenoritaDivide#2,4,done,False,1,1.0097858905792236,30.293577194213867,6.104444980621338,14.41796875,0.06754027307033539,0.0,1.9229977130889893,25.833887100219727,1.0
ISMN_SNOTEL_Shuree,4,done,False,25,19.418100357055664,582.5430297851562,9.127044677734375,60.763427734375,0.06323006749153137,0.0,1.5915906429290771,59.167076110839844,1.0
ISMN_SNOTEL_TaosPowderhorn,4,done,False,2,22.422794342041016,672.683837890625,8.023971557617188,41.694091796875,0.2168508619070053,0.0,1.3529775142669678,118.44658660888672,1.0
ISMN_SNOTEL_TaosPueblo,4,done,False,1,8.04406452178955,241.32192993164062,7.356603145599365,70.63720703125,0.1528494954109192,0.0,1.1536179780960083,81.18901824951172,1.0
ISMN_SNOTEL_TresRitos,4,done,False,1,5.046265602111816,151.38796997070312,8.488396644592285,9.973876953125,0.03115207888185978,0.0,2.388216257095337,77.05038452148438,1.0
ISMN_SNOTEL_VacasLocas,4,done,False,1,1.2437522411346436,37.31256866455078,5.782413482666016,9.104248046875,0.11446752399206161,0.0,1.6299046277999878,21.17494010925293,1.0
ISMN_SNOTEL_WesnerSprings,4,done,False,8,12.90376091003418,387.1128234863281,8.636458396911621,51.80615234375,0.06861025840044022,0.0,1.1197118759155273,61.80298614501953,1.0
ISMN_USCRN_Los-Alamos-13-W,4,done,False,6,77.72537994384766,2331.761474609375,10.210563659667969,26.544189453125,0.08555226027965546,0.0,2.0073328018188477,40.86674118041992,1.0
AmeriFlux_US-Vcm,4,done,False,2,2.1100738048553467,63.302215576171875,6.304419040679932,76.932373046875,0.11521705985069275,0.0,1.261528491973877,57.494346618652344,1.0
AmeriFlux_US-Vcp,4,done,False,5,42.87255859375,1286.1767578125,9.933816909790039,1.173828125,0.062306907027959824,0.0,2.505974054336548,75.06214904785156,1.0
ISMN_SCAN_BodieHills,3,done,False,22,585.3499145507812,17560.498046875,11.920494079589844,0.0,0.11629686504602432,0.0,2.26450777053833,25.4858455657959,1.0
ISMN_SNOTEL_BigMeadow,3,done,False,12,23.306058883666992,699.1817626953125,8.631176948547363,18.488037109375,0.12413068115711212,0.0,1.3960734605789185,69.51152801513672,1.0
ISMN_SNOTEL_BlueLakes,3,done,False,4,4.640059471130371,139.2017822265625,6.856329917907715,21.656005859375,0.14551173150539398,0.07066175292421087,2.1879427433013916,37.20479202270508,1.0
ISMN_SNOTEL_CarsonPass,3,done,False,2,10.664515495300293,319.9354553222656,7.927135944366455,32.530517578125,0.11492987722158432,0.002403460983816696,1.7072169780731201,41.53541946411133,1.0
ISMN_SNOTEL_CssLab,3,done,False,9,37.10991668701172,1113.2974853515625,9.408644676208496,0.5615234375,0.09105135500431061,0.024194840570421407,2.0931437015533447,42.74959945678711,1.0
ISMN_SNOTEL_EbbettsPass,3,done,False,1,1.6814758777618408,50.44427490234375,6.454288482666016,3.40234375,0.0792209729552269,0.0,1.3995956182479858,78.1343994140625,1.0
ISMN_SNOTEL_EchoPeak,3,done,False,36,108.89924621582031,3266.977294921875,9.434839248657227,10.2294921875,0.2553083896636963,0.029963146931581478,2.0854125022888184,110.4435043334961,1.0
ISMN_SNOTEL_FallenLeaf,3,done,False,16,12.097990989685059,362.9397277832031,8.74151611328125,0.0008544921875,0.05793698504567146,0.15446242589328632,2.852771759033203,9.134560585021973,1.0
ISMN_SNOTEL_ForestdaleCreek,3,done,False,1,1.5583206415176392,46.74961853027344,6.414648532867432,25.3525390625,0.07639864087104797,0.0,1.620259165763855,52.68899154663086,1.0
ISMN_SNOTEL_HagansMeadow,3,done,False,2,3.5577914714813232,106.7337417602539,6.534684181213379,2.478271484375,0.15377379953861237,0.0,1.8651845455169678,106.77519226074219,1.0
ISMN_SNOTEL_HeavenlyValley,3,done,False,4,3.559340000152588,106.78019714355469,7.069696426391602,2.111572265625,0.0905672162771225,0.0,1.418563723564148,97.7248764038086,1.0
ISMN_SNOTEL_HorseMeadow,3,done,False,2,1.9537694454193115,58.61308288574219,5.582767009735107,28.482177734375,0.2170373648405075,0.0,1.775450348854065,90.34716796875,1.0
ISMN_SNOTEL_IndependenceCamp,3,done,False,2,1.7980912923812866,53.9427375793457,6.588318824768066,14.96533203125,0.07410822808742523,0.1664797308123698,3.0771420001983643,40.57827377319336,1.0
ISMN_SNOTEL_IndependenceCreek,3,done,False,1,1.654713749885559,49.64141082763672,5.945840835571289,13.471435546875,0.12917347252368927,0.0,2.0647833347320557,27.907630920410156,1.0
ISMN_SNOTEL_IndependenceLake,3,done,False,1,2.7191591262817383,81.57477569580078,5.984389781951904,428.638427734375,0.2025679498910904,0.09004967152699887,2.2278130054473877,105.92613220214844,1.0
ISMN_SNOTEL_LeavittLake,3,done,False,1,4.025540351867676,120.7662124633789,6.810380458831787,96.28125,0.13233938813209534,0.025636917160711425,2.0160226821899414,71.83590698242188,1.0
ISMN_SNOTEL_LeavittMeadows,3,done,False,2,3020.169921875,90605.09375,14.674630165100098,0.0,0.03835560008883476,0.0012818458580355712,2.406558036804199,117.01993560791016,1.0
ISMN_SNOTEL_LittleValley,3,done,False,2,17.473011016845703,524.1903076171875,9.122302055358887,13.7362060546875,0.057180728763341904,0.0001602307322544464,2.0711660385131836,47.7880744934082,1.0
ISMN_SNOTEL_LobdellLake,3,done,False,1,5.1206159591674805,153.6184844970703,8.398773193359375,21.29833984375,0.034572407603263855,0.0,1.6499052047729492,34.97979736328125,1.0
ISMN_SNOTEL_MarletteLake,3,done,False,4,16.045469284057617,481.36407470703125,7.5171732902526855,12.06640625,0.25596144795417786,0.004646691235378946,1.9025970697402954,93.74102783203125,1.0
ISMN_SNOTEL_MonitorPass,3,done,False,7,20.799585342407227,623.987548828125,8.635374069213867,22.971923828125,0.11043581366539001,0.0,1.5717800855636597,108.05682373046875,1.0
ISMN_SNOTEL_MtRoseSkiArea,3,done,False,4,11.987764358520508,359.6329345703125,7.589255332946777,56.4658203125,0.17995497584342957,0.0,1.594089388847351,132.24688720703125,1.0
ISMN_SNOTEL_PalisadesTahoe,3,done,False,1,2.646078109741211,79.38233947753906,6.569990634918213,16.1953125,0.11082304269075394,0.0,1.4924499988555908,86.2853775024414,1.0
ISMN_SNOTEL_PoisonFlat,3,done,False,1,2.4226725101470947,72.68017578125,6.262241363525391,14.143310546875,0.13772130012512207,0.0,1.6211633682250977,58.59099578857422,1.0
ISMN_SNOTEL_Rubicon#2,3,done,False,4,3.5082521438598633,105.24756622314453,5.855664253234863,98.943359375,0.292731910943985,0.0,1.291884183883667,127.03408813476562,1.0
ISMN_SNOTEL_SonoraPass,3,done,False,5,5.401232719421387,162.0369873046875,7.05778694152832,49.41796875,0.13856835663318634,0.0,2.078282117843628,75.33987426757812,1.0
ISMN_SNOTEL_SprattCreek,3,done,False,9464,2836.472412109375,85094.171875,14.113414764404297,0.0,0.06308774650096893,0.0001602307322544464,2.3848114013671875,59.08328628540039,1.0
ISMN_SNOTEL_SummitMeadow,3,done,False,5,12.618451118469238,378.55352783203125,7.781483173370361,39.660888671875,0.15670989453792572,0.0,1.3263003826141357,127.55209350585938,1.0
ISMN_SNOTEL_TahoeCityCross,3,done,False,2,67.14776611328125,2014.4329833984375,9.569597244262695,9.4375,0.13973012566566467,0.018426534209261335,2.6899378299713135,52.70597457885742,1.0
ISMN_SNOTEL_Truckee#2,3,done,False,6,5.503766059875488,165.11297607421875,7.687074661254883,92.560546875,0.07559598982334137,0.0001602307322544464,1.2806655168533325,31.59650230407715,1.0
ISMN_SNOTEL_VirginiaLakesRidge,3,done,False,11,19.024555206298828,570.7366333007812,8.662599563598633,62.633544921875,0.09838123619556427,0.0,1.5401670932769775,95.66532897949219,1.0
ISMN_SNOTEL_WardCreek#3,3,done,False,4,65.89896392822266,1976.9688720703125,10.325780868530273,2.25537109375,0.06470880657434464,0.0,1.8237160444259644,85.11811828613281,1.0
AmeriFlux_US-SHC,3,done,False,1,5.7921295166015625,173.76388549804688,7.519008159637451,4.8172607421875,0.09401852637529373,0.0004806921967633392,1.8030189275741577,31.79213523864746,1.0
ISMN_ARM_Anthony,6,done,False,1,1.1079879999160767,33.23963928222656,8.865764617919922,2.263458251953125,0.0046913763508200645,0.007050152219195641,1.685853123664856,1.19814932346344,1.0
ISMN_ARM_Ashton,6,done,False,2,3.4081389904022217,102.24417114257812,7.736852645874023,7.518798828125,0.0445941723883152,0.0009613843935266784,1.2741481065750122,4.831118583679199,1.0
ISMN_ARM_Byron,6,done,False,1,2.415027618408203,72.4508285522461,11.19066333770752,1.29217529296875,0.0008967933245003223,0.020189072264060248,1.931447982788086,1.0113341808319092,1.0
ISMN_ARM_Lamont-CF1,6,done,False,3,2.7087559700012207,81.26268005371094,7.170684814453125,12.780853271484375,0.06239333376288414,0.010094536132030124,1.7284284830093384,2.858363151550293,1.0
ISMN_ARM_Lamont-CF2,6,done,False,1,1.2009483575820923,36.02845001220703,7.525502681732178,12.40576171875,0.01942257396876812,0.007210382951450088,1.7977921962738037,2.7616398334503174,1.0
ISMN_ARM_MapleCity,6,done,False,3,2.8406982421875,85.220947265625,7.375057697296143,3.229644775390625,0.053356464952230453,0.0017625380547989103,1.5579720735549927,3.115267753601074,1.0
ISMN_ARM_Marshall,6,done,False,1,1.5808274745941162,47.42482376098633,7.720041751861572,5.909210205078125,0.021046021953225136,0.0,1.4495257139205933,5.082345962524414,1.0
ISMN_ARM_Medford,6,done,False,13,7.414884090423584,222.44651794433594,9.736205101013184,2.8929443359375,0.01314681675285101,0.010414997596539017,1.3229014873504639,1.3743208646774292,1.0
ISMN_ARM_Morrison,6,done,False,1,1.1801155805587769,35.40346908569336,8.090177536010742,8.335418701171875,0.010851985774934292,0.0004806921967633392,1.2485735416412354,2.8310468196868896,1.0
ISMN_ARM_Newkirk,6,done,False,16,15.705527305603027,471.16583251953125,10.984143257141113,2.150177001953125,0.007994878105819225,0.008972921006248998,1.6048861742019653,1.8263423442840576,1.0
ISMN_ARM_Ringwood,6,done,False,1,1.041184425354004,31.235532760620117,8.494565963745117,1.657562255859375,0.006389988586306572,0.000801153661272232,1.8713407516479492,3.119128704071045,1.0
ISMN_ARM_Tryon,6,done,False,5,6.915597438812256,207.46792602539062,9.047154426574707,3.69140625,0.024419430643320084,0.0006409229290177856,1.6728755235671997,4.804849147796631,1.0
ISMN_ARM_Waukomis,6,done,False,2,3.308614730834961,99.25843811035156,8.596528053283691,1.9954833984375,0.018335552886128426,0.0017625380547989103,1.3956735134124756,3.566704034805298,1.0
ISMN_SCAN_Abrams,6,done,False,1,1.8378762006759644,55.136287689208984,8.526358604431152,0.996490478515625,0.01092621125280857,0.0014420765902900176,1.4431406259536743,5.1008620262146,1.0
ISMN_USCRN_Stillwater-2-W,6,done,False,1,3.329184055328369,99.87551879882812,8.203699111938477,1.49517822265625,0.027323072776198387,0.0017625380547989103,2.3217689990997314,4.094054698944092,1.0
ISMN_USCRN_Stillwater-5-WNW,6,done,False,2,3.3123040199279785,99.3691177368164,7.008633136749268,2.747650146484375,0.08959350734949112,0.000801153661272232,1.889110803604126,4.290977954864502,1.0
AmeriFlux_US-ARM,6,done,False,9,4.4785356521606445,134.35606384277344,9.43601131439209,4.4088134765625,0.01072094589471817,0.0057683063611600706,1.8355624675750732,2.829184055328369,1.0
ISMN_SNOTEL_Cascade#2,12,done,False,2,6.757989883422852,202.7397003173828,7.3539252281188965,115.669677734375,0.1290474832057953,0.0,1.7938997745513916,52.465919494628906,1.0
ISMN_SNOTEL_LilyPond,12,done,False,1,2.515376329421997,75.46128845214844,6.661692142486572,37.338623046875,0.09621552377939224,0.0,1.3425068855285645,100.89230346679688,1.0
ISMN_SNOTEL_LizardHeadPass,12,done,False,4,5.311273097991943,159.33819580078125,7.03403902053833,25.518798828125,0.13952261209487915,0.0,2.046928882598877,29.566816329956055,1.0
ISMN_SNOTEL_LoneCone,12,done,False,2,2.477029800415039,74.31089782714844,6.568522930145264,11.472900390625,0.10394681990146637,0.0,1.8235337734222412,47.4998893737793,1.0
ISMN_SNOTEL_Sharkstooth,12,done,False,1,1.8711607456207275,56.134822845458984,7.167031288146973,98.406982421875,0.043287139385938644,0.0,1.50126051902771,100.37849426269531,1.0
ISMN_SNOTEL_Slumgullion,12,done,False,4,6.105553150177002,183.16659545898438,7.090096473693848,79.220458984375,0.15146677196025848,0.0,1.232837200164795,81.69965362548828,1.0
ISMN_SNOTEL_UpperRioGrande,12,done,False,13,9.272883415222168,278.1864929199219,7.394596099853516,11.99072265625,0.16932660341262817,0.01201730491908348,2.471541166305542,95.58949279785156,1.0
ISMN_SNOTEL_UpperSanJuan,12,done,False,1,247.46646118164062,7423.99365234375,11.930892944335938,0.0,0.04883949086070061,0.0,1.787022352218628,93.41841125488281,1.0
ISMN_SNOTEL_WolfCreekSummit,12,done,False,5,3.602590322494507,108.07771301269531,6.019608974456787,47.768310546875,0.25689151883125305,0.0,1.4495562314987183,51.135684967041016,1.0
ISMN_USCRN_Cortez-8-SE,12,done,False,1,2.1629726886749268,64.8891830444336,5.971744537353516,122.783447265625,0.16396832466125488,0.0,1.4595205783843994,47.293277740478516,1.0
ISMN_SNOTEL_ArapahoRidge,1,done,False,1,1.9471771717071533,58.415313720703125,7.568580627441406,47.927001953125,0.030157973989844322,0.0,1.0629562139511108,66.36399841308594,1.0
ISMN_SNOTEL_BerthoudSummit,1,done,False,4,32.63494873046875,979.0484619140625,8.619176864624023,95.7236328125,0.17501576244831085,0.0,1.53972589969635,88.49555969238281,1.0
ISMN_SNOTEL_BlackhallMtn,1,done,False,3,7.914966106414795,237.44898986816406,7.721348762512207,23.572021484375,0.10486610233783722,0.0,1.2004220485687256,34.14521026611328,1.0
ISMN_SNOTEL_BrooklynLake,1,done,False,2,5.105193614959717,153.1558074951172,7.560912132263184,39.09912109375,0.07953421026468277,0.0,1.644592523574829,22.253639221191406,1.0
ISMN_SNOTEL_BuckskinJoe,1,done,False,20,41.5589599609375,1246.768798828125,8.577086448669434,19.386962890625,0.23067700862884521,0.0,1.87765634059906,156.58895874023438,1.0
ISMN_SNOTEL_Butte,1,done,False,1,2.374744415283203,71.2423324584961,6.225293159484863,107.667724609375,0.14004749059677124,0.0,1.485763430595398,96.65718078613281,1.0
ISMN_SNOTEL_CinnabarPark,1,done,False,6,7.940555095672607,238.21665954589844,8.651535034179688,17.102294921875,0.04163007065653801,0.0004806921967633392,1.4681452512741089,19.361427307128906,1.0
ISMN_SNOTEL_DryLake,1,done,False,263,170.87957763671875,5126.38720703125,11.712327003479004,0.0,0.04197177663445473,0.0,2.0136423110961914,35.9013786315918,1.0
ISMN_SNOTEL_FremontPass,1,done,False,1,11.31379222869873,339.41375732421875,8.072799682617188,60.94775390625,0.10547327250242233,0.0014420765902900176,1.9084689617156982,69.3620834350586,1.0
ISMN_SNOTEL_GrizzlyPeak,1,done,False,7,6.087655544281006,182.62966918945312,6.330786228179932,35.319091796875,0.3144095838069916,0.0,1.7866052389144897,111.5327377319336,1.0
ISMN_SNOTEL_HighLonesome,1,done,False,3,4.488797187805176,134.66390991210938,6.699954032897949,83.3984375,0.1642732173204422,0.0,1.2990972995758057,49.25298309326172,1.0
ISMN_SNOTEL_HoosierPass,1,done,False,1,1.1356635093688965,34.06990432739258,6.298891544342041,105.083251953125,0.06255041062831879,0.006569460022432303,1.454210877418518,71.61557006835938,1.0
ISMN_SNOTEL_JackwhackerGulch,1,done,False,3,18.5249080657959,555.7472534179688,8.035360336303711,33.06494140625,0.1780497133731842,0.0,1.9059990644454956,129.46209716796875,1.0
ISMN_SNOTEL_JonesPass,1,done,False,16,69.71562957763672,2091.468994140625,8.785593032836914,7.705322265625,0.30954721570014954,0.0,1.7594763040542603,118.83836364746094,1.0
ISMN_SNOTEL_LittleSnakeRiver,1,done,False,2,47.44658279418945,1423.3974609375,9.767091751098633,48.701904296875,0.08139012008905411,0.0,1.8802932500839233,58.14057922363281,1.0
ISMN_SNOTEL_LongDrawResv,1,done,False,1,4.11986780166626,123.59603118896484,6.5613908767700195,17.031494140625,0.17300757765769958,0.0290017625380548,1.9469680786132812,38.28028869628906,1.0
ISMN_SNOTEL_LostDog,1,done,False,7,15.420332908630371,462.6099853515625,7.676396369934082,70.13525390625,0.2112845480442047,0.0,2.040722608566284,48.23691177368164,1.0
ISMN_SNOTEL_MedBow,1,done,False,1,2.9365339279174805,88.09601593017578,5.931572437286377,26.52392578125,0.22970639169216156,0.0,1.6905773878097534,22.62271499633789,1.0
ISMN_SNOTEL_MichiganCreek,1,done,False,10,76.78933715820312,2303.68017578125,9.930171966552734,31.90087890625,0.1116844043135643,0.0,1.8362696170806885,65.66173553466797,1.0
ISMN_SNOTEL_MiddleForkCamp,1,done,False,1,1.2256906032562256,36.77071762084961,8.172894477844238,5.205322265625,0.010376323014497757,0.0003204614645088928,3.0799877643585205,63.947471618652344,1.0
ISMN_SNOTEL_ParkCone,1,done,False,1,12.370282173156738,371.10845947265625,7.660781383514404,89.4072265625,0.1730220913887024,0.31469315814773274,4.284499168395996,73.24689483642578,1.0
ISMN_SNOTEL_PhantomValley,1,done,False,3,73.5290298461914,2205.870849609375,10.566061019897461,8.07666015625,0.05679772049188614,0.0,2.479966402053833,82.4942855834961,1.0
ISMN_SNOTEL_PorphyryCreek,1,done,False,37,36.1190299987793,1083.5709228515625,8.811840057373047,16.89404296875,0.16002732515335083,0.0,1.3106848001480103,71.85650634765625,1.0
ISMN_SNOTEL_RoughAndTumble,1,done,False,1,1.3869255781173706,41.60776901245117,5.8028411865234375,6.861572265625,0.12495791912078857,0.0,1.7953628301620483,38.384185791015625,1.0
ISMN_SNOTEL_SageCreekBasin,1,done,False,3,2.2852373123168945,68.55712127685547,5.860683441162109,6.1962890625,0.1929103434085846,0.0001602307322544464,1.4733328819274902,24.778188705444336,1.0
ISMN_SNOTEL_SandstoneRS,1,done,False,57,67.45027160644531,2023.5081787109375,10.218631744384766,7.7919921875,0.07369232922792435,0.0001602307322544464,1.3703789710998535,27.542068481445312,1.0
ISMN_SNOTEL_Sawtooth,1,done,False,5,11.626097679138184,348.7829284667969,7.295862674713135,23.50048828125,0.23232124745845795,0.0,2.2082488536834717,77.33992767333984,1.0
ISMN_SNOTEL_SchofieldPass,1,done,False,17,10.063623428344727,301.90869140625,6.9716925621032715,22.444580078125,0.275982528924942,0.0,1.9339454174041748,84.17647552490234,1.0
ISMN_SNOTEL_SouthBrushCreek,1,done,False,4,3.251950740814209,97.55852508544922,6.842747688293457,16.46337890625,0.10373752564191818,0.0,1.9493600130081177,20.25687599182129,1.0
ISMN_SNOTEL_StillwaterCreek,1,done,False,21,25.7718563079834,773.1557006835938,9.250046730041504,34.9482421875,0.07416947185993195,0.0,2.002410411834717,35.858211517333984,1.0
ISMN_SNOTEL_SummitRanch,1,done,False,3,2.5308938026428223,75.92681121826172,6.551878929138184,10.33154296875,0.10795889794826508,0.0,1.876530647277832,41.916446685791016,1.0
ISMN_SNOTEL_UpperTaylor,1,done,False,1,15.47538948059082,464.2616882324219,7.531494140625,39.771240234375,0.2438630312681198,0.0,1.810648798942566,98.06480407714844,1.0
ISMN_SNOTEL_WildBasin,1,done,False,4,12.498678207397461,374.9603576660156,6.958820343017578,47.632080078125,0.3422705829143524,0.0,2.3394718170166016,71.55364990234375,1.0
ISMN_SNOTEL_Zirkel,1,done,False,4,11.95085620880127,358.52569580078125,7.678712844848633,16.474609375,0.16434739530086517,0.0,1.5469448566436768,75.97599792480469,1.0
ISMN_iRON_BrushCreek,1,done,False,2,34.26661682128906,1027.99853515625,9.780495643615723,2.787841796875,0.05806157737970352,0.0,2.1289334297180176,41.569637298583984,1.0
ISMN_iRON_NorthstarAspenGrove,1,done,False,7,114.30886840820312,3429.26611328125,9.745745658874512,0.0,0.19812645018100739,0.000801153661272232,2.944070816040039,119.1208267211914,1.0
ISMN_iRON_NorthstarTransitionZone,1,done,False,768,116.55620574951172,3496.686279296875,10.91077995300293,0.0,0.06376408785581589,0.000801153661272232,2.9434430599212646,117.0047607421875,1.0
ISMN_iRON_SkyMountain,1,done,False,43,40.14890670776367,1204.4671630859375,9.086746215820312,44.938720703125,0.13545772433280945,0.0,2.3442509174346924,41.853187561035156,1.0
AmeriFlux_US-GLE,1,done,False,1,2.472954750061035,74.18864440917969,6.983345985412598,7.1806640625,0.06867919862270355,0.0001602307322544464,1.5918302536010742,22.14569091796875,1.0
AmeriFlux_US-xRM,1,done,False,1,5.145988941192627,154.37966918945312,7.686930179595947,4.219482421875,0.07070890814065933,0.0,1.9449776411056519,36.107234954833984,1.0
ISMN_SNOTEL_AtlantaSummit,13,done,False,23,31.097688674926758,932.9306640625,8.725316047668457,39.544921875,0.15038390457630157,0.0,1.471489429473877,90.50010681152344,1.0
ISMN_SNOTEL_BannerSummit,13,done,False,3,9.287033081054688,278.6109924316406,8.09819221496582,9.17431640625,0.08452051132917404,0.0,1.569294810295105,42.2227668762207,1.0
ISMN_SNOTEL_BearCanyon,13,done,False,8,23.433345794677734,703.0003662109375,8.703600883483887,15.974853515625,0.11616361886262894,0.0,2.224937677383423,85.55946350097656,1.0
ISMN_SNOTEL_ChocolateGulch,13,done,False,3,5.908936500549316,177.26809692382812,6.54047966003418,9.365966796875,0.25056037306785583,0.0003204614645088928,2.5806703567504883,55.87286376953125,1.0
ISMN_SNOTEL_CouchSummit,13,done,False,57,30.67224884033203,920.16748046875,8.241351127624512,1.936767578125,0.2378978580236435,0.0,1.3804426193237305,69.22830963134766,1.0
ISMN_SNOTEL_GalenaSummit,13,done,False,9,7.678524971008301,230.35574340820312,7.549800395965576,40.2421875,0.12062814831733704,0.0,1.3883121013641357,60.88219451904297,1.0
ISMN_SNOTEL_HiltsCreek,13,done,False,7,11.715888023376465,351.4766540527344,7.092152118682861,65.172119140625,0.2843684256076813,0.0,1.708325982093811,64.0246810913086,1.0
ISMN_SNOTEL_JacksonPeak,13,done,False,6,6.133640289306641,184.00921630859375,7.237773418426514,51.0810546875,0.1315225213766098,0.0,1.3582940101623535,85.0111083984375,1.0
ISMN_SNOTEL_StickneyMill,13,done,False,2,3.018476963043213,90.55430603027344,6.241209983825684,8.443359375,0.17455942928791046,0.0001602307322544464,2.6999032497406006,148.1516571044922,1.0
ISMN_SNOTEL_SwedePeak,13,done,False,1,1.321346402168274,39.6403923034668,5.384955406188965,27.14599609375,0.17979036271572113,0.0,1.4052091836929321,60.26899719238281,1.0
ISMN_COSMOS-UK_Cardington,24,done,False,2,20.388498306274414,611.6549682617188,11.343968391418457,0.16879653930664062,0.007242291700094938,0.01954814933504246,1.9119930267333984,3.6397690773010254,1.0
ISMN_COSMOS-UK_ChimneyMeadows,24,done,False,1,1.165419340133667,34.962581634521484,8.092854499816895,1.49188232421875,0.010688206180930138,0.01778561128024355,3.1186106204986572,1.2726688385009766,1.0
ISMN_COSMOS-UK_Heytesbury,24,done,False,3,2.8436784744262695,85.31035614013672,8.103303909301758,25.70538330078125,0.025803882628679276,0.0004806921967633392,1.263502836227417,12.405241012573242,1.0
ISMN_COSMOS-UK_PortonDown,24,done,False,116,64.4280014038086,1932.840087890625,11.228738784790039,1.289093017578125,0.025675632059574127,0.0001602307322544464,1.4306609630584717,10.421793937683105,1.0
ISMN_COSMOS-UK_Rothamsted,24,done,False,2,7.212799072265625,216.38397216796875,10.187114715576172,11.857276916503906,0.008147191256284714,0.0011216151257811247,1.6135269403457642,6.608555316925049,1.0
ISMN_COSMOS-UK_Sheepdrove,24,done,False,2,2.016162157058716,60.48486328125,7.547791957855225,21.117782592773438,0.03188122808933258,0.0,1.2598053216934204,12.531432151794434,1.0
ISMN_COSMOS-UK_Waddesdon,24,done,False,11,11.881597518920898,356.44793701171875,9.164758682250977,9.183952331542969,0.03728983923792839,0.0011216151257811247,1.9402580261230469,19.250442504882812,1.0
ISMN_SCAN_BlueCreek,0,done,False,23,430.9247741699219,12927.7431640625,12.505041122436523,0.0,0.0478983037173748,0.0,2.4920990467071533,39.665283203125,1.0
ISMN_SCAN_BuffaloJump,0,done,False,1,7.589480876922607,227.68443298339844,8.710354804992676,17.8333740234375,0.03752065449953079,0.0001602307322544464,1.380678653717041,16.435707092285156,1.0
ISMN_SCAN_CacheJunction,0,done,False,1,1.7879167795181274,53.63750457763672,7.7573699951171875,0.0030517578125,0.02293028123676777,0.045024835763499436,1.7376497983932495,0.46537303924560547,1.0
ISMN_SCAN_CaveValley,0,done,False,1,3.300513505935669,99.0154037475586,7.120578765869141,1.936767578125,0.07986379414796829,0.0001602307322544464,2.136561393737793,21.052913665771484,1.0
ISMN_SCAN_ChickenRidge,0,done,False,9,4.127270698547363,123.81812286376953,6.873554229736328,28.027587890625,0.12743179500102997,0.0,1.2463308572769165,23.236209869384766,1.0
ISMN_SCAN_Circleville,0,done,False,1,547.7255249023438,16431.765625,13.985574722290039,0.0,0.013861124403774738,0.0,1.182084560394287,0.5872050523757935,1.0
ISMN_SCAN_Enterprise,0,done,False,2,3.405064344406128,102.15193176269531,8.949204444885254,0.8970947265625,0.013262671418488026,0.000801153661272232,2.7194719314575195,1.72041654586792,1.0
ISMN_SCAN_Ephraim,0,done,False,1,86.10700225830078,2583.2099609375,12.226758003234863,1.467041015625,0.012650948017835617,0.000801153661272232,2.377950429916382,5.455348968505859,1.0
ISMN_SCAN_Grantsville,0,done,False,1,38.38307189941406,1151.4921875,11.471335411071777,0.002197265625,0.012003354728221893,0.000801153661272232,2.168012857437134,0.005755384918302298,1.0
ISMN_SCAN_Holden,0,done,False,1,13.541117668151855,406.2335205078125,10.983109474182129,1.8216552734375,0.006900253240019083,0.0025636917160711424,2.4342899322509766,1.1977946758270264,1.0
ISMN_SCAN_LittleRedFox,0,done,False,5,11.786954879760742,353.608642578125,9.9848051071167,1.53955078125,0.016298167407512665,0.002403460983816696,2.6161162853240967,5.4959282875061035,1.0
ISMN_SCAN_Manderfield,0,done,False,4,23.385364532470703,701.5609130859375,10.509382247924805,9.666748046875,0.019135763868689537,0.0,2.2837562561035156,5.256012916564941,1.0
ISMN_SCAN_Milford,0,done,False,1,2.311967134475708,69.35901641845703,8.142229080200195,0.5885009765625,0.02017989009618759,0.024355071302675852,2.4066312313079834,0.7809781432151794,1.0
ISMN_SCAN_Morgan,0,done,False,675530,372000.34375,11160010.0,21.413787841796875,0.0,0.005594611167907715,0.0025636917160711424,3.718557357788086,29.36056900024414,1.0
ISMN_SCAN_MountainHome,0,done,False,14,11.785154342651367,353.55462646484375,10.009849548339844,95.4573974609375,0.015892697498202324,0.0001602307322544464,1.869570016860962,30.18182373046875,1.0
ISMN_SCAN_Nephi,0,done,False,2,169.0612030029297,5071.8359375,11.821024894714355,0.0,0.03725274279713631,0.0,1.1035693883895874,4.029455661773682,1.0
ISMN_SCAN_Panguitch,0,done,False,14,2733.494384765625,82004.828125,15.539422035217285,0.0,0.01462592463940382,0.0009613843935266784,2.5904364585876465,4.534465789794922,1.0
ISMN_SCAN_Price,0,done,False,12,10.804515838623047,324.1354675292969,9.242096900939941,5.31201171875,0.031390052288770676,0.0,1.8647396564483643,12.628058433532715,1.0
ISMN_SCAN_SplitMountain,0,done,False,1,1.902410626411438,57.07231903076172,8.400474548339844,3.213134765625,0.012826905585825443,0.0003204614645088928,2.1830286979675293,7.258339881896973,1.0
ISMN_SCAN_Vermillion,0,done,False,4,12.484359741210938,374.5307922363281,8.854693412780762,14.019287109375,0.05339861661195755,0.0,1.36512291431427,26.657691955566406,1.0
ISMN_SNOTEL_AguaCanyon,0,done,False,1,1.0712603330612183,32.13780975341797,7.762239456176758,165.578857421875,0.013673869892954826,0.0,1.3011295795440674,57.40415954589844,1.0
ISMN_SNOTEL_Atwater,0,done,False,12,18.62958335876465,558.8875122070312,7.696589469909668,62.617431640625,0.24868729710578918,0.0,1.9649736881256104,117.956298828125,1.0
ISMN_SNOTEL_BearRiverRS,0,done,False,2,149.28021240234375,4478.40625,11.580801010131836,0.0,0.04182078316807747,0.0001602307322544464,2.4780349731445312,35.952579498291016,1.0
ISMN_SNOTEL_BeaverDams,0,done,False,2,275.9065856933594,8277.197265625,11.610669136047363,0.0,0.07492382824420929,0.0,2.0157010555267334,64.73352813720703,1.0
ISMN_SNOTEL_BeaverDivide,0,done,False,4,15.528738975524902,465.8621826171875,8.600204467773438,13.22412109375,0.08554112911224365,0.0,1.391680359840393,51.62449645996094,1.0
ISMN_SNOTEL_BenLomondPeak,0,done,False,7,9.48365306854248,284.50958251953125,7.377585411071777,411.8221435546875,0.17600901424884796,0.0,1.4717581272125244,110.48247528076172,1.0
ISMN_SNOTEL_BenLomondTrail,0,done,False,601,290.8122863769531,8724.3681640625,10.687278747558594,0.0,0.19663429260253906,0.0,1.8663420677185059,43.98493957519531,1.0
ISMN_SNOTEL_BevansCabin,0,done,False,1,4.540273666381836,136.2082061767578,6.439467430114746,8.82763671875,0.2142212837934494,0.0,2.0533645153045654,63.65584945678711,1.0
ISMN_SNOTEL_BigFlat,0,done,False,1,1.8598558902740479,55.795677185058594,5.904040336608887,41.82861328125,0.15107294917106628,0.0,1.355920433998108,78.6245346069336,1.0
ISMN_SNOTEL_BlackFlat-U.M.Ck,0,done,False,2,1.7086918354034424,51.2607536315918,5.797271728515625,5.0078125,0.1543804407119751,0.0,2.4321811199188232,24.55781364440918,1.0
ISMN_SNOTEL_BlacksForkJct,0,done,False,6,27.176239013671875,815.2871704101562,8.672072410583496,15.595458984375,0.13876421749591827,0.0,2.694383382797241,15.864922523498535,1.0
ISMN_SNOTEL_BobsHollow,0,done,False,1,1.126579999923706,33.797401428222656,6.018923759460449,100.18896484375,0.08202052116394043,0.0,1.0937347412109375,87.08590698242188,1.0
ISMN_SNOTEL_BoxCreek,0,done,False,2,2.740647792816162,82.21943664550781,6.779052734375,177.55322265625,0.09324129670858383,0.0,1.3764950037002563,40.835899353027344,1.0
ISMN_SNOTEL_BoxSprings,0,done,False,15,46.1063232421875,1383.189697265625,9.738807678222656,5.6484375,0.0813601166009903,0.0,1.454969048500061,39.822696685791016,1.0
ISMN_SNOTEL_BrianHead,0,done,False,24,6.9489827156066895,208.469482421875,7.144685745239258,235.557373046875,0.16303209960460663,0.0,1.6697285175323486,63.27614212036133,1.0
ISMN_SNOTEL_Brighton,0,done,False,2,25.386945724487305,761.6083984375,7.897668838500977,13.251708984375,0.27580735087394714,0.0004806921967633392,2.009664297103882,58.87677764892578,1.0
ISMN_SNOTEL_BrownDuck,0,done,False,38,30.72149658203125,921.6448974609375,10.21414566040039,139.898681640625,0.03376379609107971,0.002723922448325589,1.4808907508850098,73.70027160644531,1.0
ISMN_SNOTEL_BuckFlat,0,done,False,16,223.8830108642578,6716.490234375,11.476911544799805,0.0,0.0695156678557396,0.0012818458580355712,1.9159555435180664,39.32240676879883,1.0
ISMN_SNOTEL_BuckPasture,0,done,False,4,27.130191802978516,813.90576171875,9.116783142089844,6.506591796875,0.08913605660200119,0.0001602307322544464,1.9807467460632324,49.49211883544922,1.0
ISMN_SNOTEL_BugLake,0,done,False,4,4.030524253845215,120.91572570800781,6.8400750160217285,25.70556640625,0.12866784632205963,0.0,1.3907060623168945,28.573530197143555,1.0
ISMN_SNOTEL_BurtsMillerRanch,0,done,False,57,67.51995086669922,2025.5985107421875,11.57004451751709,2.554931640625,0.01912907138466835,0.0006409229290177856,3.0876100063323975,5.654572010040283,1.0
ISMN_SNOTEL_CascadeMountain,0,done,False,4,7.920369625091553,237.611083984375,7.018282413482666,103.409423828125,0.2096226066350937,0.0,1.4946845769882202,115.10285949707031,1.0
ISMN_SNOTEL_CastleValley,0,done,False,141,148.57687377929688,4457.30615234375,11.84321403503418,0.0,0.032024431973695755,0.0,1.9968937635421753,15.954107284545898,1.0
ISMN_SNOTEL_ChalkCreek#1,0,done,False,4,45.082000732421875,1352.4599609375,9.10957145690918,1.958740234375,0.1484839767217636,0.0001602307322544464,1.7782264947891235,41.609519958496094,1.0
ISMN_SNOTEL_ChalkCreek#2,0,done,False,7,18.090513229370117,542.7153930664062,7.470280170440674,30.683349609375,0.29989585280418396,0.0,1.8885211944580078,46.05175018310547,1.0
ISMN_SNOTEL_Chepeta,0,done,False,1,6.401925563812256,192.05776977539062,8.14313793182373,35.473388671875,0.05577777326107025,0.0003204614645088928,1.7199947834014893,36.39181137084961,1.0
ISMN_SNOTEL_ClaytonSprings,0,done,False,5,6.347419738769531,190.42259216308594,8.452982902526855,6.949462890625,0.04058784991502762,0.0001602307322544464,1.6428570747375488,10.528563499450684,1.0
ISMN_SNOTEL_ClearCreek#1,0,done,False,3,16.692583084106445,500.7774963378906,8.606046676635742,6.976318359375,0.09138499200344086,0.0,1.143805742263794,39.56417465209961,1.0
ISMN_SNOTEL_ClearCreek#2,0,done,False,1010,582.7074584960938,17481.224609375,11.069990158081055,0.0,0.2657893896102905,0.0,1.4822880029678345,79.43883514404297,1.0
ISMN_SNOTEL_CurrantCreek,0,done,False,9,8.5113525390625,255.340576171875,7.3477606773376465,13.9501953125,0.16298894584178925,0.0,2.443340539932251,21.184783935546875,1.0
ISMN_SNOTEL_Daniels-Strawberry,0,done,False,1,7.9111480712890625,237.33444213867188,8.015402793884277,9.348876953125,0.07823985815048218,0.0,2.371709108352661,28.5690975189209,1.0
ISMN_SNOTEL_DillsCamp,0,done,False,1,13.759506225585938,412.7851867675781,8.021871566772461,18.17041015625,0.1346583217382431,0.0,1.8690897226333618,30.86070442199707,1.0
ISMN_SNOTEL_DonkeyReservoir,0,done,False,5,103.21745300292969,3096.523681640625,10.78996467590332,1.421630859375,0.063718281686306,0.0004806921967633392,2.0062320232391357,23.2470760345459,1.0
ISMN_SNOTEL_DryBreadPond,0,done,False,5,31.852834701538086,955.5850219726562,9.204429626464844,12.24658203125,0.09583057463169098,0.0,1.2251368761062622,37.47466278076172,1.0
ISMN_SNOTEL_DryFork,0,done,False,702,521.8897094726562,15656.69140625,10.986928939819336,0.0,0.258983850479126,0.0,1.3982607126235962,102.45814514160156,1.0
ISMN_SNOTEL_EFBlacksForkGS,0,done,False,2,2.832306385040283,84.96919250488281,6.564004898071289,24.875,0.11925721168518066,0.0,2.091299533843994,41.6097526550293,1.0
ISMN_SNOTEL_Farmington,0,done,False,417,85.40997314453125,2562.29931640625,9.71968936920166,24.29248046875,0.15276561677455902,0.0,1.5980000495910645,68.23070526123047,1.0
ISMN_SNOTEL_FarmingtonLower,0,done,False,12835,11636.8125,349104.375,15.523387908935547,0.0,0.0631909891963005,0.0,1.57186758518219,72.33226776123047,1.0
ISMN_SNOTEL_FarnsworthLake,0,done,False,1,11.354114532470703,340.6234436035156,7.423515319824219,46.370849609375,0.2006320059299469,0.0,1.555169939994812,44.686092376708984,1.0
ISMN_SNOTEL_FishLakeUtah,0,done,False,2,3.8675172328948975,116.02552032470703,6.416042327880859,9.7197265625,0.1874869167804718,0.0041659990386156065,2.388289451599121,18.2362003326416,1.0
ISMN_SNOTEL_FivePointsLake,0,done,False,5,16.811635971069336,504.3490905761719,8.273749351501465,10.43896484375,0.12796984612941742,0.001602307322544464,2.113664388656616,39.43231964111328,1.0
ISMN_SNOTEL_FranklinBasin,0,done,False,3,67.71886444091797,2031.56591796875,10.0051851272583,0.369140625,0.09149971604347229,0.0,1.7963612079620361,75.92037963867188,1.0
ISMN_SNOTEL_GBRCHQ,0,done,False,6,5.4091105461120605,162.2733154296875,7.269077301025391,8.039306640625,0.11258652806282043,0.0,1.5502212047576904,114.5658950805664,1.0
ISMN_SNOTEL_GBRCMeadows,0,done,False,1,450.3497314453125,13510.4921875,12.018661499023438,0.0,0.08129703998565674,0.0001602307322544464,1.607696533203125,39.17698669433594,1.0
ISMN_SNOTEL_GardenCitySummit,0,done,False,11,5.258591175079346,157.7577362060547,6.561562538146973,3.506103515625,0.21942730247974396,0.0,1.5644943714141846,42.09893798828125,1.0
ISMN_SNOTEL_GardnerPeak,0,done,False,3,4.256211280822754,127.68634033203125,5.9893479347229,21.080810546875,0.30960512161254883,0.0,1.5868455171585083,112.16830444335938,1.0
ISMN_SNOTEL_GooseberryRS,0,done,False,1,450.8833923339844,13526.501953125,13.048723220825195,0.0,0.029112152755260468,0.0,2.018115282058716,43.578269958496094,1.0
ISMN_SNOTEL_GooseberryRSUp,0,done,False,3479,586.3095703125,17589.287109375,11.697647094726562,0.0,0.14519698917865753,0.0,1.7016127109527588,53.856380462646484,1.0
ISMN_SNOTEL_GutzPeak,0,done,False,3,111.00288391113281,3330.08642578125,10.361729621887207,3.443603515625,0.10490982234477997,0.0,1.4642168283462524,42.62312698364258,1.0
ISMN_SNOTEL_Hardscrabble,0,done,False,31,13.816027641296387,414.4808349609375,7.205770492553711,49.173583984375,0.2984740138053894,0.0,1.589379072189331,64.0273666381836,1.0
ISMN_SNOTEL_HarrisFlat,0,done,False,2,14.174568176269531,425.237060546875,9.233832359313965,3.146240234375,0.04151253402233124,0.0,1.7488526105880737,18.50875473022461,1.0
ISMN_SNOTEL_HaydenFork,0,done,False,25,23.5115909576416,705.3477172851562,8.038671493530273,20.183837890625,0.22382771968841553,0.0,2.2023813724517822,62.121543884277344,1.0
ISMN_SNOTEL_Hewinta,0,done,False,2,33.885684967041016,1016.570556640625,8.843411445617676,18.5498046875,0.14568167924880981,0.0,1.6069996356964111,24.998926162719727,1.0
ISMN_SNOTEL_HickersonPark,0,done,False,18,26.301921844482422,789.0576782226562,9.657078742980957,12.83154296875,0.05043412372469902,0.0,1.7551732063293457,31.581966400146484,1.0
ISMN_SNOTEL_HobbleCreek,0,done,False,2,2.2289974689483643,66.86992645263672,5.901605606079102,34.89892578125,0.18089336156845093,0.0,1.227226734161377,47.47414779663086,1.0
ISMN_SNOTEL_Hole-in-Rock,0,done,False,2,3.46757435798645,104.02722930908203,6.381282329559326,12.38134765625,0.1743253618478775,0.0001602307322544464,2.333709478378296,38.741127014160156,1.0
ISMN_SNOTEL_HorseRidge,0,done,False,13,9.737488746643066,292.1246643066406,7.512772560119629,29.92578125,0.15818630158901215,0.0001602307322544464,1.2465192079544067,18.223352432250977,1.0
ISMN_SNOTEL_HuntingtonHorse,0,done,False,1,4.464715003967285,133.9414520263672,7.571930408477783,63.03466796875,0.06883048266172409,0.0,1.300795555114746,60.957977294921875,1.0
ISMN_SNOTEL_JonesCorral,0,done,False,10,8.208534240722656,246.2560272216797,7.185548782348633,8.888671875,0.1844082772731781,0.0,1.3034889698028564,85.5873794555664,1.0
ISMN_SNOTEL_KilfoilCreek,0,done,False,32,467.3582763671875,14020.748046875,10.873708724975586,0.0,0.259692907333374,0.0,1.2621372938156128,36.74877166748047,1.0
ISMN_SNOTEL_KimberlyMine,0,done,False,1553,602.1356811523438,18064.0703125,11.690494537353516,0.0,0.1501132845878601,0.0,1.6020481586456299,104.35702514648438,1.0
ISMN_SNOTEL_KingsCabin,0,done,False,3076,2180.12060546875,65403.6171875,13.82847785949707,0.0,0.06447148323059082,0.0,1.4293750524520874,43.878173828125,1.0
ISMN_SNOTEL_KlondikeNarrows,0,done,False,131,44.17428970336914,1325.2286376953125,10.31258773803711,27.841552734375,0.04398559778928757,0.0,2.149426221847534,73.58906555175781,1.0
ISMN_SNOTEL_Kolob,0,done,False,11,5.3188252449035645,159.56475830078125,7.641118049621582,18.4150390625,0.07648804783821106,0.0003204614645088928,1.7501232624053955,32.584312438964844,1.0
ISMN_SNOTEL_Lakefork#1,0,done,False,18,16.30425262451172,489.1275634765625,9.107272148132324,4.22802734375,0.05417003855109215,0.0,1.5932929515838623,36.14120101928711,1.0
ISMN_SNOTEL_LakeforkBasin,0,done,False,2,27.185670852661133,815.5701293945312,9.309134483337402,13.252685546875,0.07375086098909378,0.0,2.015486478805542,32.1640739440918,1.0
ISMN_SNOTEL_LightningRidge,0,done,False,2,4.782589435577393,143.47767639160156,7.360284805297852,39.6396484375,0.09100226312875748,0.0,1.351770043373108,40.25901412963867,1.0
ISMN_SNOTEL_LilyLake,0,done,False,1179,963.61474609375,28908.44140625,12.381016731262207,0.0,0.1207534447312355,0.0,1.8097352981567383,40.80418395996094,1.0
ISMN_SNOTEL_LittleBear,0,done,False,11,23.29736328125,698.9208984375,8.18285846710205,20.9423828125,0.19285297393798828,0.0,1.641323447227478,61.05144119262695,1.0
ISMN_SNOTEL_LittleGrassy,0,done,False,6,16.18769073486328,485.6307373046875,8.447243690490723,9.2557373046875,0.10378899425268173,0.0,1.6346029043197632,30.186044692993164,1.0
ISMN_SNOTEL_LonesomeBeaver,0,done,False,6,7.364904403686523,220.94712829589844,5.698531627655029,187.628173828125,0.63730788230896,0.0,1.364762306213379,96.23121643066406,1.0
ISMN_SNOTEL_LongFlat,0,done,False,2,4.9087982177734375,147.26394653320312,7.535322666168213,9.486572265625,0.07846120744943619,0.0,1.4538118839263916,51.69765090942383,1.0
ISMN_SNOTEL_LongValleyJct,0,done,False,2,1.7651166915893555,52.95349884033203,6.158875942230225,13.13818359375,0.11151248216629028,0.0001602307322544464,1.6582231521606445,17.682329177856445,1.0
ISMN_SNOTEL_LookoutPeak,0,done,False,1,2.0142791271209717,60.428375244140625,6.518542289733887,13.97314453125,0.08894602209329605,0.0,1.2466541528701782,91.23111724853516,1.0
ISMN_SNOTEL_LostCreekResv,0,done,False,199286,154290.0625,4628702.0,18.414031982421875,0.0,0.04656212031841278,0.0,1.9523628950119019,66.54167175292969,1.0
ISMN_SNOTEL_LouisMeadow,0,done,False,4,14.246342658996582,427.3902893066406,6.995762348175049,6.100341796875,0.37305721640586853,0.0,1.6832035779953003,113.1623764038086,1.0
ISMN_SNOTEL_Mammoth-Cottonwood,0,done,False,3,51.38469696044922,1541.5408935546875,9.69225788116455,4.488037109375,0.09491916745901108,0.0,1.294897437095642,26.893367767333984,1.0
ISMN_SNOTEL_MerchantValley,0,done,False,16,31.22784996032715,936.8355102539062,8.730244636535645,80.539794921875,0.15027262270450592,0.0,1.9876476526260376,52.19899368286133,1.0
ISMN_SNOTEL_MidwayValley,0,done,False,4,12.488409042358398,374.65228271484375,7.702284812927246,21.1171875,0.16767628490924835,0.0,2.022764205932617,63.201480865478516,1.0
ISMN_SNOTEL_Mill-DNorth,0,done,False,1,1.4565227031707764,43.695682525634766,5.424228191375732,175.024169921875,0.1903000771999359,0.0,1.498506784439087,90.56748962402344,1.0
ISMN_SNOTEL_MiningFork,0,done,False,38,18.84221839904785,565.2665405273438,7.710445880889893,81.913330078125,0.2480897754430771,0.0,1.6999117136001587,83.88741302490234,1.0
ISMN_SNOTEL_MonteCristo,0,done,False,1,2.015183687210083,60.455509185791016,6.256107807159424,75.260009765625,0.11547984927892685,0.0001602307322544464,1.1136029958724976,55.480751037597656,1.0
ISMN_SNOTEL_MosbyMtn.,0,done,False,7,65.20736694335938,1956.220947265625,10.013337135314941,13.740478515625,0.08741234242916107,0.0,1.2525988817214966,26.616186141967773,1.0
ISMN_SNOTEL_MtBaldy,0,done,False,8,19.957183837890625,598.7155151367188,8.238502502441406,17.36669921875,0.1569274365901947,0.0,1.6705186367034912,86.68094635009766,1.0
ISMN_SNOTEL_MtPennell,0,done,False,8,16.03885841369629,481.1657409667969,7.336811542510986,135.61962890625,0.30361196398735046,0.0,1.4028733968734741,95.5680923461914,1.0
ISMN_SNOTEL_OakCreek,0,done,False,3,11.31782341003418,339.5346984863281,6.915587902069092,206.464111328125,0.32494422793388367,0.0,1.4703818559646606,92.42964172363281,1.0
ISMN_SNOTEL_PanguitchLakeRS,0,done,False,4,8.015625953674316,240.46878051757812,7.987308502197266,27.109130859375,0.08151756972074509,0.25636917160711425,3.738131284713745,20.885601043701172,1.0
ISMN_SNOTEL_ParleysSummit,0,done,False,4,7.319420337677002,219.58261108398438,7.40658712387085,63.244873046875,0.13255734741687775,0.0,1.1150197982788086,64.9021224975586,1.0
ISMN_SNOTEL_ParleysUpper,0,done,False,9,10.323989868164062,309.7196960449219,7.036022186279297,9.873779296875,0.26598021388053894,0.0,1.2690237760543823,78.28886413574219,1.0
ISMN_SNOTEL_ParrishCreek,0,done,False,1,9.407179832458496,282.21539306640625,8.618886947631836,91.640625,0.05094129219651222,0.0,1.3716647624969482,86.60762023925781,1.0
ISMN_SNOTEL_PaysonR.S.,0,done,False,1,1.268035650253296,38.04106903076172,7.3207106590271,18.645751953125,0.025166144594550133,0.005287614164396731,1.4687138795852661,69.29682922363281,1.0
ISMN_SNOTEL_PickleKeg,0,done,False,7,8.69432258605957,260.8296813964844,7.028616428375244,55.794921875,0.22714711725711823,0.0,1.4133182764053345,46.867393493652344,1.0
ISMN_SNOTEL_PineCreek,0,done,False,1,11.330414772033691,339.9124450683594,7.136774063110352,17.78173828125,0.26402586698532104,0.0,1.3491160869598389,84.15221405029297,1.0
ISMN_SNOTEL_PowderMountain,0,done,False,1,9.379777908325195,281.3933410644531,7.15128755569458,86.12451171875,0.21709521114826202,0.0,1.135424017906189,71.5880355834961,1.0
ISMN_SNOTEL_ReddenMineLwr,0,done,False,1,2.9635009765625,88.905029296875,6.902447700500488,83.369140625,0.08914131671190262,0.0,1.5871318578720093,51.532196044921875,1.0
ISMN_SNOTEL_ReesFlat,0,done,False,11,28.777318954467773,863.319580078125,7.846821308135986,20.840576171875,0.32554230093955994,0.0,1.7735265493392944,38.923377990722656,1.0
ISMN_SNOTEL_RockCreek,0,done,False,1,10586.64453125,317599.34375,15.314776420593262,0.0,0.07079949229955673,0.0,2.4294323921203613,106.20997619628906,1.0
ISMN_SNOTEL_RockwoodGS,0,done,False,135,103.01094055175781,3090.328125,10.585453987121582,0.00048828125,0.07796847820281982,0.0,1.5117696523666382,77.49712371826172,1.0
ISMN_SNOTEL_RockyBasin-Settleme,0,done,False,1,6.3974928855896,191.92478942871094,7.211459159851074,2.783203125,0.1407194584608078,0.0,1.5474843978881836,131.44346618652344,1.0
ISMN_SNOTEL_SantaquinMeadows,0,done,False,3,13.413623809814453,402.4087219238281,7.162235260009766,15.433349609375,0.3024251163005829,0.0,1.4913933277130127,85.88968658447266,1.0
ISMN_SNOTEL_SeeleyCreek,0,done,False,3,9.601593017578125,288.04779052734375,9.930730819702148,6.43994140625,0.01401439867913723,0.0,1.5027759075164795,47.8718376159668,1.0
ISMN_SNOTEL_SmithMorehouse,0,done,False,9,23.068084716796875,692.0425415039062,7.896883010864258,42.544677734375,0.2519042193889618,0.0,2.2791662216186523,81.8342056274414,1.0
ISMN_SNOTEL_Snowbird,0,done,False,3,2.789154529571533,83.67463684082031,6.350039482116699,237.623046875,0.145125150680542,0.0,1.8514835834503174,121.54300689697266,1.0
ISMN_SNOTEL_SpiritLk,0,done,False,53,26.687938690185547,800.63818359375,8.990053176879883,8.05810546875,0.0994650274515152,0.0006409229290177856,1.8883508443832397,39.53290939331055,1.0
ISMN_SNOTEL_SteelCreekPark,0,done,False,5,24.72502899169922,741.7508544921875,8.336930274963379,36.861083984375,0.17581972479820251,0.0,1.4870058298110962,43.94010543823242,1.0
ISMN_SNOTEL_StrawberryDivide,0,done,False,1,4.9082183837890625,147.24655151367188,7.428574562072754,33.331298828125,0.08724737167358398,0.0,1.3671115636825562,31.08541488647461,1.0
ISMN_SNOTEL_SunflowerFlat,0,done,False,2,4.726245403289795,141.78736877441406,6.728431701660156,28.882080078125,0.1680358648300171,0.0003204614645088928,1.5426348447799683,53.334503173828125,1.0
ISMN_SNOTEL_SuuRanch,0,done,False,2,6.634256839752197,199.0277099609375,6.9982829093933105,13.127197265625,0.17983753979206085,0.0,1.8947819471359253,42.978145599365234,1.0
ISMN_SNOTEL_TempleFork,0,done,False,4,3.2302443981170654,96.90733337402344,6.187838554382324,101.07568359375,0.1965041309595108,0.0,1.3894122838974,52.21804428100586,1.0
ISMN_SNOTEL_ThaynesCanyon,0,done,False,2,1.9826977252960205,59.48093032836914,5.4998979568481445,235.984375,0.238483265042305,0.0,1.2949366569519043,77.83490753173828,1.0
ISMN_SNOTEL_ThistleFlat,0,done,False,3,24.633705139160156,739.0111694335938,8.982038497924805,110.023193359375,0.0925886482000351,0.0,1.830353021621704,63.891883850097656,1.0
ISMN_SNOTEL_Timberline,0,done,False,5,489.1095886230469,14673.2880859375,11.478239059448242,0.0,0.15075910091400146,0.0,1.4573804140090942,43.43613052368164,1.0
ISMN_SNOTEL_TimpanogosDivide,0,done,False,1,1.308411955833435,39.252357482910156,6.428465366363525,121.276611328125,0.06330499798059464,0.0,1.4062752723693848,69.57061767578125,1.0
ISMN_SNOTEL_TonyGroveLake,0,done,False,9,4.082052707672119,122.46157836914062,7.128868579864502,30.06884765625,0.09785482287406921,0.0038455375741067136,1.8560229539871216,41.83909606933594,1.0
ISMN_SNOTEL_TonyGroveRS,0,done,False,5,5181.88720703125,155456.609375,14.366429328918457,0.0,0.08936958014965057,0.0,2.5658583641052246,39.66468811035156,1.0
ISMN_SNOTEL_TrialLake,0,done,False,1,1.6036404371261597,48.109214782714844,7.037821292877197,51.52197265625,0.04221659153699875,0.025476686428456977,2.068206548690796,21.768930435180664,1.0
ISMN_SNOTEL_TroutCreek,0,done,False,1,1.1563360691070557,34.69008255004883,6.785789966583252,54.481689453125,0.039169855415821075,0.0001602307322544464,1.8514055013656616,19.44012451171875,1.0
ISMN_SNOTEL_UpperJoesValley,0,done,False,7,13.30064868927002,399.01947021484375,7.808632850646973,26.921630859375,0.16068941354751587,0.0,2.589754819869995,83.42636108398438,1.0
ISMN_SNOTEL_UsuDocDaniel,0,done,False,1,1.3107620477676392,39.32286071777344,6.409640312194824,32.418212890625,0.0646202564239502,0.0,1.1617659330368042,50.88080978393555,1.0
ISMN_SNOTEL_WebsterFlat,0,done,False,1,5.862475872039795,175.87428283691406,7.115114212036133,11.64794921875,0.1419762223958969,0.0001602307322544464,1.4368513822555542,47.62025833129883,1.0
ISMN_SNOTEL_WhiteRiver#1,0,done,False,1,9.980158805847168,299.4047546386719,8.918068885803223,12.69580078125,0.04008280113339424,0.0,1.2418954372406006,56.173831939697266,1.0
ISMN_SNOTEL_Widtsoe#3,0,done,False,70,36.509315490722656,1095.2794189453125,8.698898315429688,30.290771484375,0.18066740036010742,0.0,1.255410075187683,77.0483169555664,1.0
ISMN_SNOTEL_WilburBench,0,done,False,5,4.675595760345459,140.2678680419922,7.17489767074585,121.9521484375,0.10697413235902786,0.0,1.190824031829834,43.67454147338867,1.0
ISMN_SNOTEL_WolfCreekPeak,0,done,False,2,9.926212310791016,297.786376953125,7.518951892852783,37.364990234375,0.16022367775440216,0.0,1.4391802549362183,52.592288970947266,1.0
ISMN_SNOTEL_WrigleyCreek,0,done,False,6,3.6931257247924805,110.79376983642578,6.558259010314941,39.0205078125,0.1558699607849121,0.0,1.7588105201721191,37.51980209350586,1.0
ISMN_SNOTEL_YankeeReservoir,0,done,False,2,58.8201904296875,1764.605712890625,9.203362464904785,5.69091796875,0.1758604794740677,0.0006409229290177856,1.8350061178207397,50.867584228515625,1.0
